18:48:17 **** Incremental Build of configuration Debug for project stm_f303k8_ioc ****
make -j16 all 
arm-none-eabi-gcc "../Main_app/Src/MY_LIB/MY_driver_fan.c" -mcpu=cortex-m4 -std=gnu11 -g3 -DDEBUG -DUSE_HAL_DRIVER -DSTM32F303x8 -c -I"E:/Pulpit/PCB/Plytki_chlodzenia_SOFTWARE/Cooling_left/stm_f303k8_ioc/Main_app/Inc/EKO_LIB" -I"E:/Pulpit/PCB/Plytki_chlodzenia_SOFTWARE/Cooling_left/stm_f303k8_ioc/Main_app/Inc/MY_LIB" -I"E:/Pulpit/PCB/Plytki_chlodzenia_SOFTWARE/Cooling_left/stm_f303k8_ioc/Main_app/Src/EKO_LIB" -I"E:/Pulpit/PCB/Plytki_chlodzenia_SOFTWARE/Cooling_left/stm_f303k8_ioc/Main_app/Src/MY_LIB" -I../Core/Inc -I../Drivers/STM32F3xx_HAL_Driver/Inc -I../Drivers/STM32F3xx_HAL_Driver/Inc/Legacy -I../Drivers/CMSIS/Device/ST/STM32F3xx/Include -I../Drivers/CMSIS/Include -I"E:/Pulpit/PCB/Plytki_chlodzenia_SOFTWARE/Cooling_left/stm_f303k8_ioc/Main_app/Inc" -I"E:/Pulpit/PCB/Plytki_chlodzenia_SOFTWARE/Cooling_left/stm_f303k8_ioc/Main_app/Src" -O0 -ffunction-sections -fdata-sections -Wall -fstack-usage -fcyclomatic-complexity -MMD -MP -MF"Main_app/Src/MY_LIB/MY_driver_fan.d" -MT"Main_app/Src/MY_LIB/MY_driver_fan.o" --specs=nano.specs -mfpu=fpv4-sp-d16 -mfloat-abi=hard -mthumb -o "Main_app/Src/MY_LIB/MY_driver_fan.o"
arm-none-eabi-gcc "../Main_app/Src/MY_LIB/MY_driver_i2c.c" -mcpu=cortex-m4 -std=gnu11 -g3 -DDEBUG -DUSE_HAL_DRIVER -DSTM32F303x8 -c -I"E:/Pulpit/PCB/Plytki_chlodzenia_SOFTWARE/Cooling_left/stm_f303k8_ioc/Main_app/Inc/EKO_LIB" -I"E:/Pulpit/PCB/Plytki_chlodzenia_SOFTWARE/Cooling_left/stm_f303k8_ioc/Main_app/Inc/MY_LIB" -I"E:/Pulpit/PCB/Plytki_chlodzenia_SOFTWARE/Cooling_left/stm_f303k8_ioc/Main_app/Src/EKO_LIB" -I"E:/Pulpit/PCB/Plytki_chlodzenia_SOFTWARE/Cooling_left/stm_f303k8_ioc/Main_app/Src/MY_LIB" -I../Core/Inc -I../Drivers/STM32F3xx_HAL_Driver/Inc -I../Drivers/STM32F3xx_HAL_Driver/Inc/Legacy -I../Drivers/CMSIS/Device/ST/STM32F3xx/Include -I../Drivers/CMSIS/Include -I"E:/Pulpit/PCB/Plytki_chlodzenia_SOFTWARE/Cooling_left/stm_f303k8_ioc/Main_app/Inc" -I"E:/Pulpit/PCB/Plytki_chlodzenia_SOFTWARE/Cooling_left/stm_f303k8_ioc/Main_app/Src" -O0 -ffunction-sections -fdata-sections -Wall -fstack-usage -fcyclomatic-complexity -MMD -MP -MF"Main_app/Src/MY_LIB/MY_driver_i2c.d" -MT"Main_app/Src/MY_LIB/MY_driver_i2c.o" --specs=nano.specs -mfpu=fpv4-sp-d16 -mfloat-abi=hard -mthumb -o "Main_app/Src/MY_LIB/MY_driver_i2c.o"
arm-none-eabi-gcc "../Main_app/Src/MY_LIB/MY_driver_serwo.c" -mcpu=cortex-m4 -std=gnu11 -g3 -DDEBUG -DUSE_HAL_DRIVER -DSTM32F303x8 -c -I"E:/Pulpit/PCB/Plytki_chlodzenia_SOFTWARE/Cooling_left/stm_f303k8_ioc/Main_app/Inc/EKO_LIB" -I"E:/Pulpit/PCB/Plytki_chlodzenia_SOFTWARE/Cooling_left/stm_f303k8_ioc/Main_app/Inc/MY_LIB" -I"E:/Pulpit/PCB/Plytki_chlodzenia_SOFTWARE/Cooling_left/stm_f303k8_ioc/Main_app/Src/EKO_LIB" -I"E:/Pulpit/PCB/Plytki_chlodzenia_SOFTWARE/Cooling_left/stm_f303k8_ioc/Main_app/Src/MY_LIB" -I../Core/Inc -I../Drivers/STM32F3xx_HAL_Driver/Inc -I../Drivers/STM32F3xx_HAL_Driver/Inc/Legacy -I../Drivers/CMSIS/Device/ST/STM32F3xx/Include -I../Drivers/CMSIS/Include -I"E:/Pulpit/PCB/Plytki_chlodzenia_SOFTWARE/Cooling_left/stm_f303k8_ioc/Main_app/Inc" -I"E:/Pulpit/PCB/Plytki_chlodzenia_SOFTWARE/Cooling_left/stm_f303k8_ioc/Main_app/Src" -O0 -ffunction-sections -fdata-sections -Wall -fstack-usage -fcyclomatic-complexity -MMD -MP -MF"Main_app/Src/MY_LIB/MY_driver_serwo.d" -MT"Main_app/Src/MY_LIB/MY_driver_serwo.o" --specs=nano.specs -mfpu=fpv4-sp-d16 -mfloat-abi=hard -mthumb -o "Main_app/Src/MY_LIB/MY_driver_serwo.o"
arm-none-eabi-gcc "../Main_app/Src/cooler_left_app.c" -mcpu=cortex-m4 -std=gnu11 -g3 -DDEBUG -DUSE_HAL_DRIVER -DSTM32F303x8 -c -I"E:/Pulpit/PCB/Plytki_chlodzenia_SOFTWARE/Cooling_left/stm_f303k8_ioc/Main_app/Inc/EKO_LIB" -I"E:/Pulpit/PCB/Plytki_chlodzenia_SOFTWARE/Cooling_left/stm_f303k8_ioc/Main_app/Inc/MY_LIB" -I"E:/Pulpit/PCB/Plytki_chlodzenia_SOFTWARE/Cooling_left/stm_f303k8_ioc/Main_app/Src/EKO_LIB" -I"E:/Pulpit/PCB/Plytki_chlodzenia_SOFTWARE/Cooling_left/stm_f303k8_ioc/Main_app/Src/MY_LIB" -I../Core/Inc -I../Drivers/STM32F3xx_HAL_Driver/Inc -I../Drivers/STM32F3xx_HAL_Driver/Inc/Legacy -I../Drivers/CMSIS/Device/ST/STM32F3xx/Include -I../Drivers/CMSIS/Include -I"E:/Pulpit/PCB/Plytki_chlodzenia_SOFTWARE/Cooling_left/stm_f303k8_ioc/Main_app/Inc" -I"E:/Pulpit/PCB/Plytki_chlodzenia_SOFTWARE/Cooling_left/stm_f303k8_ioc/Main_app/Src" -O0 -ffunction-sections -fdata-sections -Wall -fstack-usage -fcyclomatic-complexity -MMD -MP -MF"Main_app/Src/cooler_left_app.d" -MT"Main_app/Src/cooler_left_app.o" --specs=nano.specs -mfpu=fpv4-sp-d16 -mfloat-abi=hard -mthumb -o "Main_app/Src/cooler_left_app.o"
arm-none-eabi-gcc "../Main_app/Src/cooler_test.c" -mcpu=cortex-m4 -std=gnu11 -g3 -DDEBUG -DUSE_HAL_DRIVER -DSTM32F303x8 -c -I"E:/Pulpit/PCB/Plytki_chlodzenia_SOFTWARE/Cooling_left/stm_f303k8_ioc/Main_app/Inc/EKO_LIB" -I"E:/Pulpit/PCB/Plytki_chlodzenia_SOFTWARE/Cooling_left/stm_f303k8_ioc/Main_app/Inc/MY_LIB" -I"E:/Pulpit/PCB/Plytki_chlodzenia_SOFTWARE/Cooling_left/stm_f303k8_ioc/Main_app/Src/EKO_LIB" -I"E:/Pulpit/PCB/Plytki_chlodzenia_SOFTWARE/Cooling_left/stm_f303k8_ioc/Main_app/Src/MY_LIB" -I../Core/Inc -I../Drivers/STM32F3xx_HAL_Driver/Inc -I../Drivers/STM32F3xx_HAL_Driver/Inc/Legacy -I../Drivers/CMSIS/Device/ST/STM32F3xx/Include -I../Drivers/CMSIS/Include -I"E:/Pulpit/PCB/Plytki_chlodzenia_SOFTWARE/Cooling_left/stm_f303k8_ioc/Main_app/Inc" -I"E:/Pulpit/PCB/Plytki_chlodzenia_SOFTWARE/Cooling_left/stm_f303k8_ioc/Main_app/Src" -O0 -ffunction-sections -fdata-sections -Wall -fstack-usage -fcyclomatic-complexity -MMD -MP -MF"Main_app/Src/cooler_test.d" -MT"Main_app/Src/cooler_test.o" --specs=nano.specs -mfpu=fpv4-sp-d16 -mfloat-abi=hard -mthumb -o "Main_app/Src/cooler_test.o"
arm-none-eabi-gcc "../Core/Src/main.c" -mcpu=cortex-m4 -std=gnu11 -g3 -DDEBUG -DUSE_HAL_DRIVER -DSTM32F303x8 -c -I"E:/Pulpit/PCB/Plytki_chlodzenia_SOFTWARE/Cooling_left/stm_f303k8_ioc/Main_app/Inc/EKO_LIB" -I"E:/Pulpit/PCB/Plytki_chlodzenia_SOFTWARE/Cooling_left/stm_f303k8_ioc/Main_app/Inc" -I"E:/Pulpit/PCB/Plytki_chlodzenia_SOFTWARE/Cooling_left/stm_f303k8_ioc/Main_app/Src" -I"E:/Pulpit/PCB/Plytki_chlodzenia_SOFTWARE/Cooling_left/stm_f303k8_ioc/Main_app/Inc/MY_LIB" -I"E:/Pulpit/PCB/Plytki_chlodzenia_SOFTWARE/Cooling_left/stm_f303k8_ioc/Main_app/Src/EKO_LIB" -I"E:/Pulpit/PCB/Plytki_chlodzenia_SOFTWARE/Cooling_left/stm_f303k8_ioc/Main_app/Src/MY_LIB" -I../Core/Inc -I../Drivers/STM32F3xx_HAL_Driver/Inc -I../Drivers/STM32F3xx_HAL_Driver/Inc/Legacy -I../Drivers/CMSIS/Device/ST/STM32F3xx/Include -I../Drivers/CMSIS/Include -O0 -ffunction-sections -fdata-sections -Wall -fstack-usage -fcyclomatic-complexity -MMD -MP -MF"Core/Src/main.d" -MT"Core/Src/main.o" --specs=nano.specs -mfpu=fpv4-sp-d16 -mfloat-abi=hard -mthumb -o "Core/Src/main.o"
../Main_app/Src/MY_LIB/MY_driver_i2c.c: In function 'AM2320_StateMachine':
../Main_app/Src/MY_LIB/MY_driver_i2c.c:153:5: warning: enumeration value 'AM2320_IDLE' not handled in switch [-Wswitch]
  153 |     switch (am2320State)
      |     ^~~~~~
../Main_app/Src/cooler_left_app.c: In function 'COOLER_app':
../Main_app/Src/cooler_left_app.c:117:27: warning: enumeration value 'CAN_FRAME_BMS_TEMP_1' not handled in switch [-Wswitch]
  117 |                           switch(msg.name)
      |                           ^~~~~~
../Main_app/Src/cooler_left_app.c:117:27: warning: enumeration value 'CAN_FRAME_BMS_TEMP_2' not handled in switch [-Wswitch]
../Main_app/Src/cooler_left_app.c:117:27: warning: enumeration value 'CAN_FRAME_BMS_TEMP_3' not handled in switch [-Wswitch]
../Main_app/Src/cooler_left_app.c:117:27: warning: enumeration value 'CAN_FRAME_BMS_TEMP_4' not handled in switch [-Wswitch]
../Main_app/Src/cooler_left_app.c:117:27: warning: enumeration value 'CAN_FRAME_BMS_TEMP_5' not handled in switch [-Wswitch]
../Main_app/Src/cooler_left_app.c:117:27: warning: enumeration value 'CAN_FRAME_BMS_TEMP_6' not handled in switch [-Wswitch]
../Main_app/Src/cooler_left_app.c:117:27: warning: enumeration value 'CAN_FRAME_BMS_TEMP_7' not handled in switch [-Wswitch]
../Main_app/Src/cooler_left_app.c:117:27: warning: enumeration value 'CAN_FRAME_BMS_TEMP_8' not handled in switch [-Wswitch]
../Main_app/Src/cooler_left_app.c:117:27: warning: enumeration value 'CAN_FRAME_BMS_TEMP_9' not handled in switch [-Wswitch]
../Main_app/Src/cooler_left_app.c:117:27: warning: enumeration value 'CAN_FRAME_SET_SERVOS_ENGINE' not handled in switch [-Wswitch]
../Main_app/Src/cooler_left_app.c:117:27: warning: enumeration value 'CAN_FRAME_SAFE_STATE' not handled in switch [-Wswitch]
../Main_app/Src/cooler_left_app.c:117:27: warning: enumeration value 'CAN_FRAME_BATTERY_SET_FAN' not handled in switch [-Wswitch]
../Main_app/Src/cooler_left_app.c:117:27: warning: enumeration value 'CAN_FRAME_UNKNOWN' not handled in switch [-Wswitch]
arm-none-eabi-gcc -o "stm_f303k8_ioc.elf" @"objects.list"   -mcpu=cortex-m4 -T"E:\Pulpit\PCB\Plytki_chlodzenia_SOFTWARE\Cooling_left\stm_f303k8_ioc\STM32F303K8TX_FLASH.ld" --specs=nosys.specs -Wl,-Map="stm_f303k8_ioc.map" -Wl,--gc-sections -static --specs=nano.specs -mfpu=fpv4-sp-d16 -mfloat-abi=hard -mthumb -Wl,--start-group -lc -lm -Wl,--end-group
Finished building target: stm_f303k8_ioc.elf
 
arm-none-eabi-size  stm_f303k8_ioc.elf 
arm-none-eabi-objdump -h -S stm_f303k8_ioc.elf  > "stm_f303k8_ioc.list"
   text	   data	    bss	    dec	    hex	filename
  34852	     12	   5064	  39928	   9bf8	stm_f303k8_ioc.elf
Finished building: default.size.stdout
 
Finished building: stm_f303k8_ioc.list
 
18:48:23 **** Incremental Build of configuration Debug for project stm_f303k8_ioc ****
make -j16 all 
arm-none-eabi-gcc "../Main_app/Src/MY_LIB/MY_driver_fan.c" -mcpu=cortex-m4 -std=gnu11 -g3 -DDEBUG -DUSE_HAL_DRIVER -DSTM32F303x8 -c -I"E:/Pulpit/PCB/Plytki_chlodzenia_SOFTWARE/Cooling_left/stm_f303k8_ioc/Main_app/Inc/EKO_LIB" -I"E:/Pulpit/PCB/Plytki_chlodzenia_SOFTWARE/Cooling_left/stm_f303k8_ioc/Main_app/Inc/MY_LIB" -I"E:/Pulpit/PCB/Plytki_chlodzenia_SOFTWARE/Cooling_left/stm_f303k8_ioc/Main_app/Src/EKO_LIB" -I"E:/Pulpit/PCB/Plytki_chlodzenia_SOFTWARE/Cooling_left/stm_f303k8_ioc/Main_app/Src/MY_LIB" -I../Core/Inc -I../Drivers/STM32F3xx_HAL_Driver/Inc -I../Drivers/STM32F3xx_HAL_Driver/Inc/Legacy -I../Drivers/CMSIS/Device/ST/STM32F3xx/Include -I../Drivers/CMSIS/Include -I"E:/Pulpit/PCB/Plytki_chlodzenia_SOFTWARE/Cooling_left/stm_f303k8_ioc/Main_app/Inc" -I"E:/Pulpit/PCB/Plytki_chlodzenia_SOFTWARE/Cooling_left/stm_f303k8_ioc/Main_app/Src" -O0 -ffunction-sections -fdata-sections -Wall -fstack-usage -fcyclomatic-complexity -MMD -MP -MF"Main_app/Src/MY_LIB/MY_driver_fan.d" -MT"Main_app/Src/MY_LIB/MY_driver_fan.o" --specs=nano.specs -mfpu=fpv4-sp-d16 -mfloat-abi=hard -mthumb -o "Main_app/Src/MY_LIB/MY_driver_fan.o"
arm-none-eabi-gcc "../Main_app/Src/MY_LIB/MY_driver_i2c.c" -mcpu=cortex-m4 -std=gnu11 -g3 -DDEBUG -DUSE_HAL_DRIVER -DSTM32F303x8 -c -I"E:/Pulpit/PCB/Plytki_chlodzenia_SOFTWARE/Cooling_left/stm_f303k8_ioc/Main_app/Inc/EKO_LIB" -I"E:/Pulpit/PCB/Plytki_chlodzenia_SOFTWARE/Cooling_left/stm_f303k8_ioc/Main_app/Inc/MY_LIB" -I"E:/Pulpit/PCB/Plytki_chlodzenia_SOFTWARE/Cooling_left/stm_f303k8_ioc/Main_app/Src/EKO_LIB" -I"E:/Pulpit/PCB/Plytki_chlodzenia_SOFTWARE/Cooling_left/stm_f303k8_ioc/Main_app/Src/MY_LIB" -I../Core/Inc -I../Drivers/STM32F3xx_HAL_Driver/Inc -I../Drivers/STM32F3xx_HAL_Driver/Inc/Legacy -I../Drivers/CMSIS/Device/ST/STM32F3xx/Include -I../Drivers/CMSIS/Include -I"E:/Pulpit/PCB/Plytki_chlodzenia_SOFTWARE/Cooling_left/stm_f303k8_ioc/Main_app/Inc" -I"E:/Pulpit/PCB/Plytki_chlodzenia_SOFTWARE/Cooling_left/stm_f303k8_ioc/Main_app/Src" -O0 -ffunction-sections -fdata-sections -Wall -fstack-usage -fcyclomatic-complexity -MMD -MP -MF"Main_app/Src/MY_LIB/MY_driver_i2c.d" -MT"Main_app/Src/MY_LIB/MY_driver_i2c.o" --specs=nano.specs -mfpu=fpv4-sp-d16 -mfloat-abi=hard -mthumb -o "Main_app/Src/MY_LIB/MY_driver_i2c.o"
arm-none-eabi-gcc "../Main_app/Src/MY_LIB/MY_driver_serwo.c" -mcpu=cortex-m4 -std=gnu11 -g3 -DDEBUG -DUSE_HAL_DRIVER -DSTM32F303x8 -c -I"E:/Pulpit/PCB/Plytki_chlodzenia_SOFTWARE/Cooling_left/stm_f303k8_ioc/Main_app/Inc/EKO_LIB" -I"E:/Pulpit/PCB/Plytki_chlodzenia_SOFTWARE/Cooling_left/stm_f303k8_ioc/Main_app/Inc/MY_LIB" -I"E:/Pulpit/PCB/Plytki_chlodzenia_SOFTWARE/Cooling_left/stm_f303k8_ioc/Main_app/Src/EKO_LIB" -I"E:/Pulpit/PCB/Plytki_chlodzenia_SOFTWARE/Cooling_left/stm_f303k8_ioc/Main_app/Src/MY_LIB" -I../Core/Inc -I../Drivers/STM32F3xx_HAL_Driver/Inc -I../Drivers/STM32F3xx_HAL_Driver/Inc/Legacy -I../Drivers/CMSIS/Device/ST/STM32F3xx/Include -I../Drivers/CMSIS/Include -I"E:/Pulpit/PCB/Plytki_chlodzenia_SOFTWARE/Cooling_left/stm_f303k8_ioc/Main_app/Inc" -I"E:/Pulpit/PCB/Plytki_chlodzenia_SOFTWARE/Cooling_left/stm_f303k8_ioc/Main_app/Src" -O0 -ffunction-sections -fdata-sections -Wall -fstack-usage -fcyclomatic-complexity -MMD -MP -MF"Main_app/Src/MY_LIB/MY_driver_serwo.d" -MT"Main_app/Src/MY_LIB/MY_driver_serwo.o" --specs=nano.specs -mfpu=fpv4-sp-d16 -mfloat-abi=hard -mthumb -o "Main_app/Src/MY_LIB/MY_driver_serwo.o"
arm-none-eabi-gcc "../Main_app/Src/cooler_left_app.c" -mcpu=cortex-m4 -std=gnu11 -g3 -DDEBUG -DUSE_HAL_DRIVER -DSTM32F303x8 -c -I"E:/Pulpit/PCB/Plytki_chlodzenia_SOFTWARE/Cooling_left/stm_f303k8_ioc/Main_app/Inc/EKO_LIB" -I"E:/Pulpit/PCB/Plytki_chlodzenia_SOFTWARE/Cooling_left/stm_f303k8_ioc/Main_app/Inc/MY_LIB" -I"E:/Pulpit/PCB/Plytki_chlodzenia_SOFTWARE/Cooling_left/stm_f303k8_ioc/Main_app/Src/EKO_LIB" -I"E:/Pulpit/PCB/Plytki_chlodzenia_SOFTWARE/Cooling_left/stm_f303k8_ioc/Main_app/Src/MY_LIB" -I../Core/Inc -I../Drivers/STM32F3xx_HAL_Driver/Inc -I../Drivers/STM32F3xx_HAL_Driver/Inc/Legacy -I../Drivers/CMSIS/Device/ST/STM32F3xx/Include -I../Drivers/CMSIS/Include -I"E:/Pulpit/PCB/Plytki_chlodzenia_SOFTWARE/Cooling_left/stm_f303k8_ioc/Main_app/Inc" -I"E:/Pulpit/PCB/Plytki_chlodzenia_SOFTWARE/Cooling_left/stm_f303k8_ioc/Main_app/Src" -O0 -ffunction-sections -fdata-sections -Wall -fstack-usage -fcyclomatic-complexity -MMD -MP -MF"Main_app/Src/cooler_left_app.d" -MT"Main_app/Src/cooler_left_app.o" --specs=nano.specs -mfpu=fpv4-sp-d16 -mfloat-abi=hard -mthumb -o "Main_app/Src/cooler_left_app.o"
arm-none-eabi-gcc "../Main_app/Src/cooler_test.c" -mcpu=cortex-m4 -std=gnu11 -g3 -DDEBUG -DUSE_HAL_DRIVER -DSTM32F303x8 -c -I"E:/Pulpit/PCB/Plytki_chlodzenia_SOFTWARE/Cooling_left/stm_f303k8_ioc/Main_app/Inc/EKO_LIB" -I"E:/Pulpit/PCB/Plytki_chlodzenia_SOFTWARE/Cooling_left/stm_f303k8_ioc/Main_app/Inc/MY_LIB" -I"E:/Pulpit/PCB/Plytki_chlodzenia_SOFTWARE/Cooling_left/stm_f303k8_ioc/Main_app/Src/EKO_LIB" -I"E:/Pulpit/PCB/Plytki_chlodzenia_SOFTWARE/Cooling_left/stm_f303k8_ioc/Main_app/Src/MY_LIB" -I../Core/Inc -I../Drivers/STM32F3xx_HAL_Driver/Inc -I../Drivers/STM32F3xx_HAL_Driver/Inc/Legacy -I../Drivers/CMSIS/Device/ST/STM32F3xx/Include -I../Drivers/CMSIS/Include -I"E:/Pulpit/PCB/Plytki_chlodzenia_SOFTWARE/Cooling_left/stm_f303k8_ioc/Main_app/Inc" -I"E:/Pulpit/PCB/Plytki_chlodzenia_SOFTWARE/Cooling_left/stm_f303k8_ioc/Main_app/Src" -O0 -ffunction-sections -fdata-sections -Wall -fstack-usage -fcyclomatic-complexity -MMD -MP -MF"Main_app/Src/cooler_test.d" -MT"Main_app/Src/cooler_test.o" --specs=nano.specs -mfpu=fpv4-sp-d16 -mfloat-abi=hard -mthumb -o "Main_app/Src/cooler_test.o"
arm-none-eabi-gcc "../Core/Src/main.c" -mcpu=cortex-m4 -std=gnu11 -g3 -DDEBUG -DUSE_HAL_DRIVER -DSTM32F303x8 -c -I"E:/Pulpit/PCB/Plytki_chlodzenia_SOFTWARE/Cooling_left/stm_f303k8_ioc/Main_app/Inc/EKO_LIB" -I"E:/Pulpit/PCB/Plytki_chlodzenia_SOFTWARE/Cooling_left/stm_f303k8_ioc/Main_app/Inc" -I"E:/Pulpit/PCB/Plytki_chlodzenia_SOFTWARE/Cooling_left/stm_f303k8_ioc/Main_app/Src" -I"E:/Pulpit/PCB/Plytki_chlodzenia_SOFTWARE/Cooling_left/stm_f303k8_ioc/Main_app/Inc/MY_LIB" -I"E:/Pulpit/PCB/Plytki_chlodzenia_SOFTWARE/Cooling_left/stm_f303k8_ioc/Main_app/Src/EKO_LIB" -I"E:/Pulpit/PCB/Plytki_chlodzenia_SOFTWARE/Cooling_left/stm_f303k8_ioc/Main_app/Src/MY_LIB" -I../Core/Inc -I../Drivers/STM32F3xx_HAL_Driver/Inc -I../Drivers/STM32F3xx_HAL_Driver/Inc/Legacy -I../Drivers/CMSIS/Device/ST/STM32F3xx/Include -I../Drivers/CMSIS/Include -O0 -ffunction-sections -fdata-sections -Wall -fstack-usage -fcyclomatic-complexity -MMD -MP -MF"Core/Src/main.d" -MT"Core/Src/main.o" --specs=nano.specs -mfpu=fpv4-sp-d16 -mfloat-abi=hard -mthumb -o "Core/Src/main.o"
../Main_app/Src/MY_LIB/MY_driver_i2c.c: In function 'AM2320_StateMachine':
../Main_app/Src/MY_LIB/MY_driver_i2c.c:153:5: warning: enumeration value 'AM2320_IDLE' not handled in switch [-Wswitch]
  153 |     switch (am2320State)
      |     ^~~~~~
../Main_app/Src/cooler_left_app.c: In function 'COOLER_app':
../Main_app/Src/cooler_left_app.c:117:27: warning: enumeration value 'CAN_FRAME_BMS_TEMP_1' not handled in switch [-Wswitch]
  117 |                           switch(msg.name)
      |                           ^~~~~~
../Main_app/Src/cooler_left_app.c:117:27: warning: enumeration value 'CAN_FRAME_BMS_TEMP_2' not handled in switch [-Wswitch]
../Main_app/Src/cooler_left_app.c:117:27: warning: enumeration value 'CAN_FRAME_BMS_TEMP_3' not handled in switch [-Wswitch]
../Main_app/Src/cooler_left_app.c:117:27: warning: enumeration value 'CAN_FRAME_BMS_TEMP_4' not handled in switch [-Wswitch]
../Main_app/Src/cooler_left_app.c:117:27: warning: enumeration value 'CAN_FRAME_BMS_TEMP_5' not handled in switch [-Wswitch]
../Main_app/Src/cooler_left_app.c:117:27: warning: enumeration value 'CAN_FRAME_BMS_TEMP_6' not handled in switch [-Wswitch]
../Main_app/Src/cooler_left_app.c:117:27: warning: enumeration value 'CAN_FRAME_BMS_TEMP_7' not handled in switch [-Wswitch]
../Main_app/Src/cooler_left_app.c:117:27: warning: enumeration value 'CAN_FRAME_BMS_TEMP_8' not handled in switch [-Wswitch]
../Main_app/Src/cooler_left_app.c:117:27: warning: enumeration value 'CAN_FRAME_BMS_TEMP_9' not handled in switch [-Wswitch]
../Main_app/Src/cooler_left_app.c:117:27: warning: enumeration value 'CAN_FRAME_SET_SERVOS_ENGINE' not handled in switch [-Wswitch]
../Main_app/Src/cooler_left_app.c:117:27: warning: enumeration value 'CAN_FRAME_SAFE_STATE' not handled in switch [-Wswitch]
../Main_app/Src/cooler_left_app.c:117:27: warning: enumeration value 'CAN_FRAME_BATTERY_SET_FAN' not handled in switch [-Wswitch]
../Main_app/Src/cooler_left_app.c:117:27: warning: enumeration value 'CAN_FRAME_UNKNOWN' not handled in switch [-Wswitch]
arm-none-eabi-gcc -o "stm_f303k8_ioc.elf" @"objects.list"   -mcpu=cortex-m4 -T"E:\Pulpit\PCB\Plytki_chlodzenia_SOFTWARE\Cooling_left\stm_f303k8_ioc\STM32F303K8TX_FLASH.ld" --specs=nosys.specs -Wl,-Map="stm_f303k8_ioc.map" -Wl,--gc-sections -static --specs=nano.specs -mfpu=fpv4-sp-d16 -mfloat-abi=hard -mthumb -Wl,--start-group -lc -lm -Wl,--end-group
Finished building target: stm_f303k8_ioc.elf
 
arm-none-eabi-size  stm_f303k8_ioc.elf 
arm-none-eabi-objdump -h -S stm_f303k8_ioc.elf  > "stm_f303k8_ioc.list"
   text	   data	    bss	    dec	    hex	filename
  34852	     12	   5064	  39928	   9bf8	stm_f303k8_ioc.elf
Finished building: default.size.stdout
 
Finished building: stm_f303k8_ioc.list
 
18:49:21 **** Incremental Build of configuration Debug for project stm_f303k8_ioc ****
make -j16 all 
arm-none-eabi-gcc "../Main_app/Src/MY_LIB/MY_driver_fan.c" -mcpu=cortex-m4 -std=gnu11 -g3 -DDEBUG -DUSE_HAL_DRIVER -DSTM32F303x8 -c -I"E:/Pulpit/PCB/Plytki_chlodzenia_SOFTWARE/Cooling_left/stm_f303k8_ioc/Main_app/Inc/EKO_LIB" -I"E:/Pulpit/PCB/Plytki_chlodzenia_SOFTWARE/Cooling_left/stm_f303k8_ioc/Main_app/Inc/MY_LIB" -I"E:/Pulpit/PCB/Plytki_chlodzenia_SOFTWARE/Cooling_left/stm_f303k8_ioc/Main_app/Src/EKO_LIB" -I"E:/Pulpit/PCB/Plytki_chlodzenia_SOFTWARE/Cooling_left/stm_f303k8_ioc/Main_app/Src/MY_LIB" -I../Core/Inc -I../Drivers/STM32F3xx_HAL_Driver/Inc -I../Drivers/STM32F3xx_HAL_Driver/Inc/Legacy -I../Drivers/CMSIS/Device/ST/STM32F3xx/Include -I../Drivers/CMSIS/Include -I"E:/Pulpit/PCB/Plytki_chlodzenia_SOFTWARE/Cooling_left/stm_f303k8_ioc/Main_app/Inc" -I"E:/Pulpit/PCB/Plytki_chlodzenia_SOFTWARE/Cooling_left/stm_f303k8_ioc/Main_app/Src" -O0 -ffunction-sections -fdata-sections -Wall -fstack-usage -fcyclomatic-complexity -MMD -MP -MF"Main_app/Src/MY_LIB/MY_driver_fan.d" -MT"Main_app/Src/MY_LIB/MY_driver_fan.o" --specs=nano.specs -mfpu=fpv4-sp-d16 -mfloat-abi=hard -mthumb -o "Main_app/Src/MY_LIB/MY_driver_fan.o"
arm-none-eabi-gcc "../Main_app/Src/MY_LIB/MY_driver_i2c.c" -mcpu=cortex-m4 -std=gnu11 -g3 -DDEBUG -DUSE_HAL_DRIVER -DSTM32F303x8 -c -I"E:/Pulpit/PCB/Plytki_chlodzenia_SOFTWARE/Cooling_left/stm_f303k8_ioc/Main_app/Inc/EKO_LIB" -I"E:/Pulpit/PCB/Plytki_chlodzenia_SOFTWARE/Cooling_left/stm_f303k8_ioc/Main_app/Inc/MY_LIB" -I"E:/Pulpit/PCB/Plytki_chlodzenia_SOFTWARE/Cooling_left/stm_f303k8_ioc/Main_app/Src/EKO_LIB" -I"E:/Pulpit/PCB/Plytki_chlodzenia_SOFTWARE/Cooling_left/stm_f303k8_ioc/Main_app/Src/MY_LIB" -I../Core/Inc -I../Drivers/STM32F3xx_HAL_Driver/Inc -I../Drivers/STM32F3xx_HAL_Driver/Inc/Legacy -I../Drivers/CMSIS/Device/ST/STM32F3xx/Include -I../Drivers/CMSIS/Include -I"E:/Pulpit/PCB/Plytki_chlodzenia_SOFTWARE/Cooling_left/stm_f303k8_ioc/Main_app/Inc" -I"E:/Pulpit/PCB/Plytki_chlodzenia_SOFTWARE/Cooling_left/stm_f303k8_ioc/Main_app/Src" -O0 -ffunction-sections -fdata-sections -Wall -fstack-usage -fcyclomatic-complexity -MMD -MP -MF"Main_app/Src/MY_LIB/MY_driver_i2c.d" -MT"Main_app/Src/MY_LIB/MY_driver_i2c.o" --specs=nano.specs -mfpu=fpv4-sp-d16 -mfloat-abi=hard -mthumb -o "Main_app/Src/MY_LIB/MY_driver_i2c.o"
arm-none-eabi-gcc "../Main_app/Src/MY_LIB/MY_driver_serwo.c" -mcpu=cortex-m4 -std=gnu11 -g3 -DDEBUG -DUSE_HAL_DRIVER -DSTM32F303x8 -c -I"E:/Pulpit/PCB/Plytki_chlodzenia_SOFTWARE/Cooling_left/stm_f303k8_ioc/Main_app/Inc/EKO_LIB" -I"E:/Pulpit/PCB/Plytki_chlodzenia_SOFTWARE/Cooling_left/stm_f303k8_ioc/Main_app/Inc/MY_LIB" -I"E:/Pulpit/PCB/Plytki_chlodzenia_SOFTWARE/Cooling_left/stm_f303k8_ioc/Main_app/Src/EKO_LIB" -I"E:/Pulpit/PCB/Plytki_chlodzenia_SOFTWARE/Cooling_left/stm_f303k8_ioc/Main_app/Src/MY_LIB" -I../Core/Inc -I../Drivers/STM32F3xx_HAL_Driver/Inc -I../Drivers/STM32F3xx_HAL_Driver/Inc/Legacy -I../Drivers/CMSIS/Device/ST/STM32F3xx/Include -I../Drivers/CMSIS/Include -I"E:/Pulpit/PCB/Plytki_chlodzenia_SOFTWARE/Cooling_left/stm_f303k8_ioc/Main_app/Inc" -I"E:/Pulpit/PCB/Plytki_chlodzenia_SOFTWARE/Cooling_left/stm_f303k8_ioc/Main_app/Src" -O0 -ffunction-sections -fdata-sections -Wall -fstack-usage -fcyclomatic-complexity -MMD -MP -MF"Main_app/Src/MY_LIB/MY_driver_serwo.d" -MT"Main_app/Src/MY_LIB/MY_driver_serwo.o" --specs=nano.specs -mfpu=fpv4-sp-d16 -mfloat-abi=hard -mthumb -o "Main_app/Src/MY_LIB/MY_driver_serwo.o"
arm-none-eabi-gcc "../Main_app/Src/cooler_left_app.c" -mcpu=cortex-m4 -std=gnu11 -g3 -DDEBUG -DUSE_HAL_DRIVER -DSTM32F303x8 -c -I"E:/Pulpit/PCB/Plytki_chlodzenia_SOFTWARE/Cooling_left/stm_f303k8_ioc/Main_app/Inc/EKO_LIB" -I"E:/Pulpit/PCB/Plytki_chlodzenia_SOFTWARE/Cooling_left/stm_f303k8_ioc/Main_app/Inc/MY_LIB" -I"E:/Pulpit/PCB/Plytki_chlodzenia_SOFTWARE/Cooling_left/stm_f303k8_ioc/Main_app/Src/EKO_LIB" -I"E:/Pulpit/PCB/Plytki_chlodzenia_SOFTWARE/Cooling_left/stm_f303k8_ioc/Main_app/Src/MY_LIB" -I../Core/Inc -I../Drivers/STM32F3xx_HAL_Driver/Inc -I../Drivers/STM32F3xx_HAL_Driver/Inc/Legacy -I../Drivers/CMSIS/Device/ST/STM32F3xx/Include -I../Drivers/CMSIS/Include -I"E:/Pulpit/PCB/Plytki_chlodzenia_SOFTWARE/Cooling_left/stm_f303k8_ioc/Main_app/Inc" -I"E:/Pulpit/PCB/Plytki_chlodzenia_SOFTWARE/Cooling_left/stm_f303k8_ioc/Main_app/Src" -O0 -ffunction-sections -fdata-sections -Wall -fstack-usage -fcyclomatic-complexity -MMD -MP -MF"Main_app/Src/cooler_left_app.d" -MT"Main_app/Src/cooler_left_app.o" --specs=nano.specs -mfpu=fpv4-sp-d16 -mfloat-abi=hard -mthumb -o "Main_app/Src/cooler_left_app.o"
arm-none-eabi-gcc "../Main_app/Src/cooler_test.c" -mcpu=cortex-m4 -std=gnu11 -g3 -DDEBUG -DUSE_HAL_DRIVER -DSTM32F303x8 -c -I"E:/Pulpit/PCB/Plytki_chlodzenia_SOFTWARE/Cooling_left/stm_f303k8_ioc/Main_app/Inc/EKO_LIB" -I"E:/Pulpit/PCB/Plytki_chlodzenia_SOFTWARE/Cooling_left/stm_f303k8_ioc/Main_app/Inc/MY_LIB" -I"E:/Pulpit/PCB/Plytki_chlodzenia_SOFTWARE/Cooling_left/stm_f303k8_ioc/Main_app/Src/EKO_LIB" -I"E:/Pulpit/PCB/Plytki_chlodzenia_SOFTWARE/Cooling_left/stm_f303k8_ioc/Main_app/Src/MY_LIB" -I../Core/Inc -I../Drivers/STM32F3xx_HAL_Driver/Inc -I../Drivers/STM32F3xx_HAL_Driver/Inc/Legacy -I../Drivers/CMSIS/Device/ST/STM32F3xx/Include -I../Drivers/CMSIS/Include -I"E:/Pulpit/PCB/Plytki_chlodzenia_SOFTWARE/Cooling_left/stm_f303k8_ioc/Main_app/Inc" -I"E:/Pulpit/PCB/Plytki_chlodzenia_SOFTWARE/Cooling_left/stm_f303k8_ioc/Main_app/Src" -O0 -ffunction-sections -fdata-sections -Wall -fstack-usage -fcyclomatic-complexity -MMD -MP -MF"Main_app/Src/cooler_test.d" -MT"Main_app/Src/cooler_test.o" --specs=nano.specs -mfpu=fpv4-sp-d16 -mfloat-abi=hard -mthumb -o "Main_app/Src/cooler_test.o"
arm-none-eabi-gcc "../Core/Src/main.c" -mcpu=cortex-m4 -std=gnu11 -g3 -DDEBUG -DUSE_HAL_DRIVER -DSTM32F303x8 -c -I"E:/Pulpit/PCB/Plytki_chlodzenia_SOFTWARE/Cooling_left/stm_f303k8_ioc/Main_app/Inc/EKO_LIB" -I"E:/Pulpit/PCB/Plytki_chlodzenia_SOFTWARE/Cooling_left/stm_f303k8_ioc/Main_app/Inc" -I"E:/Pulpit/PCB/Plytki_chlodzenia_SOFTWARE/Cooling_left/stm_f303k8_ioc/Main_app/Src" -I"E:/Pulpit/PCB/Plytki_chlodzenia_SOFTWARE/Cooling_left/stm_f303k8_ioc/Main_app/Inc/MY_LIB" -I"E:/Pulpit/PCB/Plytki_chlodzenia_SOFTWARE/Cooling_left/stm_f303k8_ioc/Main_app/Src/EKO_LIB" -I"E:/Pulpit/PCB/Plytki_chlodzenia_SOFTWARE/Cooling_left/stm_f303k8_ioc/Main_app/Src/MY_LIB" -I../Core/Inc -I../Drivers/STM32F3xx_HAL_Driver/Inc -I../Drivers/STM32F3xx_HAL_Driver/Inc/Legacy -I../Drivers/CMSIS/Device/ST/STM32F3xx/Include -I../Drivers/CMSIS/Include -O0 -ffunction-sections -fdata-sections -Wall -fstack-usage -fcyclomatic-complexity -MMD -MP -MF"Core/Src/main.d" -MT"Core/Src/main.o" --specs=nano.specs -mfpu=fpv4-sp-d16 -mfloat-abi=hard -mthumb -o "Core/Src/main.o"
../Main_app/Src/MY_LIB/MY_driver_i2c.c: In function 'AM2320_StateMachine':
../Main_app/Src/MY_LIB/MY_driver_i2c.c:153:5: warning: enumeration value 'AM2320_IDLE' not handled in switch [-Wswitch]
  153 |     switch (am2320State)
      |     ^~~~~~
../Main_app/Src/cooler_left_app.c: In function 'COOLER_app':
../Main_app/Src/cooler_left_app.c:117:27: warning: enumeration value 'CAN_FRAME_BMS_TEMP_1' not handled in switch [-Wswitch]
  117 |                           switch(msg.name)
      |                           ^~~~~~
../Main_app/Src/cooler_left_app.c:117:27: warning: enumeration value 'CAN_FRAME_BMS_TEMP_2' not handled in switch [-Wswitch]
../Main_app/Src/cooler_left_app.c:117:27: warning: enumeration value 'CAN_FRAME_BMS_TEMP_3' not handled in switch [-Wswitch]
../Main_app/Src/cooler_left_app.c:117:27: warning: enumeration value 'CAN_FRAME_BMS_TEMP_4' not handled in switch [-Wswitch]
../Main_app/Src/cooler_left_app.c:117:27: warning: enumeration value 'CAN_FRAME_BMS_TEMP_5' not handled in switch [-Wswitch]
../Main_app/Src/cooler_left_app.c:117:27: warning: enumeration value 'CAN_FRAME_BMS_TEMP_6' not handled in switch [-Wswitch]
../Main_app/Src/cooler_left_app.c:117:27: warning: enumeration value 'CAN_FRAME_BMS_TEMP_7' not handled in switch [-Wswitch]
../Main_app/Src/cooler_left_app.c:117:27: warning: enumeration value 'CAN_FRAME_BMS_TEMP_8' not handled in switch [-Wswitch]
../Main_app/Src/cooler_left_app.c:117:27: warning: enumeration value 'CAN_FRAME_BMS_TEMP_9' not handled in switch [-Wswitch]
../Main_app/Src/cooler_left_app.c:117:27: warning: enumeration value 'CAN_FRAME_SET_SERVOS_ENGINE' not handled in switch [-Wswitch]
../Main_app/Src/cooler_left_app.c:117:27: warning: enumeration value 'CAN_FRAME_SAFE_STATE' not handled in switch [-Wswitch]
../Main_app/Src/cooler_left_app.c:117:27: warning: enumeration value 'CAN_FRAME_BATTERY_SET_FAN' not handled in switch [-Wswitch]
../Main_app/Src/cooler_left_app.c:117:27: warning: enumeration value 'CAN_FRAME_UNKNOWN' not handled in switch [-Wswitch]
arm-none-eabi-gcc -o "stm_f303k8_ioc.elf" @"objects.list"   -mcpu=cortex-m4 -T"E:\Pulpit\PCB\Plytki_chlodzenia_SOFTWARE\Cooling_left\stm_f303k8_ioc\STM32F303K8TX_FLASH.ld" --specs=nosys.specs -Wl,-Map="stm_f303k8_ioc.map" -Wl,--gc-sections -static --specs=nano.specs -mfpu=fpv4-sp-d16 -mfloat-abi=hard -mthumb -Wl,--start-group -lc -lm -Wl,--end-group
Finished building target: stm_f303k8_ioc.elf
 
arm-none-eabi-size  stm_f303k8_ioc.elf 
arm-none-eabi-objdump -h -S stm_f303k8_ioc.elf  > "stm_f303k8_ioc.list"
   text	   data	    bss	    dec	    hex	filename
  34852	     12	   5064	  39928	   9bf8	stm_f303k8_ioc.elf
Finished building: default.size.stdout
 
Finished building: stm_f303k8_ioc.list
 
18:54:53 **** Incremental Build of configuration Debug for project stm_f303k8_ioc ****
make -j16 all 
arm-none-eabi-gcc "../Main_app/Src/MY_LIB/MY_driver_fan.c" -mcpu=cortex-m4 -std=gnu11 -g3 -DDEBUG -DUSE_HAL_DRIVER -DSTM32F303x8 -c -I"E:/Pulpit/PCB/Plytki_chlodzenia_SOFTWARE/Cooling_left/stm_f303k8_ioc/Main_app/Inc/EKO_LIB" -I"E:/Pulpit/PCB/Plytki_chlodzenia_SOFTWARE/Cooling_left/stm_f303k8_ioc/Main_app/Inc/MY_LIB" -I"E:/Pulpit/PCB/Plytki_chlodzenia_SOFTWARE/Cooling_left/stm_f303k8_ioc/Main_app/Src/EKO_LIB" -I"E:/Pulpit/PCB/Plytki_chlodzenia_SOFTWARE/Cooling_left/stm_f303k8_ioc/Main_app/Src/MY_LIB" -I../Core/Inc -I../Drivers/STM32F3xx_HAL_Driver/Inc -I../Drivers/STM32F3xx_HAL_Driver/Inc/Legacy -I../Drivers/CMSIS/Device/ST/STM32F3xx/Include -I../Drivers/CMSIS/Include -I"E:/Pulpit/PCB/Plytki_chlodzenia_SOFTWARE/Cooling_left/stm_f303k8_ioc/Main_app/Inc" -I"E:/Pulpit/PCB/Plytki_chlodzenia_SOFTWARE/Cooling_left/stm_f303k8_ioc/Main_app/Src" -O0 -ffunction-sections -fdata-sections -Wall -fstack-usage -fcyclomatic-complexity -MMD -MP -MF"Main_app/Src/MY_LIB/MY_driver_fan.d" -MT"Main_app/Src/MY_LIB/MY_driver_fan.o" --specs=nano.specs -mfpu=fpv4-sp-d16 -mfloat-abi=hard -mthumb -o "Main_app/Src/MY_LIB/MY_driver_fan.o"
arm-none-eabi-gcc "../Main_app/Src/MY_LIB/MY_driver_i2c.c" -mcpu=cortex-m4 -std=gnu11 -g3 -DDEBUG -DUSE_HAL_DRIVER -DSTM32F303x8 -c -I"E:/Pulpit/PCB/Plytki_chlodzenia_SOFTWARE/Cooling_left/stm_f303k8_ioc/Main_app/Inc/EKO_LIB" -I"E:/Pulpit/PCB/Plytki_chlodzenia_SOFTWARE/Cooling_left/stm_f303k8_ioc/Main_app/Inc/MY_LIB" -I"E:/Pulpit/PCB/Plytki_chlodzenia_SOFTWARE/Cooling_left/stm_f303k8_ioc/Main_app/Src/EKO_LIB" -I"E:/Pulpit/PCB/Plytki_chlodzenia_SOFTWARE/Cooling_left/stm_f303k8_ioc/Main_app/Src/MY_LIB" -I../Core/Inc -I../Drivers/STM32F3xx_HAL_Driver/Inc -I../Drivers/STM32F3xx_HAL_Driver/Inc/Legacy -I../Drivers/CMSIS/Device/ST/STM32F3xx/Include -I../Drivers/CMSIS/Include -I"E:/Pulpit/PCB/Plytki_chlodzenia_SOFTWARE/Cooling_left/stm_f303k8_ioc/Main_app/Inc" -I"E:/Pulpit/PCB/Plytki_chlodzenia_SOFTWARE/Cooling_left/stm_f303k8_ioc/Main_app/Src" -O0 -ffunction-sections -fdata-sections -Wall -fstack-usage -fcyclomatic-complexity -MMD -MP -MF"Main_app/Src/MY_LIB/MY_driver_i2c.d" -MT"Main_app/Src/MY_LIB/MY_driver_i2c.o" --specs=nano.specs -mfpu=fpv4-sp-d16 -mfloat-abi=hard -mthumb -o "Main_app/Src/MY_LIB/MY_driver_i2c.o"
arm-none-eabi-gcc "../Main_app/Src/MY_LIB/MY_driver_serwo.c" -mcpu=cortex-m4 -std=gnu11 -g3 -DDEBUG -DUSE_HAL_DRIVER -DSTM32F303x8 -c -I"E:/Pulpit/PCB/Plytki_chlodzenia_SOFTWARE/Cooling_left/stm_f303k8_ioc/Main_app/Inc/EKO_LIB" -I"E:/Pulpit/PCB/Plytki_chlodzenia_SOFTWARE/Cooling_left/stm_f303k8_ioc/Main_app/Inc/MY_LIB" -I"E:/Pulpit/PCB/Plytki_chlodzenia_SOFTWARE/Cooling_left/stm_f303k8_ioc/Main_app/Src/EKO_LIB" -I"E:/Pulpit/PCB/Plytki_chlodzenia_SOFTWARE/Cooling_left/stm_f303k8_ioc/Main_app/Src/MY_LIB" -I../Core/Inc -I../Drivers/STM32F3xx_HAL_Driver/Inc -I../Drivers/STM32F3xx_HAL_Driver/Inc/Legacy -I../Drivers/CMSIS/Device/ST/STM32F3xx/Include -I../Drivers/CMSIS/Include -I"E:/Pulpit/PCB/Plytki_chlodzenia_SOFTWARE/Cooling_left/stm_f303k8_ioc/Main_app/Inc" -I"E:/Pulpit/PCB/Plytki_chlodzenia_SOFTWARE/Cooling_left/stm_f303k8_ioc/Main_app/Src" -O0 -ffunction-sections -fdata-sections -Wall -fstack-usage -fcyclomatic-complexity -MMD -MP -MF"Main_app/Src/MY_LIB/MY_driver_serwo.d" -MT"Main_app/Src/MY_LIB/MY_driver_serwo.o" --specs=nano.specs -mfpu=fpv4-sp-d16 -mfloat-abi=hard -mthumb -o "Main_app/Src/MY_LIB/MY_driver_serwo.o"
arm-none-eabi-gcc "../Main_app/Src/cooler_left_app.c" -mcpu=cortex-m4 -std=gnu11 -g3 -DDEBUG -DUSE_HAL_DRIVER -DSTM32F303x8 -c -I"E:/Pulpit/PCB/Plytki_chlodzenia_SOFTWARE/Cooling_left/stm_f303k8_ioc/Main_app/Inc/EKO_LIB" -I"E:/Pulpit/PCB/Plytki_chlodzenia_SOFTWARE/Cooling_left/stm_f303k8_ioc/Main_app/Inc/MY_LIB" -I"E:/Pulpit/PCB/Plytki_chlodzenia_SOFTWARE/Cooling_left/stm_f303k8_ioc/Main_app/Src/EKO_LIB" -I"E:/Pulpit/PCB/Plytki_chlodzenia_SOFTWARE/Cooling_left/stm_f303k8_ioc/Main_app/Src/MY_LIB" -I../Core/Inc -I../Drivers/STM32F3xx_HAL_Driver/Inc -I../Drivers/STM32F3xx_HAL_Driver/Inc/Legacy -I../Drivers/CMSIS/Device/ST/STM32F3xx/Include -I../Drivers/CMSIS/Include -I"E:/Pulpit/PCB/Plytki_chlodzenia_SOFTWARE/Cooling_left/stm_f303k8_ioc/Main_app/Inc" -I"E:/Pulpit/PCB/Plytki_chlodzenia_SOFTWARE/Cooling_left/stm_f303k8_ioc/Main_app/Src" -O0 -ffunction-sections -fdata-sections -Wall -fstack-usage -fcyclomatic-complexity -MMD -MP -MF"Main_app/Src/cooler_left_app.d" -MT"Main_app/Src/cooler_left_app.o" --specs=nano.specs -mfpu=fpv4-sp-d16 -mfloat-abi=hard -mthumb -o "Main_app/Src/cooler_left_app.o"
arm-none-eabi-gcc "../Main_app/Src/cooler_test.c" -mcpu=cortex-m4 -std=gnu11 -g3 -DDEBUG -DUSE_HAL_DRIVER -DSTM32F303x8 -c -I"E:/Pulpit/PCB/Plytki_chlodzenia_SOFTWARE/Cooling_left/stm_f303k8_ioc/Main_app/Inc/EKO_LIB" -I"E:/Pulpit/PCB/Plytki_chlodzenia_SOFTWARE/Cooling_left/stm_f303k8_ioc/Main_app/Inc/MY_LIB" -I"E:/Pulpit/PCB/Plytki_chlodzenia_SOFTWARE/Cooling_left/stm_f303k8_ioc/Main_app/Src/EKO_LIB" -I"E:/Pulpit/PCB/Plytki_chlodzenia_SOFTWARE/Cooling_left/stm_f303k8_ioc/Main_app/Src/MY_LIB" -I../Core/Inc -I../Drivers/STM32F3xx_HAL_Driver/Inc -I../Drivers/STM32F3xx_HAL_Driver/Inc/Legacy -I../Drivers/CMSIS/Device/ST/STM32F3xx/Include -I../Drivers/CMSIS/Include -I"E:/Pulpit/PCB/Plytki_chlodzenia_SOFTWARE/Cooling_left/stm_f303k8_ioc/Main_app/Inc" -I"E:/Pulpit/PCB/Plytki_chlodzenia_SOFTWARE/Cooling_left/stm_f303k8_ioc/Main_app/Src" -O0 -ffunction-sections -fdata-sections -Wall -fstack-usage -fcyclomatic-complexity -MMD -MP -MF"Main_app/Src/cooler_test.d" -MT"Main_app/Src/cooler_test.o" --specs=nano.specs -mfpu=fpv4-sp-d16 -mfloat-abi=hard -mthumb -o "Main_app/Src/cooler_test.o"
arm-none-eabi-gcc "../Core/Src/main.c" -mcpu=cortex-m4 -std=gnu11 -g3 -DDEBUG -DUSE_HAL_DRIVER -DSTM32F303x8 -c -I"E:/Pulpit/PCB/Plytki_chlodzenia_SOFTWARE/Cooling_left/stm_f303k8_ioc/Main_app/Inc/EKO_LIB" -I"E:/Pulpit/PCB/Plytki_chlodzenia_SOFTWARE/Cooling_left/stm_f303k8_ioc/Main_app/Inc" -I"E:/Pulpit/PCB/Plytki_chlodzenia_SOFTWARE/Cooling_left/stm_f303k8_ioc/Main_app/Src" -I"E:/Pulpit/PCB/Plytki_chlodzenia_SOFTWARE/Cooling_left/stm_f303k8_ioc/Main_app/Inc/MY_LIB" -I"E:/Pulpit/PCB/Plytki_chlodzenia_SOFTWARE/Cooling_left/stm_f303k8_ioc/Main_app/Src/EKO_LIB" -I"E:/Pulpit/PCB/Plytki_chlodzenia_SOFTWARE/Cooling_left/stm_f303k8_ioc/Main_app/Src/MY_LIB" -I../Core/Inc -I../Drivers/STM32F3xx_HAL_Driver/Inc -I../Drivers/STM32F3xx_HAL_Driver/Inc/Legacy -I../Drivers/CMSIS/Device/ST/STM32F3xx/Include -I../Drivers/CMSIS/Include -O0 -ffunction-sections -fdata-sections -Wall -fstack-usage -fcyclomatic-complexity -MMD -MP -MF"Core/Src/main.d" -MT"Core/Src/main.o" --specs=nano.specs -mfpu=fpv4-sp-d16 -mfloat-abi=hard -mthumb -o "Core/Src/main.o"
../Main_app/Src/MY_LIB/MY_driver_i2c.c: In function 'AM2320_StateMachine':
../Main_app/Src/MY_LIB/MY_driver_i2c.c:153:5: warning: enumeration value 'AM2320_IDLE' not handled in switch [-Wswitch]
  153 |     switch (am2320State)
      |     ^~~~~~
../Main_app/Src/cooler_left_app.c: In function 'COOLER_app':
../Main_app/Src/cooler_left_app.c:117:27: warning: enumeration value 'CAN_FRAME_BMS_TEMP_1' not handled in switch [-Wswitch]
  117 |                           switch(msg.name)
      |                           ^~~~~~
../Main_app/Src/cooler_left_app.c:117:27: warning: enumeration value 'CAN_FRAME_BMS_TEMP_2' not handled in switch [-Wswitch]
../Main_app/Src/cooler_left_app.c:117:27: warning: enumeration value 'CAN_FRAME_BMS_TEMP_3' not handled in switch [-Wswitch]
../Main_app/Src/cooler_left_app.c:117:27: warning: enumeration value 'CAN_FRAME_BMS_TEMP_4' not handled in switch [-Wswitch]
../Main_app/Src/cooler_left_app.c:117:27: warning: enumeration value 'CAN_FRAME_BMS_TEMP_5' not handled in switch [-Wswitch]
../Main_app/Src/cooler_left_app.c:117:27: warning: enumeration value 'CAN_FRAME_BMS_TEMP_6' not handled in switch [-Wswitch]
../Main_app/Src/cooler_left_app.c:117:27: warning: enumeration value 'CAN_FRAME_BMS_TEMP_7' not handled in switch [-Wswitch]
../Main_app/Src/cooler_left_app.c:117:27: warning: enumeration value 'CAN_FRAME_BMS_TEMP_8' not handled in switch [-Wswitch]
../Main_app/Src/cooler_left_app.c:117:27: warning: enumeration value 'CAN_FRAME_BMS_TEMP_9' not handled in switch [-Wswitch]
../Main_app/Src/cooler_left_app.c:117:27: warning: enumeration value 'CAN_FRAME_SET_SERVOS_ENGINE' not handled in switch [-Wswitch]
../Main_app/Src/cooler_left_app.c:117:27: warning: enumeration value 'CAN_FRAME_SAFE_STATE' not handled in switch [-Wswitch]
../Main_app/Src/cooler_left_app.c:117:27: warning: enumeration value 'CAN_FRAME_BATTERY_SET_FAN' not handled in switch [-Wswitch]
../Main_app/Src/cooler_left_app.c:117:27: warning: enumeration value 'CAN_FRAME_UNKNOWN' not handled in switch [-Wswitch]
arm-none-eabi-gcc -o "stm_f303k8_ioc.elf" @"objects.list"   -mcpu=cortex-m4 -T"E:\Pulpit\PCB\Plytki_chlodzenia_SOFTWARE\Cooling_left\stm_f303k8_ioc\STM32F303K8TX_FLASH.ld" --specs=nosys.specs -Wl,-Map="stm_f303k8_ioc.map" -Wl,--gc-sections -static --specs=nano.specs -mfpu=fpv4-sp-d16 -mfloat-abi=hard -mthumb -Wl,--start-group -lc -lm -Wl,--end-group
Finished building target: stm_f303k8_ioc.elf
 
arm-none-eabi-size  stm_f303k8_ioc.elf 
arm-none-eabi-objdump -h -S stm_f303k8_ioc.elf  > "stm_f303k8_ioc.list"
   text	   data	    bss	    dec	    hex	filename
  34852	     12	   5064	  39928	   9bf8	stm_f303k8_ioc.elf
Finished building: default.size.stdout
 
Finished building: stm_f303k8_ioc.list
 
19:23:44 **** Incremental Build of configuration Debug for project stm_f303k8_ioc ****
make -j16 all 
arm-none-eabi-gcc "../Main_app/Src/MY_LIB/MY_driver_fan.c" -mcpu=cortex-m4 -std=gnu11 -g3 -DDEBUG -DUSE_HAL_DRIVER -DSTM32F303x8 -c -I"E:/Pulpit/PCB/Plytki_chlodzenia_SOFTWARE/Cooling_left/stm_f303k8_ioc/Main_app/Inc/EKO_LIB" -I"E:/Pulpit/PCB/Plytki_chlodzenia_SOFTWARE/Cooling_left/stm_f303k8_ioc/Main_app/Inc/MY_LIB" -I"E:/Pulpit/PCB/Plytki_chlodzenia_SOFTWARE/Cooling_left/stm_f303k8_ioc/Main_app/Src/EKO_LIB" -I"E:/Pulpit/PCB/Plytki_chlodzenia_SOFTWARE/Cooling_left/stm_f303k8_ioc/Main_app/Src/MY_LIB" -I../Core/Inc -I../Drivers/STM32F3xx_HAL_Driver/Inc -I../Drivers/STM32F3xx_HAL_Driver/Inc/Legacy -I../Drivers/CMSIS/Device/ST/STM32F3xx/Include -I../Drivers/CMSIS/Include -I"E:/Pulpit/PCB/Plytki_chlodzenia_SOFTWARE/Cooling_left/stm_f303k8_ioc/Main_app/Inc" -I"E:/Pulpit/PCB/Plytki_chlodzenia_SOFTWARE/Cooling_left/stm_f303k8_ioc/Main_app/Src" -O0 -ffunction-sections -fdata-sections -Wall -fstack-usage -fcyclomatic-complexity -MMD -MP -MF"Main_app/Src/MY_LIB/MY_driver_fan.d" -MT"Main_app/Src/MY_LIB/MY_driver_fan.o" --specs=nano.specs -mfpu=fpv4-sp-d16 -mfloat-abi=hard -mthumb -o "Main_app/Src/MY_LIB/MY_driver_fan.o"
arm-none-eabi-gcc "../Main_app/Src/MY_LIB/MY_driver_i2c.c" -mcpu=cortex-m4 -std=gnu11 -g3 -DDEBUG -DUSE_HAL_DRIVER -DSTM32F303x8 -c -I"E:/Pulpit/PCB/Plytki_chlodzenia_SOFTWARE/Cooling_left/stm_f303k8_ioc/Main_app/Inc/EKO_LIB" -I"E:/Pulpit/PCB/Plytki_chlodzenia_SOFTWARE/Cooling_left/stm_f303k8_ioc/Main_app/Inc/MY_LIB" -I"E:/Pulpit/PCB/Plytki_chlodzenia_SOFTWARE/Cooling_left/stm_f303k8_ioc/Main_app/Src/EKO_LIB" -I"E:/Pulpit/PCB/Plytki_chlodzenia_SOFTWARE/Cooling_left/stm_f303k8_ioc/Main_app/Src/MY_LIB" -I../Core/Inc -I../Drivers/STM32F3xx_HAL_Driver/Inc -I../Drivers/STM32F3xx_HAL_Driver/Inc/Legacy -I../Drivers/CMSIS/Device/ST/STM32F3xx/Include -I../Drivers/CMSIS/Include -I"E:/Pulpit/PCB/Plytki_chlodzenia_SOFTWARE/Cooling_left/stm_f303k8_ioc/Main_app/Inc" -I"E:/Pulpit/PCB/Plytki_chlodzenia_SOFTWARE/Cooling_left/stm_f303k8_ioc/Main_app/Src" -O0 -ffunction-sections -fdata-sections -Wall -fstack-usage -fcyclomatic-complexity -MMD -MP -MF"Main_app/Src/MY_LIB/MY_driver_i2c.d" -MT"Main_app/Src/MY_LIB/MY_driver_i2c.o" --specs=nano.specs -mfpu=fpv4-sp-d16 -mfloat-abi=hard -mthumb -o "Main_app/Src/MY_LIB/MY_driver_i2c.o"
arm-none-eabi-gcc "../Main_app/Src/MY_LIB/MY_driver_serwo.c" -mcpu=cortex-m4 -std=gnu11 -g3 -DDEBUG -DUSE_HAL_DRIVER -DSTM32F303x8 -c -I"E:/Pulpit/PCB/Plytki_chlodzenia_SOFTWARE/Cooling_left/stm_f303k8_ioc/Main_app/Inc/EKO_LIB" -I"E:/Pulpit/PCB/Plytki_chlodzenia_SOFTWARE/Cooling_left/stm_f303k8_ioc/Main_app/Inc/MY_LIB" -I"E:/Pulpit/PCB/Plytki_chlodzenia_SOFTWARE/Cooling_left/stm_f303k8_ioc/Main_app/Src/EKO_LIB" -I"E:/Pulpit/PCB/Plytki_chlodzenia_SOFTWARE/Cooling_left/stm_f303k8_ioc/Main_app/Src/MY_LIB" -I../Core/Inc -I../Drivers/STM32F3xx_HAL_Driver/Inc -I../Drivers/STM32F3xx_HAL_Driver/Inc/Legacy -I../Drivers/CMSIS/Device/ST/STM32F3xx/Include -I../Drivers/CMSIS/Include -I"E:/Pulpit/PCB/Plytki_chlodzenia_SOFTWARE/Cooling_left/stm_f303k8_ioc/Main_app/Inc" -I"E:/Pulpit/PCB/Plytki_chlodzenia_SOFTWARE/Cooling_left/stm_f303k8_ioc/Main_app/Src" -O0 -ffunction-sections -fdata-sections -Wall -fstack-usage -fcyclomatic-complexity -MMD -MP -MF"Main_app/Src/MY_LIB/MY_driver_serwo.d" -MT"Main_app/Src/MY_LIB/MY_driver_serwo.o" --specs=nano.specs -mfpu=fpv4-sp-d16 -mfloat-abi=hard -mthumb -o "Main_app/Src/MY_LIB/MY_driver_serwo.o"
arm-none-eabi-gcc "../Main_app/Src/cooler_left_app.c" -mcpu=cortex-m4 -std=gnu11 -g3 -DDEBUG -DUSE_HAL_DRIVER -DSTM32F303x8 -c -I"E:/Pulpit/PCB/Plytki_chlodzenia_SOFTWARE/Cooling_left/stm_f303k8_ioc/Main_app/Inc/EKO_LIB" -I"E:/Pulpit/PCB/Plytki_chlodzenia_SOFTWARE/Cooling_left/stm_f303k8_ioc/Main_app/Inc/MY_LIB" -I"E:/Pulpit/PCB/Plytki_chlodzenia_SOFTWARE/Cooling_left/stm_f303k8_ioc/Main_app/Src/EKO_LIB" -I"E:/Pulpit/PCB/Plytki_chlodzenia_SOFTWARE/Cooling_left/stm_f303k8_ioc/Main_app/Src/MY_LIB" -I../Core/Inc -I../Drivers/STM32F3xx_HAL_Driver/Inc -I../Drivers/STM32F3xx_HAL_Driver/Inc/Legacy -I../Drivers/CMSIS/Device/ST/STM32F3xx/Include -I../Drivers/CMSIS/Include -I"E:/Pulpit/PCB/Plytki_chlodzenia_SOFTWARE/Cooling_left/stm_f303k8_ioc/Main_app/Inc" -I"E:/Pulpit/PCB/Plytki_chlodzenia_SOFTWARE/Cooling_left/stm_f303k8_ioc/Main_app/Src" -O0 -ffunction-sections -fdata-sections -Wall -fstack-usage -fcyclomatic-complexity -MMD -MP -MF"Main_app/Src/cooler_left_app.d" -MT"Main_app/Src/cooler_left_app.o" --specs=nano.specs -mfpu=fpv4-sp-d16 -mfloat-abi=hard -mthumb -o "Main_app/Src/cooler_left_app.o"
arm-none-eabi-gcc "../Main_app/Src/cooler_test.c" -mcpu=cortex-m4 -std=gnu11 -g3 -DDEBUG -DUSE_HAL_DRIVER -DSTM32F303x8 -c -I"E:/Pulpit/PCB/Plytki_chlodzenia_SOFTWARE/Cooling_left/stm_f303k8_ioc/Main_app/Inc/EKO_LIB" -I"E:/Pulpit/PCB/Plytki_chlodzenia_SOFTWARE/Cooling_left/stm_f303k8_ioc/Main_app/Inc/MY_LIB" -I"E:/Pulpit/PCB/Plytki_chlodzenia_SOFTWARE/Cooling_left/stm_f303k8_ioc/Main_app/Src/EKO_LIB" -I"E:/Pulpit/PCB/Plytki_chlodzenia_SOFTWARE/Cooling_left/stm_f303k8_ioc/Main_app/Src/MY_LIB" -I../Core/Inc -I../Drivers/STM32F3xx_HAL_Driver/Inc -I../Drivers/STM32F3xx_HAL_Driver/Inc/Legacy -I../Drivers/CMSIS/Device/ST/STM32F3xx/Include -I../Drivers/CMSIS/Include -I"E:/Pulpit/PCB/Plytki_chlodzenia_SOFTWARE/Cooling_left/stm_f303k8_ioc/Main_app/Inc" -I"E:/Pulpit/PCB/Plytki_chlodzenia_SOFTWARE/Cooling_left/stm_f303k8_ioc/Main_app/Src" -O0 -ffunction-sections -fdata-sections -Wall -fstack-usage -fcyclomatic-complexity -MMD -MP -MF"Main_app/Src/cooler_test.d" -MT"Main_app/Src/cooler_test.o" --specs=nano.specs -mfpu=fpv4-sp-d16 -mfloat-abi=hard -mthumb -o "Main_app/Src/cooler_test.o"
arm-none-eabi-gcc "../Core/Src/main.c" -mcpu=cortex-m4 -std=gnu11 -g3 -DDEBUG -DUSE_HAL_DRIVER -DSTM32F303x8 -c -I"E:/Pulpit/PCB/Plytki_chlodzenia_SOFTWARE/Cooling_left/stm_f303k8_ioc/Main_app/Inc/EKO_LIB" -I"E:/Pulpit/PCB/Plytki_chlodzenia_SOFTWARE/Cooling_left/stm_f303k8_ioc/Main_app/Inc" -I"E:/Pulpit/PCB/Plytki_chlodzenia_SOFTWARE/Cooling_left/stm_f303k8_ioc/Main_app/Src" -I"E:/Pulpit/PCB/Plytki_chlodzenia_SOFTWARE/Cooling_left/stm_f303k8_ioc/Main_app/Inc/MY_LIB" -I"E:/Pulpit/PCB/Plytki_chlodzenia_SOFTWARE/Cooling_left/stm_f303k8_ioc/Main_app/Src/EKO_LIB" -I"E:/Pulpit/PCB/Plytki_chlodzenia_SOFTWARE/Cooling_left/stm_f303k8_ioc/Main_app/Src/MY_LIB" -I../Core/Inc -I../Drivers/STM32F3xx_HAL_Driver/Inc -I../Drivers/STM32F3xx_HAL_Driver/Inc/Legacy -I../Drivers/CMSIS/Device/ST/STM32F3xx/Include -I../Drivers/CMSIS/Include -O0 -ffunction-sections -fdata-sections -Wall -fstack-usage -fcyclomatic-complexity -MMD -MP -MF"Core/Src/main.d" -MT"Core/Src/main.o" --specs=nano.specs -mfpu=fpv4-sp-d16 -mfloat-abi=hard -mthumb -o "Core/Src/main.o"
../Main_app/Src/MY_LIB/MY_driver_i2c.c: In function 'AM2320_StateMachine':
../Main_app/Src/MY_LIB/MY_driver_i2c.c:153:5: warning: enumeration value 'AM2320_IDLE' not handled in switch [-Wswitch]
  153 |     switch (am2320State)
      |     ^~~~~~
../Main_app/Src/cooler_left_app.c: In function 'COOLER_app':
../Main_app/Src/cooler_left_app.c:117:27: warning: enumeration value 'CAN_FRAME_BMS_TEMP_1' not handled in switch [-Wswitch]
  117 |                           switch(msg.name)
      |                           ^~~~~~
../Main_app/Src/cooler_left_app.c:117:27: warning: enumeration value 'CAN_FRAME_BMS_TEMP_2' not handled in switch [-Wswitch]
../Main_app/Src/cooler_left_app.c:117:27: warning: enumeration value 'CAN_FRAME_BMS_TEMP_3' not handled in switch [-Wswitch]
../Main_app/Src/cooler_left_app.c:117:27: warning: enumeration value 'CAN_FRAME_BMS_TEMP_4' not handled in switch [-Wswitch]
../Main_app/Src/cooler_left_app.c:117:27: warning: enumeration value 'CAN_FRAME_BMS_TEMP_5' not handled in switch [-Wswitch]
../Main_app/Src/cooler_left_app.c:117:27: warning: enumeration value 'CAN_FRAME_BMS_TEMP_6' not handled in switch [-Wswitch]
../Main_app/Src/cooler_left_app.c:117:27: warning: enumeration value 'CAN_FRAME_BMS_TEMP_7' not handled in switch [-Wswitch]
../Main_app/Src/cooler_left_app.c:117:27: warning: enumeration value 'CAN_FRAME_BMS_TEMP_8' not handled in switch [-Wswitch]
../Main_app/Src/cooler_left_app.c:117:27: warning: enumeration value 'CAN_FRAME_BMS_TEMP_9' not handled in switch [-Wswitch]
../Main_app/Src/cooler_left_app.c:117:27: warning: enumeration value 'CAN_FRAME_SET_SERVOS_ENGINE' not handled in switch [-Wswitch]
../Main_app/Src/cooler_left_app.c:117:27: warning: enumeration value 'CAN_FRAME_SAFE_STATE' not handled in switch [-Wswitch]
../Main_app/Src/cooler_left_app.c:117:27: warning: enumeration value 'CAN_FRAME_BATTERY_SET_FAN' not handled in switch [-Wswitch]
../Main_app/Src/cooler_left_app.c:117:27: warning: enumeration value 'CAN_FRAME_UNKNOWN' not handled in switch [-Wswitch]
arm-none-eabi-gcc -o "stm_f303k8_ioc.elf" @"objects.list"   -mcpu=cortex-m4 -T"E:\Pulpit\PCB\Plytki_chlodzenia_SOFTWARE\Cooling_left\stm_f303k8_ioc\STM32F303K8TX_FLASH.ld" --specs=nosys.specs -Wl,-Map="stm_f303k8_ioc.map" -Wl,--gc-sections -static --specs=nano.specs -mfpu=fpv4-sp-d16 -mfloat-abi=hard -mthumb -Wl,--start-group -lc -lm -Wl,--end-group
Finished building target: stm_f303k8_ioc.elf
 
arm-none-eabi-size  stm_f303k8_ioc.elf 
arm-none-eabi-objdump -h -S stm_f303k8_ioc.elf  > "stm_f303k8_ioc.list"
   text	   data	    bss	    dec	    hex	filename
  34852	     12	   5064	  39928	   9bf8	stm_f303k8_ioc.elf
Finished building: default.size.stdout
 
Finished building: stm_f303k8_ioc.list
 
19:24:02 **** Incremental Build of configuration Debug for project stm_f303k8_ioc ****
make -j16 all 
arm-none-eabi-gcc "../Main_app/Src/MY_LIB/MY_driver_fan.c" -mcpu=cortex-m4 -std=gnu11 -g3 -DDEBUG -DUSE_HAL_DRIVER -DSTM32F303x8 -c -I"E:/Pulpit/PCB/Plytki_chlodzenia_SOFTWARE/Cooling_left/stm_f303k8_ioc/Main_app/Inc/EKO_LIB" -I"E:/Pulpit/PCB/Plytki_chlodzenia_SOFTWARE/Cooling_left/stm_f303k8_ioc/Main_app/Inc/MY_LIB" -I"E:/Pulpit/PCB/Plytki_chlodzenia_SOFTWARE/Cooling_left/stm_f303k8_ioc/Main_app/Src/EKO_LIB" -I"E:/Pulpit/PCB/Plytki_chlodzenia_SOFTWARE/Cooling_left/stm_f303k8_ioc/Main_app/Src/MY_LIB" -I../Core/Inc -I../Drivers/STM32F3xx_HAL_Driver/Inc -I../Drivers/STM32F3xx_HAL_Driver/Inc/Legacy -I../Drivers/CMSIS/Device/ST/STM32F3xx/Include -I../Drivers/CMSIS/Include -I"E:/Pulpit/PCB/Plytki_chlodzenia_SOFTWARE/Cooling_left/stm_f303k8_ioc/Main_app/Inc" -I"E:/Pulpit/PCB/Plytki_chlodzenia_SOFTWARE/Cooling_left/stm_f303k8_ioc/Main_app/Src" -O0 -ffunction-sections -fdata-sections -Wall -fstack-usage -fcyclomatic-complexity -MMD -MP -MF"Main_app/Src/MY_LIB/MY_driver_fan.d" -MT"Main_app/Src/MY_LIB/MY_driver_fan.o" --specs=nano.specs -mfpu=fpv4-sp-d16 -mfloat-abi=hard -mthumb -o "Main_app/Src/MY_LIB/MY_driver_fan.o"
arm-none-eabi-gcc "../Main_app/Src/MY_LIB/MY_driver_i2c.c" -mcpu=cortex-m4 -std=gnu11 -g3 -DDEBUG -DUSE_HAL_DRIVER -DSTM32F303x8 -c -I"E:/Pulpit/PCB/Plytki_chlodzenia_SOFTWARE/Cooling_left/stm_f303k8_ioc/Main_app/Inc/EKO_LIB" -I"E:/Pulpit/PCB/Plytki_chlodzenia_SOFTWARE/Cooling_left/stm_f303k8_ioc/Main_app/Inc/MY_LIB" -I"E:/Pulpit/PCB/Plytki_chlodzenia_SOFTWARE/Cooling_left/stm_f303k8_ioc/Main_app/Src/EKO_LIB" -I"E:/Pulpit/PCB/Plytki_chlodzenia_SOFTWARE/Cooling_left/stm_f303k8_ioc/Main_app/Src/MY_LIB" -I../Core/Inc -I../Drivers/STM32F3xx_HAL_Driver/Inc -I../Drivers/STM32F3xx_HAL_Driver/Inc/Legacy -I../Drivers/CMSIS/Device/ST/STM32F3xx/Include -I../Drivers/CMSIS/Include -I"E:/Pulpit/PCB/Plytki_chlodzenia_SOFTWARE/Cooling_left/stm_f303k8_ioc/Main_app/Inc" -I"E:/Pulpit/PCB/Plytki_chlodzenia_SOFTWARE/Cooling_left/stm_f303k8_ioc/Main_app/Src" -O0 -ffunction-sections -fdata-sections -Wall -fstack-usage -fcyclomatic-complexity -MMD -MP -MF"Main_app/Src/MY_LIB/MY_driver_i2c.d" -MT"Main_app/Src/MY_LIB/MY_driver_i2c.o" --specs=nano.specs -mfpu=fpv4-sp-d16 -mfloat-abi=hard -mthumb -o "Main_app/Src/MY_LIB/MY_driver_i2c.o"
arm-none-eabi-gcc "../Main_app/Src/MY_LIB/MY_driver_serwo.c" -mcpu=cortex-m4 -std=gnu11 -g3 -DDEBUG -DUSE_HAL_DRIVER -DSTM32F303x8 -c -I"E:/Pulpit/PCB/Plytki_chlodzenia_SOFTWARE/Cooling_left/stm_f303k8_ioc/Main_app/Inc/EKO_LIB" -I"E:/Pulpit/PCB/Plytki_chlodzenia_SOFTWARE/Cooling_left/stm_f303k8_ioc/Main_app/Inc/MY_LIB" -I"E:/Pulpit/PCB/Plytki_chlodzenia_SOFTWARE/Cooling_left/stm_f303k8_ioc/Main_app/Src/EKO_LIB" -I"E:/Pulpit/PCB/Plytki_chlodzenia_SOFTWARE/Cooling_left/stm_f303k8_ioc/Main_app/Src/MY_LIB" -I../Core/Inc -I../Drivers/STM32F3xx_HAL_Driver/Inc -I../Drivers/STM32F3xx_HAL_Driver/Inc/Legacy -I../Drivers/CMSIS/Device/ST/STM32F3xx/Include -I../Drivers/CMSIS/Include -I"E:/Pulpit/PCB/Plytki_chlodzenia_SOFTWARE/Cooling_left/stm_f303k8_ioc/Main_app/Inc" -I"E:/Pulpit/PCB/Plytki_chlodzenia_SOFTWARE/Cooling_left/stm_f303k8_ioc/Main_app/Src" -O0 -ffunction-sections -fdata-sections -Wall -fstack-usage -fcyclomatic-complexity -MMD -MP -MF"Main_app/Src/MY_LIB/MY_driver_serwo.d" -MT"Main_app/Src/MY_LIB/MY_driver_serwo.o" --specs=nano.specs -mfpu=fpv4-sp-d16 -mfloat-abi=hard -mthumb -o "Main_app/Src/MY_LIB/MY_driver_serwo.o"
arm-none-eabi-gcc "../Main_app/Src/cooler_left_app.c" -mcpu=cortex-m4 -std=gnu11 -g3 -DDEBUG -DUSE_HAL_DRIVER -DSTM32F303x8 -c -I"E:/Pulpit/PCB/Plytki_chlodzenia_SOFTWARE/Cooling_left/stm_f303k8_ioc/Main_app/Inc/EKO_LIB" -I"E:/Pulpit/PCB/Plytki_chlodzenia_SOFTWARE/Cooling_left/stm_f303k8_ioc/Main_app/Inc/MY_LIB" -I"E:/Pulpit/PCB/Plytki_chlodzenia_SOFTWARE/Cooling_left/stm_f303k8_ioc/Main_app/Src/EKO_LIB" -I"E:/Pulpit/PCB/Plytki_chlodzenia_SOFTWARE/Cooling_left/stm_f303k8_ioc/Main_app/Src/MY_LIB" -I../Core/Inc -I../Drivers/STM32F3xx_HAL_Driver/Inc -I../Drivers/STM32F3xx_HAL_Driver/Inc/Legacy -I../Drivers/CMSIS/Device/ST/STM32F3xx/Include -I../Drivers/CMSIS/Include -I"E:/Pulpit/PCB/Plytki_chlodzenia_SOFTWARE/Cooling_left/stm_f303k8_ioc/Main_app/Inc" -I"E:/Pulpit/PCB/Plytki_chlodzenia_SOFTWARE/Cooling_left/stm_f303k8_ioc/Main_app/Src" -O0 -ffunction-sections -fdata-sections -Wall -fstack-usage -fcyclomatic-complexity -MMD -MP -MF"Main_app/Src/cooler_left_app.d" -MT"Main_app/Src/cooler_left_app.o" --specs=nano.specs -mfpu=fpv4-sp-d16 -mfloat-abi=hard -mthumb -o "Main_app/Src/cooler_left_app.o"
arm-none-eabi-gcc "../Main_app/Src/cooler_test.c" -mcpu=cortex-m4 -std=gnu11 -g3 -DDEBUG -DUSE_HAL_DRIVER -DSTM32F303x8 -c -I"E:/Pulpit/PCB/Plytki_chlodzenia_SOFTWARE/Cooling_left/stm_f303k8_ioc/Main_app/Inc/EKO_LIB" -I"E:/Pulpit/PCB/Plytki_chlodzenia_SOFTWARE/Cooling_left/stm_f303k8_ioc/Main_app/Inc/MY_LIB" -I"E:/Pulpit/PCB/Plytki_chlodzenia_SOFTWARE/Cooling_left/stm_f303k8_ioc/Main_app/Src/EKO_LIB" -I"E:/Pulpit/PCB/Plytki_chlodzenia_SOFTWARE/Cooling_left/stm_f303k8_ioc/Main_app/Src/MY_LIB" -I../Core/Inc -I../Drivers/STM32F3xx_HAL_Driver/Inc -I../Drivers/STM32F3xx_HAL_Driver/Inc/Legacy -I../Drivers/CMSIS/Device/ST/STM32F3xx/Include -I../Drivers/CMSIS/Include -I"E:/Pulpit/PCB/Plytki_chlodzenia_SOFTWARE/Cooling_left/stm_f303k8_ioc/Main_app/Inc" -I"E:/Pulpit/PCB/Plytki_chlodzenia_SOFTWARE/Cooling_left/stm_f303k8_ioc/Main_app/Src" -O0 -ffunction-sections -fdata-sections -Wall -fstack-usage -fcyclomatic-complexity -MMD -MP -MF"Main_app/Src/cooler_test.d" -MT"Main_app/Src/cooler_test.o" --specs=nano.specs -mfpu=fpv4-sp-d16 -mfloat-abi=hard -mthumb -o "Main_app/Src/cooler_test.o"
arm-none-eabi-gcc "../Core/Src/main.c" -mcpu=cortex-m4 -std=gnu11 -g3 -DDEBUG -DUSE_HAL_DRIVER -DSTM32F303x8 -c -I"E:/Pulpit/PCB/Plytki_chlodzenia_SOFTWARE/Cooling_left/stm_f303k8_ioc/Main_app/Inc/EKO_LIB" -I"E:/Pulpit/PCB/Plytki_chlodzenia_SOFTWARE/Cooling_left/stm_f303k8_ioc/Main_app/Inc" -I"E:/Pulpit/PCB/Plytki_chlodzenia_SOFTWARE/Cooling_left/stm_f303k8_ioc/Main_app/Src" -I"E:/Pulpit/PCB/Plytki_chlodzenia_SOFTWARE/Cooling_left/stm_f303k8_ioc/Main_app/Inc/MY_LIB" -I"E:/Pulpit/PCB/Plytki_chlodzenia_SOFTWARE/Cooling_left/stm_f303k8_ioc/Main_app/Src/EKO_LIB" -I"E:/Pulpit/PCB/Plytki_chlodzenia_SOFTWARE/Cooling_left/stm_f303k8_ioc/Main_app/Src/MY_LIB" -I../Core/Inc -I../Drivers/STM32F3xx_HAL_Driver/Inc -I../Drivers/STM32F3xx_HAL_Driver/Inc/Legacy -I../Drivers/CMSIS/Device/ST/STM32F3xx/Include -I../Drivers/CMSIS/Include -O0 -ffunction-sections -fdata-sections -Wall -fstack-usage -fcyclomatic-complexity -MMD -MP -MF"Core/Src/main.d" -MT"Core/Src/main.o" --specs=nano.specs -mfpu=fpv4-sp-d16 -mfloat-abi=hard -mthumb -o "Core/Src/main.o"
../Main_app/Src/MY_LIB/MY_driver_i2c.c: In function 'AM2320_StateMachine':
../Main_app/Src/MY_LIB/MY_driver_i2c.c:153:5: warning: enumeration value 'AM2320_IDLE' not handled in switch [-Wswitch]
  153 |     switch (am2320State)
      |     ^~~~~~
../Main_app/Src/cooler_left_app.c: In function 'COOLER_app':
../Main_app/Src/cooler_left_app.c:117:27: warning: enumeration value 'CAN_FRAME_BMS_TEMP_1' not handled in switch [-Wswitch]
  117 |                           switch(msg.name)
      |                           ^~~~~~
../Main_app/Src/cooler_left_app.c:117:27: warning: enumeration value 'CAN_FRAME_BMS_TEMP_2' not handled in switch [-Wswitch]
../Main_app/Src/cooler_left_app.c:117:27: warning: enumeration value 'CAN_FRAME_BMS_TEMP_3' not handled in switch [-Wswitch]
../Main_app/Src/cooler_left_app.c:117:27: warning: enumeration value 'CAN_FRAME_BMS_TEMP_4' not handled in switch [-Wswitch]
../Main_app/Src/cooler_left_app.c:117:27: warning: enumeration value 'CAN_FRAME_BMS_TEMP_5' not handled in switch [-Wswitch]
../Main_app/Src/cooler_left_app.c:117:27: warning: enumeration value 'CAN_FRAME_BMS_TEMP_6' not handled in switch [-Wswitch]
../Main_app/Src/cooler_left_app.c:117:27: warning: enumeration value 'CAN_FRAME_BMS_TEMP_7' not handled in switch [-Wswitch]
../Main_app/Src/cooler_left_app.c:117:27: warning: enumeration value 'CAN_FRAME_BMS_TEMP_8' not handled in switch [-Wswitch]
../Main_app/Src/cooler_left_app.c:117:27: warning: enumeration value 'CAN_FRAME_BMS_TEMP_9' not handled in switch [-Wswitch]
../Main_app/Src/cooler_left_app.c:117:27: warning: enumeration value 'CAN_FRAME_SET_SERVOS_ENGINE' not handled in switch [-Wswitch]
../Main_app/Src/cooler_left_app.c:117:27: warning: enumeration value 'CAN_FRAME_SAFE_STATE' not handled in switch [-Wswitch]
../Main_app/Src/cooler_left_app.c:117:27: warning: enumeration value 'CAN_FRAME_BATTERY_SET_FAN' not handled in switch [-Wswitch]
../Main_app/Src/cooler_left_app.c:117:27: warning: enumeration value 'CAN_FRAME_UNKNOWN' not handled in switch [-Wswitch]
arm-none-eabi-gcc -o "stm_f303k8_ioc.elf" @"objects.list"   -mcpu=cortex-m4 -T"E:\Pulpit\PCB\Plytki_chlodzenia_SOFTWARE\Cooling_left\stm_f303k8_ioc\STM32F303K8TX_FLASH.ld" --specs=nosys.specs -Wl,-Map="stm_f303k8_ioc.map" -Wl,--gc-sections -static --specs=nano.specs -mfpu=fpv4-sp-d16 -mfloat-abi=hard -mthumb -Wl,--start-group -lc -lm -Wl,--end-group
Finished building target: stm_f303k8_ioc.elf
 
arm-none-eabi-size  stm_f303k8_ioc.elf 
arm-none-eabi-objdump -h -S stm_f303k8_ioc.elf  > "stm_f303k8_ioc.list"
   text	   data	    bss	    dec	    hex	filename
  34852	     12	   5064	  39928	   9bf8	stm_f303k8_ioc.elf
Finished building: default.size.stdout
 
Finished building: stm_f303k8_ioc.list
 
19:27:20 **** Incremental Build of configuration Debug for project stm_f303k8_ioc ****
make -j16 all 
arm-none-eabi-gcc "../Main_app/Src/MY_LIB/MY_driver_fan.c" -mcpu=cortex-m4 -std=gnu11 -g3 -DDEBUG -DUSE_HAL_DRIVER -DSTM32F303x8 -c -I"E:/Pulpit/PCB/Plytki_chlodzenia_SOFTWARE/Cooling_left/stm_f303k8_ioc/Main_app/Inc/EKO_LIB" -I"E:/Pulpit/PCB/Plytki_chlodzenia_SOFTWARE/Cooling_left/stm_f303k8_ioc/Main_app/Inc/MY_LIB" -I"E:/Pulpit/PCB/Plytki_chlodzenia_SOFTWARE/Cooling_left/stm_f303k8_ioc/Main_app/Src/EKO_LIB" -I"E:/Pulpit/PCB/Plytki_chlodzenia_SOFTWARE/Cooling_left/stm_f303k8_ioc/Main_app/Src/MY_LIB" -I../Core/Inc -I../Drivers/STM32F3xx_HAL_Driver/Inc -I../Drivers/STM32F3xx_HAL_Driver/Inc/Legacy -I../Drivers/CMSIS/Device/ST/STM32F3xx/Include -I../Drivers/CMSIS/Include -I"E:/Pulpit/PCB/Plytki_chlodzenia_SOFTWARE/Cooling_left/stm_f303k8_ioc/Main_app/Inc" -I"E:/Pulpit/PCB/Plytki_chlodzenia_SOFTWARE/Cooling_left/stm_f303k8_ioc/Main_app/Src" -O0 -ffunction-sections -fdata-sections -Wall -fstack-usage -fcyclomatic-complexity -MMD -MP -MF"Main_app/Src/MY_LIB/MY_driver_fan.d" -MT"Main_app/Src/MY_LIB/MY_driver_fan.o" --specs=nano.specs -mfpu=fpv4-sp-d16 -mfloat-abi=hard -mthumb -o "Main_app/Src/MY_LIB/MY_driver_fan.o"
arm-none-eabi-gcc "../Main_app/Src/MY_LIB/MY_driver_i2c.c" -mcpu=cortex-m4 -std=gnu11 -g3 -DDEBUG -DUSE_HAL_DRIVER -DSTM32F303x8 -c -I"E:/Pulpit/PCB/Plytki_chlodzenia_SOFTWARE/Cooling_left/stm_f303k8_ioc/Main_app/Inc/EKO_LIB" -I"E:/Pulpit/PCB/Plytki_chlodzenia_SOFTWARE/Cooling_left/stm_f303k8_ioc/Main_app/Inc/MY_LIB" -I"E:/Pulpit/PCB/Plytki_chlodzenia_SOFTWARE/Cooling_left/stm_f303k8_ioc/Main_app/Src/EKO_LIB" -I"E:/Pulpit/PCB/Plytki_chlodzenia_SOFTWARE/Cooling_left/stm_f303k8_ioc/Main_app/Src/MY_LIB" -I../Core/Inc -I../Drivers/STM32F3xx_HAL_Driver/Inc -I../Drivers/STM32F3xx_HAL_Driver/Inc/Legacy -I../Drivers/CMSIS/Device/ST/STM32F3xx/Include -I../Drivers/CMSIS/Include -I"E:/Pulpit/PCB/Plytki_chlodzenia_SOFTWARE/Cooling_left/stm_f303k8_ioc/Main_app/Inc" -I"E:/Pulpit/PCB/Plytki_chlodzenia_SOFTWARE/Cooling_left/stm_f303k8_ioc/Main_app/Src" -O0 -ffunction-sections -fdata-sections -Wall -fstack-usage -fcyclomatic-complexity -MMD -MP -MF"Main_app/Src/MY_LIB/MY_driver_i2c.d" -MT"Main_app/Src/MY_LIB/MY_driver_i2c.o" --specs=nano.specs -mfpu=fpv4-sp-d16 -mfloat-abi=hard -mthumb -o "Main_app/Src/MY_LIB/MY_driver_i2c.o"
arm-none-eabi-gcc "../Main_app/Src/MY_LIB/MY_driver_serwo.c" -mcpu=cortex-m4 -std=gnu11 -g3 -DDEBUG -DUSE_HAL_DRIVER -DSTM32F303x8 -c -I"E:/Pulpit/PCB/Plytki_chlodzenia_SOFTWARE/Cooling_left/stm_f303k8_ioc/Main_app/Inc/EKO_LIB" -I"E:/Pulpit/PCB/Plytki_chlodzenia_SOFTWARE/Cooling_left/stm_f303k8_ioc/Main_app/Inc/MY_LIB" -I"E:/Pulpit/PCB/Plytki_chlodzenia_SOFTWARE/Cooling_left/stm_f303k8_ioc/Main_app/Src/EKO_LIB" -I"E:/Pulpit/PCB/Plytki_chlodzenia_SOFTWARE/Cooling_left/stm_f303k8_ioc/Main_app/Src/MY_LIB" -I../Core/Inc -I../Drivers/STM32F3xx_HAL_Driver/Inc -I../Drivers/STM32F3xx_HAL_Driver/Inc/Legacy -I../Drivers/CMSIS/Device/ST/STM32F3xx/Include -I../Drivers/CMSIS/Include -I"E:/Pulpit/PCB/Plytki_chlodzenia_SOFTWARE/Cooling_left/stm_f303k8_ioc/Main_app/Inc" -I"E:/Pulpit/PCB/Plytki_chlodzenia_SOFTWARE/Cooling_left/stm_f303k8_ioc/Main_app/Src" -O0 -ffunction-sections -fdata-sections -Wall -fstack-usage -fcyclomatic-complexity -MMD -MP -MF"Main_app/Src/MY_LIB/MY_driver_serwo.d" -MT"Main_app/Src/MY_LIB/MY_driver_serwo.o" --specs=nano.specs -mfpu=fpv4-sp-d16 -mfloat-abi=hard -mthumb -o "Main_app/Src/MY_LIB/MY_driver_serwo.o"
arm-none-eabi-gcc "../Main_app/Src/cooler_left_app.c" -mcpu=cortex-m4 -std=gnu11 -g3 -DDEBUG -DUSE_HAL_DRIVER -DSTM32F303x8 -c -I"E:/Pulpit/PCB/Plytki_chlodzenia_SOFTWARE/Cooling_left/stm_f303k8_ioc/Main_app/Inc/EKO_LIB" -I"E:/Pulpit/PCB/Plytki_chlodzenia_SOFTWARE/Cooling_left/stm_f303k8_ioc/Main_app/Inc/MY_LIB" -I"E:/Pulpit/PCB/Plytki_chlodzenia_SOFTWARE/Cooling_left/stm_f303k8_ioc/Main_app/Src/EKO_LIB" -I"E:/Pulpit/PCB/Plytki_chlodzenia_SOFTWARE/Cooling_left/stm_f303k8_ioc/Main_app/Src/MY_LIB" -I../Core/Inc -I../Drivers/STM32F3xx_HAL_Driver/Inc -I../Drivers/STM32F3xx_HAL_Driver/Inc/Legacy -I../Drivers/CMSIS/Device/ST/STM32F3xx/Include -I../Drivers/CMSIS/Include -I"E:/Pulpit/PCB/Plytki_chlodzenia_SOFTWARE/Cooling_left/stm_f303k8_ioc/Main_app/Inc" -I"E:/Pulpit/PCB/Plytki_chlodzenia_SOFTWARE/Cooling_left/stm_f303k8_ioc/Main_app/Src" -O0 -ffunction-sections -fdata-sections -Wall -fstack-usage -fcyclomatic-complexity -MMD -MP -MF"Main_app/Src/cooler_left_app.d" -MT"Main_app/Src/cooler_left_app.o" --specs=nano.specs -mfpu=fpv4-sp-d16 -mfloat-abi=hard -mthumb -o "Main_app/Src/cooler_left_app.o"
arm-none-eabi-gcc "../Main_app/Src/cooler_test.c" -mcpu=cortex-m4 -std=gnu11 -g3 -DDEBUG -DUSE_HAL_DRIVER -DSTM32F303x8 -c -I"E:/Pulpit/PCB/Plytki_chlodzenia_SOFTWARE/Cooling_left/stm_f303k8_ioc/Main_app/Inc/EKO_LIB" -I"E:/Pulpit/PCB/Plytki_chlodzenia_SOFTWARE/Cooling_left/stm_f303k8_ioc/Main_app/Inc/MY_LIB" -I"E:/Pulpit/PCB/Plytki_chlodzenia_SOFTWARE/Cooling_left/stm_f303k8_ioc/Main_app/Src/EKO_LIB" -I"E:/Pulpit/PCB/Plytki_chlodzenia_SOFTWARE/Cooling_left/stm_f303k8_ioc/Main_app/Src/MY_LIB" -I../Core/Inc -I../Drivers/STM32F3xx_HAL_Driver/Inc -I../Drivers/STM32F3xx_HAL_Driver/Inc/Legacy -I../Drivers/CMSIS/Device/ST/STM32F3xx/Include -I../Drivers/CMSIS/Include -I"E:/Pulpit/PCB/Plytki_chlodzenia_SOFTWARE/Cooling_left/stm_f303k8_ioc/Main_app/Inc" -I"E:/Pulpit/PCB/Plytki_chlodzenia_SOFTWARE/Cooling_left/stm_f303k8_ioc/Main_app/Src" -O0 -ffunction-sections -fdata-sections -Wall -fstack-usage -fcyclomatic-complexity -MMD -MP -MF"Main_app/Src/cooler_test.d" -MT"Main_app/Src/cooler_test.o" --specs=nano.specs -mfpu=fpv4-sp-d16 -mfloat-abi=hard -mthumb -o "Main_app/Src/cooler_test.o"
arm-none-eabi-gcc "../Core/Src/main.c" -mcpu=cortex-m4 -std=gnu11 -g3 -DDEBUG -DUSE_HAL_DRIVER -DSTM32F303x8 -c -I"E:/Pulpit/PCB/Plytki_chlodzenia_SOFTWARE/Cooling_left/stm_f303k8_ioc/Main_app/Inc/EKO_LIB" -I"E:/Pulpit/PCB/Plytki_chlodzenia_SOFTWARE/Cooling_left/stm_f303k8_ioc/Main_app/Inc" -I"E:/Pulpit/PCB/Plytki_chlodzenia_SOFTWARE/Cooling_left/stm_f303k8_ioc/Main_app/Src" -I"E:/Pulpit/PCB/Plytki_chlodzenia_SOFTWARE/Cooling_left/stm_f303k8_ioc/Main_app/Inc/MY_LIB" -I"E:/Pulpit/PCB/Plytki_chlodzenia_SOFTWARE/Cooling_left/stm_f303k8_ioc/Main_app/Src/EKO_LIB" -I"E:/Pulpit/PCB/Plytki_chlodzenia_SOFTWARE/Cooling_left/stm_f303k8_ioc/Main_app/Src/MY_LIB" -I../Core/Inc -I../Drivers/STM32F3xx_HAL_Driver/Inc -I../Drivers/STM32F3xx_HAL_Driver/Inc/Legacy -I../Drivers/CMSIS/Device/ST/STM32F3xx/Include -I../Drivers/CMSIS/Include -O0 -ffunction-sections -fdata-sections -Wall -fstack-usage -fcyclomatic-complexity -MMD -MP -MF"Core/Src/main.d" -MT"Core/Src/main.o" --specs=nano.specs -mfpu=fpv4-sp-d16 -mfloat-abi=hard -mthumb -o "Core/Src/main.o"
../Main_app/Src/MY_LIB/MY_driver_i2c.c: In function 'AM2320_StateMachine':
../Main_app/Src/MY_LIB/MY_driver_i2c.c:153:5: warning: enumeration value 'AM2320_IDLE' not handled in switch [-Wswitch]
  153 |     switch (am2320State)
      |     ^~~~~~
../Main_app/Src/cooler_left_app.c: In function 'COOLER_app':
../Main_app/Src/cooler_left_app.c:117:27: warning: enumeration value 'CAN_FRAME_BMS_TEMP_1' not handled in switch [-Wswitch]
  117 |                           switch(msg.name)
      |                           ^~~~~~
../Main_app/Src/cooler_left_app.c:117:27: warning: enumeration value 'CAN_FRAME_BMS_TEMP_2' not handled in switch [-Wswitch]
../Main_app/Src/cooler_left_app.c:117:27: warning: enumeration value 'CAN_FRAME_BMS_TEMP_3' not handled in switch [-Wswitch]
../Main_app/Src/cooler_left_app.c:117:27: warning: enumeration value 'CAN_FRAME_BMS_TEMP_4' not handled in switch [-Wswitch]
../Main_app/Src/cooler_left_app.c:117:27: warning: enumeration value 'CAN_FRAME_BMS_TEMP_5' not handled in switch [-Wswitch]
../Main_app/Src/cooler_left_app.c:117:27: warning: enumeration value 'CAN_FRAME_BMS_TEMP_6' not handled in switch [-Wswitch]
../Main_app/Src/cooler_left_app.c:117:27: warning: enumeration value 'CAN_FRAME_BMS_TEMP_7' not handled in switch [-Wswitch]
../Main_app/Src/cooler_left_app.c:117:27: warning: enumeration value 'CAN_FRAME_BMS_TEMP_8' not handled in switch [-Wswitch]
../Main_app/Src/cooler_left_app.c:117:27: warning: enumeration value 'CAN_FRAME_BMS_TEMP_9' not handled in switch [-Wswitch]
../Main_app/Src/cooler_left_app.c:117:27: warning: enumeration value 'CAN_FRAME_SET_SERVOS_ENGINE' not handled in switch [-Wswitch]
../Main_app/Src/cooler_left_app.c:117:27: warning: enumeration value 'CAN_FRAME_SAFE_STATE' not handled in switch [-Wswitch]
../Main_app/Src/cooler_left_app.c:117:27: warning: enumeration value 'CAN_FRAME_BATTERY_SET_FAN' not handled in switch [-Wswitch]
../Main_app/Src/cooler_left_app.c:117:27: warning: enumeration value 'CAN_FRAME_UNKNOWN' not handled in switch [-Wswitch]
arm-none-eabi-gcc -o "stm_f303k8_ioc.elf" @"objects.list"   -mcpu=cortex-m4 -T"E:\Pulpit\PCB\Plytki_chlodzenia_SOFTWARE\Cooling_left\stm_f303k8_ioc\STM32F303K8TX_FLASH.ld" --specs=nosys.specs -Wl,-Map="stm_f303k8_ioc.map" -Wl,--gc-sections -static --specs=nano.specs -mfpu=fpv4-sp-d16 -mfloat-abi=hard -mthumb -Wl,--start-group -lc -lm -Wl,--end-group
Finished building target: stm_f303k8_ioc.elf
 
arm-none-eabi-size  stm_f303k8_ioc.elf 
arm-none-eabi-objdump -h -S stm_f303k8_ioc.elf  > "stm_f303k8_ioc.list"
   text	   data	    bss	    dec	    hex	filename
  34852	     12	   5064	  39928	   9bf8	stm_f303k8_ioc.elf
Finished building: default.size.stdout
 
Finished building: stm_f303k8_ioc.list
 
19:30:58 **** Incremental Build of configuration Debug for project stm_f303k8_ioc ****
make -j16 all 
arm-none-eabi-gcc "../Main_app/Src/MY_LIB/MY_driver_fan.c" -mcpu=cortex-m4 -std=gnu11 -g3 -DDEBUG -DUSE_HAL_DRIVER -DSTM32F303x8 -c -I"E:/Pulpit/PCB/Plytki_chlodzenia_SOFTWARE/Cooling_left/stm_f303k8_ioc/Main_app/Inc/EKO_LIB" -I"E:/Pulpit/PCB/Plytki_chlodzenia_SOFTWARE/Cooling_left/stm_f303k8_ioc/Main_app/Inc/MY_LIB" -I"E:/Pulpit/PCB/Plytki_chlodzenia_SOFTWARE/Cooling_left/stm_f303k8_ioc/Main_app/Src/EKO_LIB" -I"E:/Pulpit/PCB/Plytki_chlodzenia_SOFTWARE/Cooling_left/stm_f303k8_ioc/Main_app/Src/MY_LIB" -I../Core/Inc -I../Drivers/STM32F3xx_HAL_Driver/Inc -I../Drivers/STM32F3xx_HAL_Driver/Inc/Legacy -I../Drivers/CMSIS/Device/ST/STM32F3xx/Include -I../Drivers/CMSIS/Include -I"E:/Pulpit/PCB/Plytki_chlodzenia_SOFTWARE/Cooling_left/stm_f303k8_ioc/Main_app/Inc" -I"E:/Pulpit/PCB/Plytki_chlodzenia_SOFTWARE/Cooling_left/stm_f303k8_ioc/Main_app/Src" -O0 -ffunction-sections -fdata-sections -Wall -fstack-usage -fcyclomatic-complexity -MMD -MP -MF"Main_app/Src/MY_LIB/MY_driver_fan.d" -MT"Main_app/Src/MY_LIB/MY_driver_fan.o" --specs=nano.specs -mfpu=fpv4-sp-d16 -mfloat-abi=hard -mthumb -o "Main_app/Src/MY_LIB/MY_driver_fan.o"
arm-none-eabi-gcc "../Main_app/Src/MY_LIB/MY_driver_i2c.c" -mcpu=cortex-m4 -std=gnu11 -g3 -DDEBUG -DUSE_HAL_DRIVER -DSTM32F303x8 -c -I"E:/Pulpit/PCB/Plytki_chlodzenia_SOFTWARE/Cooling_left/stm_f303k8_ioc/Main_app/Inc/EKO_LIB" -I"E:/Pulpit/PCB/Plytki_chlodzenia_SOFTWARE/Cooling_left/stm_f303k8_ioc/Main_app/Inc/MY_LIB" -I"E:/Pulpit/PCB/Plytki_chlodzenia_SOFTWARE/Cooling_left/stm_f303k8_ioc/Main_app/Src/EKO_LIB" -I"E:/Pulpit/PCB/Plytki_chlodzenia_SOFTWARE/Cooling_left/stm_f303k8_ioc/Main_app/Src/MY_LIB" -I../Core/Inc -I../Drivers/STM32F3xx_HAL_Driver/Inc -I../Drivers/STM32F3xx_HAL_Driver/Inc/Legacy -I../Drivers/CMSIS/Device/ST/STM32F3xx/Include -I../Drivers/CMSIS/Include -I"E:/Pulpit/PCB/Plytki_chlodzenia_SOFTWARE/Cooling_left/stm_f303k8_ioc/Main_app/Inc" -I"E:/Pulpit/PCB/Plytki_chlodzenia_SOFTWARE/Cooling_left/stm_f303k8_ioc/Main_app/Src" -O0 -ffunction-sections -fdata-sections -Wall -fstack-usage -fcyclomatic-complexity -MMD -MP -MF"Main_app/Src/MY_LIB/MY_driver_i2c.d" -MT"Main_app/Src/MY_LIB/MY_driver_i2c.o" --specs=nano.specs -mfpu=fpv4-sp-d16 -mfloat-abi=hard -mthumb -o "Main_app/Src/MY_LIB/MY_driver_i2c.o"
arm-none-eabi-gcc "../Main_app/Src/MY_LIB/MY_driver_serwo.c" -mcpu=cortex-m4 -std=gnu11 -g3 -DDEBUG -DUSE_HAL_DRIVER -DSTM32F303x8 -c -I"E:/Pulpit/PCB/Plytki_chlodzenia_SOFTWARE/Cooling_left/stm_f303k8_ioc/Main_app/Inc/EKO_LIB" -I"E:/Pulpit/PCB/Plytki_chlodzenia_SOFTWARE/Cooling_left/stm_f303k8_ioc/Main_app/Inc/MY_LIB" -I"E:/Pulpit/PCB/Plytki_chlodzenia_SOFTWARE/Cooling_left/stm_f303k8_ioc/Main_app/Src/EKO_LIB" -I"E:/Pulpit/PCB/Plytki_chlodzenia_SOFTWARE/Cooling_left/stm_f303k8_ioc/Main_app/Src/MY_LIB" -I../Core/Inc -I../Drivers/STM32F3xx_HAL_Driver/Inc -I../Drivers/STM32F3xx_HAL_Driver/Inc/Legacy -I../Drivers/CMSIS/Device/ST/STM32F3xx/Include -I../Drivers/CMSIS/Include -I"E:/Pulpit/PCB/Plytki_chlodzenia_SOFTWARE/Cooling_left/stm_f303k8_ioc/Main_app/Inc" -I"E:/Pulpit/PCB/Plytki_chlodzenia_SOFTWARE/Cooling_left/stm_f303k8_ioc/Main_app/Src" -O0 -ffunction-sections -fdata-sections -Wall -fstack-usage -fcyclomatic-complexity -MMD -MP -MF"Main_app/Src/MY_LIB/MY_driver_serwo.d" -MT"Main_app/Src/MY_LIB/MY_driver_serwo.o" --specs=nano.specs -mfpu=fpv4-sp-d16 -mfloat-abi=hard -mthumb -o "Main_app/Src/MY_LIB/MY_driver_serwo.o"
arm-none-eabi-gcc "../Main_app/Src/cooler_left_app.c" -mcpu=cortex-m4 -std=gnu11 -g3 -DDEBUG -DUSE_HAL_DRIVER -DSTM32F303x8 -c -I"E:/Pulpit/PCB/Plytki_chlodzenia_SOFTWARE/Cooling_left/stm_f303k8_ioc/Main_app/Inc/EKO_LIB" -I"E:/Pulpit/PCB/Plytki_chlodzenia_SOFTWARE/Cooling_left/stm_f303k8_ioc/Main_app/Inc/MY_LIB" -I"E:/Pulpit/PCB/Plytki_chlodzenia_SOFTWARE/Cooling_left/stm_f303k8_ioc/Main_app/Src/EKO_LIB" -I"E:/Pulpit/PCB/Plytki_chlodzenia_SOFTWARE/Cooling_left/stm_f303k8_ioc/Main_app/Src/MY_LIB" -I../Core/Inc -I../Drivers/STM32F3xx_HAL_Driver/Inc -I../Drivers/STM32F3xx_HAL_Driver/Inc/Legacy -I../Drivers/CMSIS/Device/ST/STM32F3xx/Include -I../Drivers/CMSIS/Include -I"E:/Pulpit/PCB/Plytki_chlodzenia_SOFTWARE/Cooling_left/stm_f303k8_ioc/Main_app/Inc" -I"E:/Pulpit/PCB/Plytki_chlodzenia_SOFTWARE/Cooling_left/stm_f303k8_ioc/Main_app/Src" -O0 -ffunction-sections -fdata-sections -Wall -fstack-usage -fcyclomatic-complexity -MMD -MP -MF"Main_app/Src/cooler_left_app.d" -MT"Main_app/Src/cooler_left_app.o" --specs=nano.specs -mfpu=fpv4-sp-d16 -mfloat-abi=hard -mthumb -o "Main_app/Src/cooler_left_app.o"
arm-none-eabi-gcc "../Main_app/Src/cooler_test.c" -mcpu=cortex-m4 -std=gnu11 -g3 -DDEBUG -DUSE_HAL_DRIVER -DSTM32F303x8 -c -I"E:/Pulpit/PCB/Plytki_chlodzenia_SOFTWARE/Cooling_left/stm_f303k8_ioc/Main_app/Inc/EKO_LIB" -I"E:/Pulpit/PCB/Plytki_chlodzenia_SOFTWARE/Cooling_left/stm_f303k8_ioc/Main_app/Inc/MY_LIB" -I"E:/Pulpit/PCB/Plytki_chlodzenia_SOFTWARE/Cooling_left/stm_f303k8_ioc/Main_app/Src/EKO_LIB" -I"E:/Pulpit/PCB/Plytki_chlodzenia_SOFTWARE/Cooling_left/stm_f303k8_ioc/Main_app/Src/MY_LIB" -I../Core/Inc -I../Drivers/STM32F3xx_HAL_Driver/Inc -I../Drivers/STM32F3xx_HAL_Driver/Inc/Legacy -I../Drivers/CMSIS/Device/ST/STM32F3xx/Include -I../Drivers/CMSIS/Include -I"E:/Pulpit/PCB/Plytki_chlodzenia_SOFTWARE/Cooling_left/stm_f303k8_ioc/Main_app/Inc" -I"E:/Pulpit/PCB/Plytki_chlodzenia_SOFTWARE/Cooling_left/stm_f303k8_ioc/Main_app/Src" -O0 -ffunction-sections -fdata-sections -Wall -fstack-usage -fcyclomatic-complexity -MMD -MP -MF"Main_app/Src/cooler_test.d" -MT"Main_app/Src/cooler_test.o" --specs=nano.specs -mfpu=fpv4-sp-d16 -mfloat-abi=hard -mthumb -o "Main_app/Src/cooler_test.o"
arm-none-eabi-gcc "../Core/Src/main.c" -mcpu=cortex-m4 -std=gnu11 -g3 -DDEBUG -DUSE_HAL_DRIVER -DSTM32F303x8 -c -I"E:/Pulpit/PCB/Plytki_chlodzenia_SOFTWARE/Cooling_left/stm_f303k8_ioc/Main_app/Inc/EKO_LIB" -I"E:/Pulpit/PCB/Plytki_chlodzenia_SOFTWARE/Cooling_left/stm_f303k8_ioc/Main_app/Inc" -I"E:/Pulpit/PCB/Plytki_chlodzenia_SOFTWARE/Cooling_left/stm_f303k8_ioc/Main_app/Src" -I"E:/Pulpit/PCB/Plytki_chlodzenia_SOFTWARE/Cooling_left/stm_f303k8_ioc/Main_app/Inc/MY_LIB" -I"E:/Pulpit/PCB/Plytki_chlodzenia_SOFTWARE/Cooling_left/stm_f303k8_ioc/Main_app/Src/EKO_LIB" -I"E:/Pulpit/PCB/Plytki_chlodzenia_SOFTWARE/Cooling_left/stm_f303k8_ioc/Main_app/Src/MY_LIB" -I../Core/Inc -I../Drivers/STM32F3xx_HAL_Driver/Inc -I../Drivers/STM32F3xx_HAL_Driver/Inc/Legacy -I../Drivers/CMSIS/Device/ST/STM32F3xx/Include -I../Drivers/CMSIS/Include -O0 -ffunction-sections -fdata-sections -Wall -fstack-usage -fcyclomatic-complexity -MMD -MP -MF"Core/Src/main.d" -MT"Core/Src/main.o" --specs=nano.specs -mfpu=fpv4-sp-d16 -mfloat-abi=hard -mthumb -o "Core/Src/main.o"
../Main_app/Src/MY_LIB/MY_driver_i2c.c: In function 'AM2320_StateMachine':
../Main_app/Src/MY_LIB/MY_driver_i2c.c:153:5: warning: enumeration value 'AM2320_IDLE' not handled in switch [-Wswitch]
  153 |     switch (am2320State)
      |     ^~~~~~
../Main_app/Src/cooler_left_app.c: In function 'COOLER_app':
../Main_app/Src/cooler_left_app.c:117:27: warning: enumeration value 'CAN_FRAME_BMS_TEMP_1' not handled in switch [-Wswitch]
  117 |                           switch(msg.name)
      |                           ^~~~~~
../Main_app/Src/cooler_left_app.c:117:27: warning: enumeration value 'CAN_FRAME_BMS_TEMP_2' not handled in switch [-Wswitch]
../Main_app/Src/cooler_left_app.c:117:27: warning: enumeration value 'CAN_FRAME_BMS_TEMP_3' not handled in switch [-Wswitch]
../Main_app/Src/cooler_left_app.c:117:27: warning: enumeration value 'CAN_FRAME_BMS_TEMP_4' not handled in switch [-Wswitch]
../Main_app/Src/cooler_left_app.c:117:27: warning: enumeration value 'CAN_FRAME_BMS_TEMP_5' not handled in switch [-Wswitch]
../Main_app/Src/cooler_left_app.c:117:27: warning: enumeration value 'CAN_FRAME_BMS_TEMP_6' not handled in switch [-Wswitch]
../Main_app/Src/cooler_left_app.c:117:27: warning: enumeration value 'CAN_FRAME_BMS_TEMP_7' not handled in switch [-Wswitch]
../Main_app/Src/cooler_left_app.c:117:27: warning: enumeration value 'CAN_FRAME_BMS_TEMP_8' not handled in switch [-Wswitch]
../Main_app/Src/cooler_left_app.c:117:27: warning: enumeration value 'CAN_FRAME_BMS_TEMP_9' not handled in switch [-Wswitch]
../Main_app/Src/cooler_left_app.c:117:27: warning: enumeration value 'CAN_FRAME_SET_SERVOS_ENGINE' not handled in switch [-Wswitch]
../Main_app/Src/cooler_left_app.c:117:27: warning: enumeration value 'CAN_FRAME_SAFE_STATE' not handled in switch [-Wswitch]
../Main_app/Src/cooler_left_app.c:117:27: warning: enumeration value 'CAN_FRAME_BATTERY_SET_FAN' not handled in switch [-Wswitch]
../Main_app/Src/cooler_left_app.c:117:27: warning: enumeration value 'CAN_FRAME_UNKNOWN' not handled in switch [-Wswitch]
arm-none-eabi-gcc -o "stm_f303k8_ioc.elf" @"objects.list"   -mcpu=cortex-m4 -T"E:\Pulpit\PCB\Plytki_chlodzenia_SOFTWARE\Cooling_left\stm_f303k8_ioc\STM32F303K8TX_FLASH.ld" --specs=nosys.specs -Wl,-Map="stm_f303k8_ioc.map" -Wl,--gc-sections -static --specs=nano.specs -mfpu=fpv4-sp-d16 -mfloat-abi=hard -mthumb -Wl,--start-group -lc -lm -Wl,--end-group
Finished building target: stm_f303k8_ioc.elf
 
arm-none-eabi-size  stm_f303k8_ioc.elf 
arm-none-eabi-objdump -h -S stm_f303k8_ioc.elf  > "stm_f303k8_ioc.list"
   text	   data	    bss	    dec	    hex	filename
  34852	     12	   5064	  39928	   9bf8	stm_f303k8_ioc.elf
Finished building: default.size.stdout
 
Finished building: stm_f303k8_ioc.list
 
19:34:36 **** Incremental Build of configuration Debug for project stm_f303k8_ioc ****
make -j16 all 
arm-none-eabi-gcc "../Main_app/Src/MY_LIB/MY_driver_fan.c" -mcpu=cortex-m4 -std=gnu11 -g3 -DDEBUG -DUSE_HAL_DRIVER -DSTM32F303x8 -c -I"E:/Pulpit/PCB/Plytki_chlodzenia_SOFTWARE/Cooling_left/stm_f303k8_ioc/Main_app/Inc/EKO_LIB" -I"E:/Pulpit/PCB/Plytki_chlodzenia_SOFTWARE/Cooling_left/stm_f303k8_ioc/Main_app/Inc/MY_LIB" -I"E:/Pulpit/PCB/Plytki_chlodzenia_SOFTWARE/Cooling_left/stm_f303k8_ioc/Main_app/Src/EKO_LIB" -I"E:/Pulpit/PCB/Plytki_chlodzenia_SOFTWARE/Cooling_left/stm_f303k8_ioc/Main_app/Src/MY_LIB" -I../Core/Inc -I../Drivers/STM32F3xx_HAL_Driver/Inc -I../Drivers/STM32F3xx_HAL_Driver/Inc/Legacy -I../Drivers/CMSIS/Device/ST/STM32F3xx/Include -I../Drivers/CMSIS/Include -I"E:/Pulpit/PCB/Plytki_chlodzenia_SOFTWARE/Cooling_left/stm_f303k8_ioc/Main_app/Inc" -I"E:/Pulpit/PCB/Plytki_chlodzenia_SOFTWARE/Cooling_left/stm_f303k8_ioc/Main_app/Src" -O0 -ffunction-sections -fdata-sections -Wall -fstack-usage -fcyclomatic-complexity -MMD -MP -MF"Main_app/Src/MY_LIB/MY_driver_fan.d" -MT"Main_app/Src/MY_LIB/MY_driver_fan.o" --specs=nano.specs -mfpu=fpv4-sp-d16 -mfloat-abi=hard -mthumb -o "Main_app/Src/MY_LIB/MY_driver_fan.o"
arm-none-eabi-gcc "../Main_app/Src/MY_LIB/MY_driver_i2c.c" -mcpu=cortex-m4 -std=gnu11 -g3 -DDEBUG -DUSE_HAL_DRIVER -DSTM32F303x8 -c -I"E:/Pulpit/PCB/Plytki_chlodzenia_SOFTWARE/Cooling_left/stm_f303k8_ioc/Main_app/Inc/EKO_LIB" -I"E:/Pulpit/PCB/Plytki_chlodzenia_SOFTWARE/Cooling_left/stm_f303k8_ioc/Main_app/Inc/MY_LIB" -I"E:/Pulpit/PCB/Plytki_chlodzenia_SOFTWARE/Cooling_left/stm_f303k8_ioc/Main_app/Src/EKO_LIB" -I"E:/Pulpit/PCB/Plytki_chlodzenia_SOFTWARE/Cooling_left/stm_f303k8_ioc/Main_app/Src/MY_LIB" -I../Core/Inc -I../Drivers/STM32F3xx_HAL_Driver/Inc -I../Drivers/STM32F3xx_HAL_Driver/Inc/Legacy -I../Drivers/CMSIS/Device/ST/STM32F3xx/Include -I../Drivers/CMSIS/Include -I"E:/Pulpit/PCB/Plytki_chlodzenia_SOFTWARE/Cooling_left/stm_f303k8_ioc/Main_app/Inc" -I"E:/Pulpit/PCB/Plytki_chlodzenia_SOFTWARE/Cooling_left/stm_f303k8_ioc/Main_app/Src" -O0 -ffunction-sections -fdata-sections -Wall -fstack-usage -fcyclomatic-complexity -MMD -MP -MF"Main_app/Src/MY_LIB/MY_driver_i2c.d" -MT"Main_app/Src/MY_LIB/MY_driver_i2c.o" --specs=nano.specs -mfpu=fpv4-sp-d16 -mfloat-abi=hard -mthumb -o "Main_app/Src/MY_LIB/MY_driver_i2c.o"
arm-none-eabi-gcc "../Main_app/Src/MY_LIB/MY_driver_serwo.c" -mcpu=cortex-m4 -std=gnu11 -g3 -DDEBUG -DUSE_HAL_DRIVER -DSTM32F303x8 -c -I"E:/Pulpit/PCB/Plytki_chlodzenia_SOFTWARE/Cooling_left/stm_f303k8_ioc/Main_app/Inc/EKO_LIB" -I"E:/Pulpit/PCB/Plytki_chlodzenia_SOFTWARE/Cooling_left/stm_f303k8_ioc/Main_app/Inc/MY_LIB" -I"E:/Pulpit/PCB/Plytki_chlodzenia_SOFTWARE/Cooling_left/stm_f303k8_ioc/Main_app/Src/EKO_LIB" -I"E:/Pulpit/PCB/Plytki_chlodzenia_SOFTWARE/Cooling_left/stm_f303k8_ioc/Main_app/Src/MY_LIB" -I../Core/Inc -I../Drivers/STM32F3xx_HAL_Driver/Inc -I../Drivers/STM32F3xx_HAL_Driver/Inc/Legacy -I../Drivers/CMSIS/Device/ST/STM32F3xx/Include -I../Drivers/CMSIS/Include -I"E:/Pulpit/PCB/Plytki_chlodzenia_SOFTWARE/Cooling_left/stm_f303k8_ioc/Main_app/Inc" -I"E:/Pulpit/PCB/Plytki_chlodzenia_SOFTWARE/Cooling_left/stm_f303k8_ioc/Main_app/Src" -O0 -ffunction-sections -fdata-sections -Wall -fstack-usage -fcyclomatic-complexity -MMD -MP -MF"Main_app/Src/MY_LIB/MY_driver_serwo.d" -MT"Main_app/Src/MY_LIB/MY_driver_serwo.o" --specs=nano.specs -mfpu=fpv4-sp-d16 -mfloat-abi=hard -mthumb -o "Main_app/Src/MY_LIB/MY_driver_serwo.o"
arm-none-eabi-gcc "../Main_app/Src/cooler_left_app.c" -mcpu=cortex-m4 -std=gnu11 -g3 -DDEBUG -DUSE_HAL_DRIVER -DSTM32F303x8 -c -I"E:/Pulpit/PCB/Plytki_chlodzenia_SOFTWARE/Cooling_left/stm_f303k8_ioc/Main_app/Inc/EKO_LIB" -I"E:/Pulpit/PCB/Plytki_chlodzenia_SOFTWARE/Cooling_left/stm_f303k8_ioc/Main_app/Inc/MY_LIB" -I"E:/Pulpit/PCB/Plytki_chlodzenia_SOFTWARE/Cooling_left/stm_f303k8_ioc/Main_app/Src/EKO_LIB" -I"E:/Pulpit/PCB/Plytki_chlodzenia_SOFTWARE/Cooling_left/stm_f303k8_ioc/Main_app/Src/MY_LIB" -I../Core/Inc -I../Drivers/STM32F3xx_HAL_Driver/Inc -I../Drivers/STM32F3xx_HAL_Driver/Inc/Legacy -I../Drivers/CMSIS/Device/ST/STM32F3xx/Include -I../Drivers/CMSIS/Include -I"E:/Pulpit/PCB/Plytki_chlodzenia_SOFTWARE/Cooling_left/stm_f303k8_ioc/Main_app/Inc" -I"E:/Pulpit/PCB/Plytki_chlodzenia_SOFTWARE/Cooling_left/stm_f303k8_ioc/Main_app/Src" -O0 -ffunction-sections -fdata-sections -Wall -fstack-usage -fcyclomatic-complexity -MMD -MP -MF"Main_app/Src/cooler_left_app.d" -MT"Main_app/Src/cooler_left_app.o" --specs=nano.specs -mfpu=fpv4-sp-d16 -mfloat-abi=hard -mthumb -o "Main_app/Src/cooler_left_app.o"
arm-none-eabi-gcc "../Main_app/Src/cooler_test.c" -mcpu=cortex-m4 -std=gnu11 -g3 -DDEBUG -DUSE_HAL_DRIVER -DSTM32F303x8 -c -I"E:/Pulpit/PCB/Plytki_chlodzenia_SOFTWARE/Cooling_left/stm_f303k8_ioc/Main_app/Inc/EKO_LIB" -I"E:/Pulpit/PCB/Plytki_chlodzenia_SOFTWARE/Cooling_left/stm_f303k8_ioc/Main_app/Inc/MY_LIB" -I"E:/Pulpit/PCB/Plytki_chlodzenia_SOFTWARE/Cooling_left/stm_f303k8_ioc/Main_app/Src/EKO_LIB" -I"E:/Pulpit/PCB/Plytki_chlodzenia_SOFTWARE/Cooling_left/stm_f303k8_ioc/Main_app/Src/MY_LIB" -I../Core/Inc -I../Drivers/STM32F3xx_HAL_Driver/Inc -I../Drivers/STM32F3xx_HAL_Driver/Inc/Legacy -I../Drivers/CMSIS/Device/ST/STM32F3xx/Include -I../Drivers/CMSIS/Include -I"E:/Pulpit/PCB/Plytki_chlodzenia_SOFTWARE/Cooling_left/stm_f303k8_ioc/Main_app/Inc" -I"E:/Pulpit/PCB/Plytki_chlodzenia_SOFTWARE/Cooling_left/stm_f303k8_ioc/Main_app/Src" -O0 -ffunction-sections -fdata-sections -Wall -fstack-usage -fcyclomatic-complexity -MMD -MP -MF"Main_app/Src/cooler_test.d" -MT"Main_app/Src/cooler_test.o" --specs=nano.specs -mfpu=fpv4-sp-d16 -mfloat-abi=hard -mthumb -o "Main_app/Src/cooler_test.o"
arm-none-eabi-gcc "../Core/Src/main.c" -mcpu=cortex-m4 -std=gnu11 -g3 -DDEBUG -DUSE_HAL_DRIVER -DSTM32F303x8 -c -I"E:/Pulpit/PCB/Plytki_chlodzenia_SOFTWARE/Cooling_left/stm_f303k8_ioc/Main_app/Inc/EKO_LIB" -I"E:/Pulpit/PCB/Plytki_chlodzenia_SOFTWARE/Cooling_left/stm_f303k8_ioc/Main_app/Inc" -I"E:/Pulpit/PCB/Plytki_chlodzenia_SOFTWARE/Cooling_left/stm_f303k8_ioc/Main_app/Src" -I"E:/Pulpit/PCB/Plytki_chlodzenia_SOFTWARE/Cooling_left/stm_f303k8_ioc/Main_app/Inc/MY_LIB" -I"E:/Pulpit/PCB/Plytki_chlodzenia_SOFTWARE/Cooling_left/stm_f303k8_ioc/Main_app/Src/EKO_LIB" -I"E:/Pulpit/PCB/Plytki_chlodzenia_SOFTWARE/Cooling_left/stm_f303k8_ioc/Main_app/Src/MY_LIB" -I../Core/Inc -I../Drivers/STM32F3xx_HAL_Driver/Inc -I../Drivers/STM32F3xx_HAL_Driver/Inc/Legacy -I../Drivers/CMSIS/Device/ST/STM32F3xx/Include -I../Drivers/CMSIS/Include -O0 -ffunction-sections -fdata-sections -Wall -fstack-usage -fcyclomatic-complexity -MMD -MP -MF"Core/Src/main.d" -MT"Core/Src/main.o" --specs=nano.specs -mfpu=fpv4-sp-d16 -mfloat-abi=hard -mthumb -o "Core/Src/main.o"
../Main_app/Src/MY_LIB/MY_driver_i2c.c: In function 'AM2320_StateMachine':
../Main_app/Src/MY_LIB/MY_driver_i2c.c:153:5: warning: enumeration value 'AM2320_IDLE' not handled in switch [-Wswitch]
  153 |     switch (am2320State)
      |     ^~~~~~
../Main_app/Src/cooler_left_app.c: In function 'COOLER_app':
../Main_app/Src/cooler_left_app.c:117:27: warning: enumeration value 'CAN_FRAME_BMS_TEMP_1' not handled in switch [-Wswitch]
  117 |                           switch(msg.name)
      |                           ^~~~~~
../Main_app/Src/cooler_left_app.c:117:27: warning: enumeration value 'CAN_FRAME_BMS_TEMP_2' not handled in switch [-Wswitch]
../Main_app/Src/cooler_left_app.c:117:27: warning: enumeration value 'CAN_FRAME_BMS_TEMP_3' not handled in switch [-Wswitch]
../Main_app/Src/cooler_left_app.c:117:27: warning: enumeration value 'CAN_FRAME_BMS_TEMP_4' not handled in switch [-Wswitch]
../Main_app/Src/cooler_left_app.c:117:27: warning: enumeration value 'CAN_FRAME_BMS_TEMP_5' not handled in switch [-Wswitch]
../Main_app/Src/cooler_left_app.c:117:27: warning: enumeration value 'CAN_FRAME_BMS_TEMP_6' not handled in switch [-Wswitch]
../Main_app/Src/cooler_left_app.c:117:27: warning: enumeration value 'CAN_FRAME_BMS_TEMP_7' not handled in switch [-Wswitch]
../Main_app/Src/cooler_left_app.c:117:27: warning: enumeration value 'CAN_FRAME_BMS_TEMP_8' not handled in switch [-Wswitch]
../Main_app/Src/cooler_left_app.c:117:27: warning: enumeration value 'CAN_FRAME_BMS_TEMP_9' not handled in switch [-Wswitch]
../Main_app/Src/cooler_left_app.c:117:27: warning: enumeration value 'CAN_FRAME_SET_SERVOS_ENGINE' not handled in switch [-Wswitch]
../Main_app/Src/cooler_left_app.c:117:27: warning: enumeration value 'CAN_FRAME_SAFE_STATE' not handled in switch [-Wswitch]
../Main_app/Src/cooler_left_app.c:117:27: warning: enumeration value 'CAN_FRAME_BATTERY_SET_FAN' not handled in switch [-Wswitch]
../Main_app/Src/cooler_left_app.c:117:27: warning: enumeration value 'CAN_FRAME_UNKNOWN' not handled in switch [-Wswitch]
arm-none-eabi-gcc -o "stm_f303k8_ioc.elf" @"objects.list"   -mcpu=cortex-m4 -T"E:\Pulpit\PCB\Plytki_chlodzenia_SOFTWARE\Cooling_left\stm_f303k8_ioc\STM32F303K8TX_FLASH.ld" --specs=nosys.specs -Wl,-Map="stm_f303k8_ioc.map" -Wl,--gc-sections -static --specs=nano.specs -mfpu=fpv4-sp-d16 -mfloat-abi=hard -mthumb -Wl,--start-group -lc -lm -Wl,--end-group
Finished building target: stm_f303k8_ioc.elf
 
arm-none-eabi-size  stm_f303k8_ioc.elf 
arm-none-eabi-objdump -h -S stm_f303k8_ioc.elf  > "stm_f303k8_ioc.list"
   text	   data	    bss	    dec	    hex	filename
  34852	     12	   5064	  39928	   9bf8	stm_f303k8_ioc.elf
Finished building: default.size.stdout
 
Finished building: stm_f303k8_ioc.list
 
19:34:51 **** Incremental Build of configuration Debug for project stm_f303k8_ioc ****
make -j16 all 
arm-none-eabi-gcc "../Main_app/Src/MY_LIB/MY_driver_fan.c" -mcpu=cortex-m4 -std=gnu11 -g3 -DDEBUG -DUSE_HAL_DRIVER -DSTM32F303x8 -c -I"E:/Pulpit/PCB/Plytki_chlodzenia_SOFTWARE/Cooling_left/stm_f303k8_ioc/Main_app/Inc/EKO_LIB" -I"E:/Pulpit/PCB/Plytki_chlodzenia_SOFTWARE/Cooling_left/stm_f303k8_ioc/Main_app/Inc/MY_LIB" -I"E:/Pulpit/PCB/Plytki_chlodzenia_SOFTWARE/Cooling_left/stm_f303k8_ioc/Main_app/Src/EKO_LIB" -I"E:/Pulpit/PCB/Plytki_chlodzenia_SOFTWARE/Cooling_left/stm_f303k8_ioc/Main_app/Src/MY_LIB" -I../Core/Inc -I../Drivers/STM32F3xx_HAL_Driver/Inc -I../Drivers/STM32F3xx_HAL_Driver/Inc/Legacy -I../Drivers/CMSIS/Device/ST/STM32F3xx/Include -I../Drivers/CMSIS/Include -I"E:/Pulpit/PCB/Plytki_chlodzenia_SOFTWARE/Cooling_left/stm_f303k8_ioc/Main_app/Inc" -I"E:/Pulpit/PCB/Plytki_chlodzenia_SOFTWARE/Cooling_left/stm_f303k8_ioc/Main_app/Src" -O0 -ffunction-sections -fdata-sections -Wall -fstack-usage -fcyclomatic-complexity -MMD -MP -MF"Main_app/Src/MY_LIB/MY_driver_fan.d" -MT"Main_app/Src/MY_LIB/MY_driver_fan.o" --specs=nano.specs -mfpu=fpv4-sp-d16 -mfloat-abi=hard -mthumb -o "Main_app/Src/MY_LIB/MY_driver_fan.o"
arm-none-eabi-gcc "../Main_app/Src/MY_LIB/MY_driver_i2c.c" -mcpu=cortex-m4 -std=gnu11 -g3 -DDEBUG -DUSE_HAL_DRIVER -DSTM32F303x8 -c -I"E:/Pulpit/PCB/Plytki_chlodzenia_SOFTWARE/Cooling_left/stm_f303k8_ioc/Main_app/Inc/EKO_LIB" -I"E:/Pulpit/PCB/Plytki_chlodzenia_SOFTWARE/Cooling_left/stm_f303k8_ioc/Main_app/Inc/MY_LIB" -I"E:/Pulpit/PCB/Plytki_chlodzenia_SOFTWARE/Cooling_left/stm_f303k8_ioc/Main_app/Src/EKO_LIB" -I"E:/Pulpit/PCB/Plytki_chlodzenia_SOFTWARE/Cooling_left/stm_f303k8_ioc/Main_app/Src/MY_LIB" -I../Core/Inc -I../Drivers/STM32F3xx_HAL_Driver/Inc -I../Drivers/STM32F3xx_HAL_Driver/Inc/Legacy -I../Drivers/CMSIS/Device/ST/STM32F3xx/Include -I../Drivers/CMSIS/Include -I"E:/Pulpit/PCB/Plytki_chlodzenia_SOFTWARE/Cooling_left/stm_f303k8_ioc/Main_app/Inc" -I"E:/Pulpit/PCB/Plytki_chlodzenia_SOFTWARE/Cooling_left/stm_f303k8_ioc/Main_app/Src" -O0 -ffunction-sections -fdata-sections -Wall -fstack-usage -fcyclomatic-complexity -MMD -MP -MF"Main_app/Src/MY_LIB/MY_driver_i2c.d" -MT"Main_app/Src/MY_LIB/MY_driver_i2c.o" --specs=nano.specs -mfpu=fpv4-sp-d16 -mfloat-abi=hard -mthumb -o "Main_app/Src/MY_LIB/MY_driver_i2c.o"
arm-none-eabi-gcc "../Main_app/Src/MY_LIB/MY_driver_serwo.c" -mcpu=cortex-m4 -std=gnu11 -g3 -DDEBUG -DUSE_HAL_DRIVER -DSTM32F303x8 -c -I"E:/Pulpit/PCB/Plytki_chlodzenia_SOFTWARE/Cooling_left/stm_f303k8_ioc/Main_app/Inc/EKO_LIB" -I"E:/Pulpit/PCB/Plytki_chlodzenia_SOFTWARE/Cooling_left/stm_f303k8_ioc/Main_app/Inc/MY_LIB" -I"E:/Pulpit/PCB/Plytki_chlodzenia_SOFTWARE/Cooling_left/stm_f303k8_ioc/Main_app/Src/EKO_LIB" -I"E:/Pulpit/PCB/Plytki_chlodzenia_SOFTWARE/Cooling_left/stm_f303k8_ioc/Main_app/Src/MY_LIB" -I../Core/Inc -I../Drivers/STM32F3xx_HAL_Driver/Inc -I../Drivers/STM32F3xx_HAL_Driver/Inc/Legacy -I../Drivers/CMSIS/Device/ST/STM32F3xx/Include -I../Drivers/CMSIS/Include -I"E:/Pulpit/PCB/Plytki_chlodzenia_SOFTWARE/Cooling_left/stm_f303k8_ioc/Main_app/Inc" -I"E:/Pulpit/PCB/Plytki_chlodzenia_SOFTWARE/Cooling_left/stm_f303k8_ioc/Main_app/Src" -O0 -ffunction-sections -fdata-sections -Wall -fstack-usage -fcyclomatic-complexity -MMD -MP -MF"Main_app/Src/MY_LIB/MY_driver_serwo.d" -MT"Main_app/Src/MY_LIB/MY_driver_serwo.o" --specs=nano.specs -mfpu=fpv4-sp-d16 -mfloat-abi=hard -mthumb -o "Main_app/Src/MY_LIB/MY_driver_serwo.o"
arm-none-eabi-gcc "../Main_app/Src/cooler_left_app.c" -mcpu=cortex-m4 -std=gnu11 -g3 -DDEBUG -DUSE_HAL_DRIVER -DSTM32F303x8 -c -I"E:/Pulpit/PCB/Plytki_chlodzenia_SOFTWARE/Cooling_left/stm_f303k8_ioc/Main_app/Inc/EKO_LIB" -I"E:/Pulpit/PCB/Plytki_chlodzenia_SOFTWARE/Cooling_left/stm_f303k8_ioc/Main_app/Inc/MY_LIB" -I"E:/Pulpit/PCB/Plytki_chlodzenia_SOFTWARE/Cooling_left/stm_f303k8_ioc/Main_app/Src/EKO_LIB" -I"E:/Pulpit/PCB/Plytki_chlodzenia_SOFTWARE/Cooling_left/stm_f303k8_ioc/Main_app/Src/MY_LIB" -I../Core/Inc -I../Drivers/STM32F3xx_HAL_Driver/Inc -I../Drivers/STM32F3xx_HAL_Driver/Inc/Legacy -I../Drivers/CMSIS/Device/ST/STM32F3xx/Include -I../Drivers/CMSIS/Include -I"E:/Pulpit/PCB/Plytki_chlodzenia_SOFTWARE/Cooling_left/stm_f303k8_ioc/Main_app/Inc" -I"E:/Pulpit/PCB/Plytki_chlodzenia_SOFTWARE/Cooling_left/stm_f303k8_ioc/Main_app/Src" -O0 -ffunction-sections -fdata-sections -Wall -fstack-usage -fcyclomatic-complexity -MMD -MP -MF"Main_app/Src/cooler_left_app.d" -MT"Main_app/Src/cooler_left_app.o" --specs=nano.specs -mfpu=fpv4-sp-d16 -mfloat-abi=hard -mthumb -o "Main_app/Src/cooler_left_app.o"
arm-none-eabi-gcc "../Main_app/Src/cooler_test.c" -mcpu=cortex-m4 -std=gnu11 -g3 -DDEBUG -DUSE_HAL_DRIVER -DSTM32F303x8 -c -I"E:/Pulpit/PCB/Plytki_chlodzenia_SOFTWARE/Cooling_left/stm_f303k8_ioc/Main_app/Inc/EKO_LIB" -I"E:/Pulpit/PCB/Plytki_chlodzenia_SOFTWARE/Cooling_left/stm_f303k8_ioc/Main_app/Inc/MY_LIB" -I"E:/Pulpit/PCB/Plytki_chlodzenia_SOFTWARE/Cooling_left/stm_f303k8_ioc/Main_app/Src/EKO_LIB" -I"E:/Pulpit/PCB/Plytki_chlodzenia_SOFTWARE/Cooling_left/stm_f303k8_ioc/Main_app/Src/MY_LIB" -I../Core/Inc -I../Drivers/STM32F3xx_HAL_Driver/Inc -I../Drivers/STM32F3xx_HAL_Driver/Inc/Legacy -I../Drivers/CMSIS/Device/ST/STM32F3xx/Include -I../Drivers/CMSIS/Include -I"E:/Pulpit/PCB/Plytki_chlodzenia_SOFTWARE/Cooling_left/stm_f303k8_ioc/Main_app/Inc" -I"E:/Pulpit/PCB/Plytki_chlodzenia_SOFTWARE/Cooling_left/stm_f303k8_ioc/Main_app/Src" -O0 -ffunction-sections -fdata-sections -Wall -fstack-usage -fcyclomatic-complexity -MMD -MP -MF"Main_app/Src/cooler_test.d" -MT"Main_app/Src/cooler_test.o" --specs=nano.specs -mfpu=fpv4-sp-d16 -mfloat-abi=hard -mthumb -o "Main_app/Src/cooler_test.o"
arm-none-eabi-gcc "../Core/Src/main.c" -mcpu=cortex-m4 -std=gnu11 -g3 -DDEBUG -DUSE_HAL_DRIVER -DSTM32F303x8 -c -I"E:/Pulpit/PCB/Plytki_chlodzenia_SOFTWARE/Cooling_left/stm_f303k8_ioc/Main_app/Inc/EKO_LIB" -I"E:/Pulpit/PCB/Plytki_chlodzenia_SOFTWARE/Cooling_left/stm_f303k8_ioc/Main_app/Inc" -I"E:/Pulpit/PCB/Plytki_chlodzenia_SOFTWARE/Cooling_left/stm_f303k8_ioc/Main_app/Src" -I"E:/Pulpit/PCB/Plytki_chlodzenia_SOFTWARE/Cooling_left/stm_f303k8_ioc/Main_app/Inc/MY_LIB" -I"E:/Pulpit/PCB/Plytki_chlodzenia_SOFTWARE/Cooling_left/stm_f303k8_ioc/Main_app/Src/EKO_LIB" -I"E:/Pulpit/PCB/Plytki_chlodzenia_SOFTWARE/Cooling_left/stm_f303k8_ioc/Main_app/Src/MY_LIB" -I../Core/Inc -I../Drivers/STM32F3xx_HAL_Driver/Inc -I../Drivers/STM32F3xx_HAL_Driver/Inc/Legacy -I../Drivers/CMSIS/Device/ST/STM32F3xx/Include -I../Drivers/CMSIS/Include -O0 -ffunction-sections -fdata-sections -Wall -fstack-usage -fcyclomatic-complexity -MMD -MP -MF"Core/Src/main.d" -MT"Core/Src/main.o" --specs=nano.specs -mfpu=fpv4-sp-d16 -mfloat-abi=hard -mthumb -o "Core/Src/main.o"
../Main_app/Src/MY_LIB/MY_driver_i2c.c: In function 'AM2320_StateMachine':
../Main_app/Src/MY_LIB/MY_driver_i2c.c:153:5: warning: enumeration value 'AM2320_IDLE' not handled in switch [-Wswitch]
  153 |     switch (am2320State)
      |     ^~~~~~
../Main_app/Src/cooler_left_app.c: In function 'COOLER_app':
../Main_app/Src/cooler_left_app.c:117:27: warning: enumeration value 'CAN_FRAME_BMS_TEMP_1' not handled in switch [-Wswitch]
  117 |                           switch(msg.name)
      |                           ^~~~~~
../Main_app/Src/cooler_left_app.c:117:27: warning: enumeration value 'CAN_FRAME_BMS_TEMP_2' not handled in switch [-Wswitch]
../Main_app/Src/cooler_left_app.c:117:27: warning: enumeration value 'CAN_FRAME_BMS_TEMP_3' not handled in switch [-Wswitch]
../Main_app/Src/cooler_left_app.c:117:27: warning: enumeration value 'CAN_FRAME_BMS_TEMP_4' not handled in switch [-Wswitch]
../Main_app/Src/cooler_left_app.c:117:27: warning: enumeration value 'CAN_FRAME_BMS_TEMP_5' not handled in switch [-Wswitch]
../Main_app/Src/cooler_left_app.c:117:27: warning: enumeration value 'CAN_FRAME_BMS_TEMP_6' not handled in switch [-Wswitch]
../Main_app/Src/cooler_left_app.c:117:27: warning: enumeration value 'CAN_FRAME_BMS_TEMP_7' not handled in switch [-Wswitch]
../Main_app/Src/cooler_left_app.c:117:27: warning: enumeration value 'CAN_FRAME_BMS_TEMP_8' not handled in switch [-Wswitch]
../Main_app/Src/cooler_left_app.c:117:27: warning: enumeration value 'CAN_FRAME_BMS_TEMP_9' not handled in switch [-Wswitch]
../Main_app/Src/cooler_left_app.c:117:27: warning: enumeration value 'CAN_FRAME_SET_SERVOS_ENGINE' not handled in switch [-Wswitch]
../Main_app/Src/cooler_left_app.c:117:27: warning: enumeration value 'CAN_FRAME_SAFE_STATE' not handled in switch [-Wswitch]
../Main_app/Src/cooler_left_app.c:117:27: warning: enumeration value 'CAN_FRAME_BATTERY_SET_FAN' not handled in switch [-Wswitch]
../Main_app/Src/cooler_left_app.c:117:27: warning: enumeration value 'CAN_FRAME_UNKNOWN' not handled in switch [-Wswitch]
arm-none-eabi-gcc -o "stm_f303k8_ioc.elf" @"objects.list"   -mcpu=cortex-m4 -T"E:\Pulpit\PCB\Plytki_chlodzenia_SOFTWARE\Cooling_left\stm_f303k8_ioc\STM32F303K8TX_FLASH.ld" --specs=nosys.specs -Wl,-Map="stm_f303k8_ioc.map" -Wl,--gc-sections -static --specs=nano.specs -mfpu=fpv4-sp-d16 -mfloat-abi=hard -mthumb -Wl,--start-group -lc -lm -Wl,--end-group
Finished building target: stm_f303k8_ioc.elf
 
arm-none-eabi-size  stm_f303k8_ioc.elf 
arm-none-eabi-objdump -h -S stm_f303k8_ioc.elf  > "stm_f303k8_ioc.list"
   text	   data	    bss	    dec	    hex	filename
  34852	     12	   5064	  39928	   9bf8	stm_f303k8_ioc.elf
Finished building: default.size.stdout
 
Finished building: stm_f303k8_ioc.list
 
19:36:45 **** Incremental Build of configuration Debug for project stm_f303k8_ioc ****
make -j16 all 
arm-none-eabi-gcc "../Main_app/Src/MY_LIB/MY_driver_fan.c" -mcpu=cortex-m4 -std=gnu11 -g3 -DDEBUG -DUSE_HAL_DRIVER -DSTM32F303x8 -c -I"E:/Pulpit/PCB/Plytki_chlodzenia_SOFTWARE/Cooling_left/stm_f303k8_ioc/Main_app/Inc/EKO_LIB" -I"E:/Pulpit/PCB/Plytki_chlodzenia_SOFTWARE/Cooling_left/stm_f303k8_ioc/Main_app/Inc/MY_LIB" -I"E:/Pulpit/PCB/Plytki_chlodzenia_SOFTWARE/Cooling_left/stm_f303k8_ioc/Main_app/Src/EKO_LIB" -I"E:/Pulpit/PCB/Plytki_chlodzenia_SOFTWARE/Cooling_left/stm_f303k8_ioc/Main_app/Src/MY_LIB" -I../Core/Inc -I../Drivers/STM32F3xx_HAL_Driver/Inc -I../Drivers/STM32F3xx_HAL_Driver/Inc/Legacy -I../Drivers/CMSIS/Device/ST/STM32F3xx/Include -I../Drivers/CMSIS/Include -I"E:/Pulpit/PCB/Plytki_chlodzenia_SOFTWARE/Cooling_left/stm_f303k8_ioc/Main_app/Inc" -I"E:/Pulpit/PCB/Plytki_chlodzenia_SOFTWARE/Cooling_left/stm_f303k8_ioc/Main_app/Src" -O0 -ffunction-sections -fdata-sections -Wall -fstack-usage -fcyclomatic-complexity -MMD -MP -MF"Main_app/Src/MY_LIB/MY_driver_fan.d" -MT"Main_app/Src/MY_LIB/MY_driver_fan.o" --specs=nano.specs -mfpu=fpv4-sp-d16 -mfloat-abi=hard -mthumb -o "Main_app/Src/MY_LIB/MY_driver_fan.o"
arm-none-eabi-gcc "../Main_app/Src/MY_LIB/MY_driver_i2c.c" -mcpu=cortex-m4 -std=gnu11 -g3 -DDEBUG -DUSE_HAL_DRIVER -DSTM32F303x8 -c -I"E:/Pulpit/PCB/Plytki_chlodzenia_SOFTWARE/Cooling_left/stm_f303k8_ioc/Main_app/Inc/EKO_LIB" -I"E:/Pulpit/PCB/Plytki_chlodzenia_SOFTWARE/Cooling_left/stm_f303k8_ioc/Main_app/Inc/MY_LIB" -I"E:/Pulpit/PCB/Plytki_chlodzenia_SOFTWARE/Cooling_left/stm_f303k8_ioc/Main_app/Src/EKO_LIB" -I"E:/Pulpit/PCB/Plytki_chlodzenia_SOFTWARE/Cooling_left/stm_f303k8_ioc/Main_app/Src/MY_LIB" -I../Core/Inc -I../Drivers/STM32F3xx_HAL_Driver/Inc -I../Drivers/STM32F3xx_HAL_Driver/Inc/Legacy -I../Drivers/CMSIS/Device/ST/STM32F3xx/Include -I../Drivers/CMSIS/Include -I"E:/Pulpit/PCB/Plytki_chlodzenia_SOFTWARE/Cooling_left/stm_f303k8_ioc/Main_app/Inc" -I"E:/Pulpit/PCB/Plytki_chlodzenia_SOFTWARE/Cooling_left/stm_f303k8_ioc/Main_app/Src" -O0 -ffunction-sections -fdata-sections -Wall -fstack-usage -fcyclomatic-complexity -MMD -MP -MF"Main_app/Src/MY_LIB/MY_driver_i2c.d" -MT"Main_app/Src/MY_LIB/MY_driver_i2c.o" --specs=nano.specs -mfpu=fpv4-sp-d16 -mfloat-abi=hard -mthumb -o "Main_app/Src/MY_LIB/MY_driver_i2c.o"
arm-none-eabi-gcc "../Main_app/Src/MY_LIB/MY_driver_serwo.c" -mcpu=cortex-m4 -std=gnu11 -g3 -DDEBUG -DUSE_HAL_DRIVER -DSTM32F303x8 -c -I"E:/Pulpit/PCB/Plytki_chlodzenia_SOFTWARE/Cooling_left/stm_f303k8_ioc/Main_app/Inc/EKO_LIB" -I"E:/Pulpit/PCB/Plytki_chlodzenia_SOFTWARE/Cooling_left/stm_f303k8_ioc/Main_app/Inc/MY_LIB" -I"E:/Pulpit/PCB/Plytki_chlodzenia_SOFTWARE/Cooling_left/stm_f303k8_ioc/Main_app/Src/EKO_LIB" -I"E:/Pulpit/PCB/Plytki_chlodzenia_SOFTWARE/Cooling_left/stm_f303k8_ioc/Main_app/Src/MY_LIB" -I../Core/Inc -I../Drivers/STM32F3xx_HAL_Driver/Inc -I../Drivers/STM32F3xx_HAL_Driver/Inc/Legacy -I../Drivers/CMSIS/Device/ST/STM32F3xx/Include -I../Drivers/CMSIS/Include -I"E:/Pulpit/PCB/Plytki_chlodzenia_SOFTWARE/Cooling_left/stm_f303k8_ioc/Main_app/Inc" -I"E:/Pulpit/PCB/Plytki_chlodzenia_SOFTWARE/Cooling_left/stm_f303k8_ioc/Main_app/Src" -O0 -ffunction-sections -fdata-sections -Wall -fstack-usage -fcyclomatic-complexity -MMD -MP -MF"Main_app/Src/MY_LIB/MY_driver_serwo.d" -MT"Main_app/Src/MY_LIB/MY_driver_serwo.o" --specs=nano.specs -mfpu=fpv4-sp-d16 -mfloat-abi=hard -mthumb -o "Main_app/Src/MY_LIB/MY_driver_serwo.o"
arm-none-eabi-gcc "../Main_app/Src/cooler_left_app.c" -mcpu=cortex-m4 -std=gnu11 -g3 -DDEBUG -DUSE_HAL_DRIVER -DSTM32F303x8 -c -I"E:/Pulpit/PCB/Plytki_chlodzenia_SOFTWARE/Cooling_left/stm_f303k8_ioc/Main_app/Inc/EKO_LIB" -I"E:/Pulpit/PCB/Plytki_chlodzenia_SOFTWARE/Cooling_left/stm_f303k8_ioc/Main_app/Inc/MY_LIB" -I"E:/Pulpit/PCB/Plytki_chlodzenia_SOFTWARE/Cooling_left/stm_f303k8_ioc/Main_app/Src/EKO_LIB" -I"E:/Pulpit/PCB/Plytki_chlodzenia_SOFTWARE/Cooling_left/stm_f303k8_ioc/Main_app/Src/MY_LIB" -I../Core/Inc -I../Drivers/STM32F3xx_HAL_Driver/Inc -I../Drivers/STM32F3xx_HAL_Driver/Inc/Legacy -I../Drivers/CMSIS/Device/ST/STM32F3xx/Include -I../Drivers/CMSIS/Include -I"E:/Pulpit/PCB/Plytki_chlodzenia_SOFTWARE/Cooling_left/stm_f303k8_ioc/Main_app/Inc" -I"E:/Pulpit/PCB/Plytki_chlodzenia_SOFTWARE/Cooling_left/stm_f303k8_ioc/Main_app/Src" -O0 -ffunction-sections -fdata-sections -Wall -fstack-usage -fcyclomatic-complexity -MMD -MP -MF"Main_app/Src/cooler_left_app.d" -MT"Main_app/Src/cooler_left_app.o" --specs=nano.specs -mfpu=fpv4-sp-d16 -mfloat-abi=hard -mthumb -o "Main_app/Src/cooler_left_app.o"
arm-none-eabi-gcc "../Main_app/Src/cooler_test.c" -mcpu=cortex-m4 -std=gnu11 -g3 -DDEBUG -DUSE_HAL_DRIVER -DSTM32F303x8 -c -I"E:/Pulpit/PCB/Plytki_chlodzenia_SOFTWARE/Cooling_left/stm_f303k8_ioc/Main_app/Inc/EKO_LIB" -I"E:/Pulpit/PCB/Plytki_chlodzenia_SOFTWARE/Cooling_left/stm_f303k8_ioc/Main_app/Inc/MY_LIB" -I"E:/Pulpit/PCB/Plytki_chlodzenia_SOFTWARE/Cooling_left/stm_f303k8_ioc/Main_app/Src/EKO_LIB" -I"E:/Pulpit/PCB/Plytki_chlodzenia_SOFTWARE/Cooling_left/stm_f303k8_ioc/Main_app/Src/MY_LIB" -I../Core/Inc -I../Drivers/STM32F3xx_HAL_Driver/Inc -I../Drivers/STM32F3xx_HAL_Driver/Inc/Legacy -I../Drivers/CMSIS/Device/ST/STM32F3xx/Include -I../Drivers/CMSIS/Include -I"E:/Pulpit/PCB/Plytki_chlodzenia_SOFTWARE/Cooling_left/stm_f303k8_ioc/Main_app/Inc" -I"E:/Pulpit/PCB/Plytki_chlodzenia_SOFTWARE/Cooling_left/stm_f303k8_ioc/Main_app/Src" -O0 -ffunction-sections -fdata-sections -Wall -fstack-usage -fcyclomatic-complexity -MMD -MP -MF"Main_app/Src/cooler_test.d" -MT"Main_app/Src/cooler_test.o" --specs=nano.specs -mfpu=fpv4-sp-d16 -mfloat-abi=hard -mthumb -o "Main_app/Src/cooler_test.o"
arm-none-eabi-gcc "../Core/Src/main.c" -mcpu=cortex-m4 -std=gnu11 -g3 -DDEBUG -DUSE_HAL_DRIVER -DSTM32F303x8 -c -I"E:/Pulpit/PCB/Plytki_chlodzenia_SOFTWARE/Cooling_left/stm_f303k8_ioc/Main_app/Inc/EKO_LIB" -I"E:/Pulpit/PCB/Plytki_chlodzenia_SOFTWARE/Cooling_left/stm_f303k8_ioc/Main_app/Inc" -I"E:/Pulpit/PCB/Plytki_chlodzenia_SOFTWARE/Cooling_left/stm_f303k8_ioc/Main_app/Src" -I"E:/Pulpit/PCB/Plytki_chlodzenia_SOFTWARE/Cooling_left/stm_f303k8_ioc/Main_app/Inc/MY_LIB" -I"E:/Pulpit/PCB/Plytki_chlodzenia_SOFTWARE/Cooling_left/stm_f303k8_ioc/Main_app/Src/EKO_LIB" -I"E:/Pulpit/PCB/Plytki_chlodzenia_SOFTWARE/Cooling_left/stm_f303k8_ioc/Main_app/Src/MY_LIB" -I../Core/Inc -I../Drivers/STM32F3xx_HAL_Driver/Inc -I../Drivers/STM32F3xx_HAL_Driver/Inc/Legacy -I../Drivers/CMSIS/Device/ST/STM32F3xx/Include -I../Drivers/CMSIS/Include -O0 -ffunction-sections -fdata-sections -Wall -fstack-usage -fcyclomatic-complexity -MMD -MP -MF"Core/Src/main.d" -MT"Core/Src/main.o" --specs=nano.specs -mfpu=fpv4-sp-d16 -mfloat-abi=hard -mthumb -o "Core/Src/main.o"
../Main_app/Src/MY_LIB/MY_driver_i2c.c: In function 'AM2320_StateMachine':
../Main_app/Src/MY_LIB/MY_driver_i2c.c:153:5: warning: enumeration value 'AM2320_IDLE' not handled in switch [-Wswitch]
  153 |     switch (am2320State)
      |     ^~~~~~
../Main_app/Src/cooler_left_app.c: In function 'COOLER_app':
../Main_app/Src/cooler_left_app.c:117:27: warning: enumeration value 'CAN_FRAME_BMS_TEMP_1' not handled in switch [-Wswitch]
  117 |                           switch(msg.name)
      |                           ^~~~~~
../Main_app/Src/cooler_left_app.c:117:27: warning: enumeration value 'CAN_FRAME_BMS_TEMP_2' not handled in switch [-Wswitch]
../Main_app/Src/cooler_left_app.c:117:27: warning: enumeration value 'CAN_FRAME_BMS_TEMP_3' not handled in switch [-Wswitch]
../Main_app/Src/cooler_left_app.c:117:27: warning: enumeration value 'CAN_FRAME_BMS_TEMP_4' not handled in switch [-Wswitch]
../Main_app/Src/cooler_left_app.c:117:27: warning: enumeration value 'CAN_FRAME_BMS_TEMP_5' not handled in switch [-Wswitch]
../Main_app/Src/cooler_left_app.c:117:27: warning: enumeration value 'CAN_FRAME_BMS_TEMP_6' not handled in switch [-Wswitch]
../Main_app/Src/cooler_left_app.c:117:27: warning: enumeration value 'CAN_FRAME_BMS_TEMP_7' not handled in switch [-Wswitch]
../Main_app/Src/cooler_left_app.c:117:27: warning: enumeration value 'CAN_FRAME_BMS_TEMP_8' not handled in switch [-Wswitch]
../Main_app/Src/cooler_left_app.c:117:27: warning: enumeration value 'CAN_FRAME_BMS_TEMP_9' not handled in switch [-Wswitch]
../Main_app/Src/cooler_left_app.c:117:27: warning: enumeration value 'CAN_FRAME_SET_SERVOS_ENGINE' not handled in switch [-Wswitch]
../Main_app/Src/cooler_left_app.c:117:27: warning: enumeration value 'CAN_FRAME_SAFE_STATE' not handled in switch [-Wswitch]
../Main_app/Src/cooler_left_app.c:117:27: warning: enumeration value 'CAN_FRAME_BATTERY_SET_FAN' not handled in switch [-Wswitch]
../Main_app/Src/cooler_left_app.c:117:27: warning: enumeration value 'CAN_FRAME_UNKNOWN' not handled in switch [-Wswitch]
arm-none-eabi-gcc -o "stm_f303k8_ioc.elf" @"objects.list"   -mcpu=cortex-m4 -T"E:\Pulpit\PCB\Plytki_chlodzenia_SOFTWARE\Cooling_left\stm_f303k8_ioc\STM32F303K8TX_FLASH.ld" --specs=nosys.specs -Wl,-Map="stm_f303k8_ioc.map" -Wl,--gc-sections -static --specs=nano.specs -mfpu=fpv4-sp-d16 -mfloat-abi=hard -mthumb -Wl,--start-group -lc -lm -Wl,--end-group
Finished building target: stm_f303k8_ioc.elf
 
arm-none-eabi-size  stm_f303k8_ioc.elf 
arm-none-eabi-objdump -h -S stm_f303k8_ioc.elf  > "stm_f303k8_ioc.list"
   text	   data	    bss	    dec	    hex	filename
  34852	     12	   5064	  39928	   9bf8	stm_f303k8_ioc.elf
Finished building: default.size.stdout
 
Finished building: stm_f303k8_ioc.list
 
19:37:08 **** Incremental Build of configuration Debug for project stm_f303k8_ioc ****
make -j16 all 
arm-none-eabi-gcc "../Main_app/Src/MY_LIB/MY_driver_fan.c" -mcpu=cortex-m4 -std=gnu11 -g3 -DDEBUG -DUSE_HAL_DRIVER -DSTM32F303x8 -c -I"E:/Pulpit/PCB/Plytki_chlodzenia_SOFTWARE/Cooling_left/stm_f303k8_ioc/Main_app/Inc/EKO_LIB" -I"E:/Pulpit/PCB/Plytki_chlodzenia_SOFTWARE/Cooling_left/stm_f303k8_ioc/Main_app/Inc/MY_LIB" -I"E:/Pulpit/PCB/Plytki_chlodzenia_SOFTWARE/Cooling_left/stm_f303k8_ioc/Main_app/Src/EKO_LIB" -I"E:/Pulpit/PCB/Plytki_chlodzenia_SOFTWARE/Cooling_left/stm_f303k8_ioc/Main_app/Src/MY_LIB" -I../Core/Inc -I../Drivers/STM32F3xx_HAL_Driver/Inc -I../Drivers/STM32F3xx_HAL_Driver/Inc/Legacy -I../Drivers/CMSIS/Device/ST/STM32F3xx/Include -I../Drivers/CMSIS/Include -I"E:/Pulpit/PCB/Plytki_chlodzenia_SOFTWARE/Cooling_left/stm_f303k8_ioc/Main_app/Inc" -I"E:/Pulpit/PCB/Plytki_chlodzenia_SOFTWARE/Cooling_left/stm_f303k8_ioc/Main_app/Src" -O0 -ffunction-sections -fdata-sections -Wall -fstack-usage -fcyclomatic-complexity -MMD -MP -MF"Main_app/Src/MY_LIB/MY_driver_fan.d" -MT"Main_app/Src/MY_LIB/MY_driver_fan.o" --specs=nano.specs -mfpu=fpv4-sp-d16 -mfloat-abi=hard -mthumb -o "Main_app/Src/MY_LIB/MY_driver_fan.o"
arm-none-eabi-gcc "../Main_app/Src/MY_LIB/MY_driver_i2c.c" -mcpu=cortex-m4 -std=gnu11 -g3 -DDEBUG -DUSE_HAL_DRIVER -DSTM32F303x8 -c -I"E:/Pulpit/PCB/Plytki_chlodzenia_SOFTWARE/Cooling_left/stm_f303k8_ioc/Main_app/Inc/EKO_LIB" -I"E:/Pulpit/PCB/Plytki_chlodzenia_SOFTWARE/Cooling_left/stm_f303k8_ioc/Main_app/Inc/MY_LIB" -I"E:/Pulpit/PCB/Plytki_chlodzenia_SOFTWARE/Cooling_left/stm_f303k8_ioc/Main_app/Src/EKO_LIB" -I"E:/Pulpit/PCB/Plytki_chlodzenia_SOFTWARE/Cooling_left/stm_f303k8_ioc/Main_app/Src/MY_LIB" -I../Core/Inc -I../Drivers/STM32F3xx_HAL_Driver/Inc -I../Drivers/STM32F3xx_HAL_Driver/Inc/Legacy -I../Drivers/CMSIS/Device/ST/STM32F3xx/Include -I../Drivers/CMSIS/Include -I"E:/Pulpit/PCB/Plytki_chlodzenia_SOFTWARE/Cooling_left/stm_f303k8_ioc/Main_app/Inc" -I"E:/Pulpit/PCB/Plytki_chlodzenia_SOFTWARE/Cooling_left/stm_f303k8_ioc/Main_app/Src" -O0 -ffunction-sections -fdata-sections -Wall -fstack-usage -fcyclomatic-complexity -MMD -MP -MF"Main_app/Src/MY_LIB/MY_driver_i2c.d" -MT"Main_app/Src/MY_LIB/MY_driver_i2c.o" --specs=nano.specs -mfpu=fpv4-sp-d16 -mfloat-abi=hard -mthumb -o "Main_app/Src/MY_LIB/MY_driver_i2c.o"
arm-none-eabi-gcc "../Main_app/Src/MY_LIB/MY_driver_serwo.c" -mcpu=cortex-m4 -std=gnu11 -g3 -DDEBUG -DUSE_HAL_DRIVER -DSTM32F303x8 -c -I"E:/Pulpit/PCB/Plytki_chlodzenia_SOFTWARE/Cooling_left/stm_f303k8_ioc/Main_app/Inc/EKO_LIB" -I"E:/Pulpit/PCB/Plytki_chlodzenia_SOFTWARE/Cooling_left/stm_f303k8_ioc/Main_app/Inc/MY_LIB" -I"E:/Pulpit/PCB/Plytki_chlodzenia_SOFTWARE/Cooling_left/stm_f303k8_ioc/Main_app/Src/EKO_LIB" -I"E:/Pulpit/PCB/Plytki_chlodzenia_SOFTWARE/Cooling_left/stm_f303k8_ioc/Main_app/Src/MY_LIB" -I../Core/Inc -I../Drivers/STM32F3xx_HAL_Driver/Inc -I../Drivers/STM32F3xx_HAL_Driver/Inc/Legacy -I../Drivers/CMSIS/Device/ST/STM32F3xx/Include -I../Drivers/CMSIS/Include -I"E:/Pulpit/PCB/Plytki_chlodzenia_SOFTWARE/Cooling_left/stm_f303k8_ioc/Main_app/Inc" -I"E:/Pulpit/PCB/Plytki_chlodzenia_SOFTWARE/Cooling_left/stm_f303k8_ioc/Main_app/Src" -O0 -ffunction-sections -fdata-sections -Wall -fstack-usage -fcyclomatic-complexity -MMD -MP -MF"Main_app/Src/MY_LIB/MY_driver_serwo.d" -MT"Main_app/Src/MY_LIB/MY_driver_serwo.o" --specs=nano.specs -mfpu=fpv4-sp-d16 -mfloat-abi=hard -mthumb -o "Main_app/Src/MY_LIB/MY_driver_serwo.o"
arm-none-eabi-gcc "../Main_app/Src/cooler_left_app.c" -mcpu=cortex-m4 -std=gnu11 -g3 -DDEBUG -DUSE_HAL_DRIVER -DSTM32F303x8 -c -I"E:/Pulpit/PCB/Plytki_chlodzenia_SOFTWARE/Cooling_left/stm_f303k8_ioc/Main_app/Inc/EKO_LIB" -I"E:/Pulpit/PCB/Plytki_chlodzenia_SOFTWARE/Cooling_left/stm_f303k8_ioc/Main_app/Inc/MY_LIB" -I"E:/Pulpit/PCB/Plytki_chlodzenia_SOFTWARE/Cooling_left/stm_f303k8_ioc/Main_app/Src/EKO_LIB" -I"E:/Pulpit/PCB/Plytki_chlodzenia_SOFTWARE/Cooling_left/stm_f303k8_ioc/Main_app/Src/MY_LIB" -I../Core/Inc -I../Drivers/STM32F3xx_HAL_Driver/Inc -I../Drivers/STM32F3xx_HAL_Driver/Inc/Legacy -I../Drivers/CMSIS/Device/ST/STM32F3xx/Include -I../Drivers/CMSIS/Include -I"E:/Pulpit/PCB/Plytki_chlodzenia_SOFTWARE/Cooling_left/stm_f303k8_ioc/Main_app/Inc" -I"E:/Pulpit/PCB/Plytki_chlodzenia_SOFTWARE/Cooling_left/stm_f303k8_ioc/Main_app/Src" -O0 -ffunction-sections -fdata-sections -Wall -fstack-usage -fcyclomatic-complexity -MMD -MP -MF"Main_app/Src/cooler_left_app.d" -MT"Main_app/Src/cooler_left_app.o" --specs=nano.specs -mfpu=fpv4-sp-d16 -mfloat-abi=hard -mthumb -o "Main_app/Src/cooler_left_app.o"
arm-none-eabi-gcc "../Main_app/Src/cooler_test.c" -mcpu=cortex-m4 -std=gnu11 -g3 -DDEBUG -DUSE_HAL_DRIVER -DSTM32F303x8 -c -I"E:/Pulpit/PCB/Plytki_chlodzenia_SOFTWARE/Cooling_left/stm_f303k8_ioc/Main_app/Inc/EKO_LIB" -I"E:/Pulpit/PCB/Plytki_chlodzenia_SOFTWARE/Cooling_left/stm_f303k8_ioc/Main_app/Inc/MY_LIB" -I"E:/Pulpit/PCB/Plytki_chlodzenia_SOFTWARE/Cooling_left/stm_f303k8_ioc/Main_app/Src/EKO_LIB" -I"E:/Pulpit/PCB/Plytki_chlodzenia_SOFTWARE/Cooling_left/stm_f303k8_ioc/Main_app/Src/MY_LIB" -I../Core/Inc -I../Drivers/STM32F3xx_HAL_Driver/Inc -I../Drivers/STM32F3xx_HAL_Driver/Inc/Legacy -I../Drivers/CMSIS/Device/ST/STM32F3xx/Include -I../Drivers/CMSIS/Include -I"E:/Pulpit/PCB/Plytki_chlodzenia_SOFTWARE/Cooling_left/stm_f303k8_ioc/Main_app/Inc" -I"E:/Pulpit/PCB/Plytki_chlodzenia_SOFTWARE/Cooling_left/stm_f303k8_ioc/Main_app/Src" -O0 -ffunction-sections -fdata-sections -Wall -fstack-usage -fcyclomatic-complexity -MMD -MP -MF"Main_app/Src/cooler_test.d" -MT"Main_app/Src/cooler_test.o" --specs=nano.specs -mfpu=fpv4-sp-d16 -mfloat-abi=hard -mthumb -o "Main_app/Src/cooler_test.o"
arm-none-eabi-gcc "../Core/Src/main.c" -mcpu=cortex-m4 -std=gnu11 -g3 -DDEBUG -DUSE_HAL_DRIVER -DSTM32F303x8 -c -I"E:/Pulpit/PCB/Plytki_chlodzenia_SOFTWARE/Cooling_left/stm_f303k8_ioc/Main_app/Inc/EKO_LIB" -I"E:/Pulpit/PCB/Plytki_chlodzenia_SOFTWARE/Cooling_left/stm_f303k8_ioc/Main_app/Inc" -I"E:/Pulpit/PCB/Plytki_chlodzenia_SOFTWARE/Cooling_left/stm_f303k8_ioc/Main_app/Src" -I"E:/Pulpit/PCB/Plytki_chlodzenia_SOFTWARE/Cooling_left/stm_f303k8_ioc/Main_app/Inc/MY_LIB" -I"E:/Pulpit/PCB/Plytki_chlodzenia_SOFTWARE/Cooling_left/stm_f303k8_ioc/Main_app/Src/EKO_LIB" -I"E:/Pulpit/PCB/Plytki_chlodzenia_SOFTWARE/Cooling_left/stm_f303k8_ioc/Main_app/Src/MY_LIB" -I../Core/Inc -I../Drivers/STM32F3xx_HAL_Driver/Inc -I../Drivers/STM32F3xx_HAL_Driver/Inc/Legacy -I../Drivers/CMSIS/Device/ST/STM32F3xx/Include -I../Drivers/CMSIS/Include -O0 -ffunction-sections -fdata-sections -Wall -fstack-usage -fcyclomatic-complexity -MMD -MP -MF"Core/Src/main.d" -MT"Core/Src/main.o" --specs=nano.specs -mfpu=fpv4-sp-d16 -mfloat-abi=hard -mthumb -o "Core/Src/main.o"
../Main_app/Src/MY_LIB/MY_driver_i2c.c: In function 'AM2320_StateMachine':
../Main_app/Src/MY_LIB/MY_driver_i2c.c:153:5: warning: enumeration value 'AM2320_IDLE' not handled in switch [-Wswitch]
  153 |     switch (am2320State)
      |     ^~~~~~
../Main_app/Src/cooler_left_app.c: In function 'COOLER_app':
../Main_app/Src/cooler_left_app.c:117:27: warning: enumeration value 'CAN_FRAME_BMS_TEMP_1' not handled in switch [-Wswitch]
  117 |                           switch(msg.name)
      |                           ^~~~~~
../Main_app/Src/cooler_left_app.c:117:27: warning: enumeration value 'CAN_FRAME_BMS_TEMP_2' not handled in switch [-Wswitch]
../Main_app/Src/cooler_left_app.c:117:27: warning: enumeration value 'CAN_FRAME_BMS_TEMP_3' not handled in switch [-Wswitch]
../Main_app/Src/cooler_left_app.c:117:27: warning: enumeration value 'CAN_FRAME_BMS_TEMP_4' not handled in switch [-Wswitch]
../Main_app/Src/cooler_left_app.c:117:27: warning: enumeration value 'CAN_FRAME_BMS_TEMP_5' not handled in switch [-Wswitch]
../Main_app/Src/cooler_left_app.c:117:27: warning: enumeration value 'CAN_FRAME_BMS_TEMP_6' not handled in switch [-Wswitch]
../Main_app/Src/cooler_left_app.c:117:27: warning: enumeration value 'CAN_FRAME_BMS_TEMP_7' not handled in switch [-Wswitch]
../Main_app/Src/cooler_left_app.c:117:27: warning: enumeration value 'CAN_FRAME_BMS_TEMP_8' not handled in switch [-Wswitch]
../Main_app/Src/cooler_left_app.c:117:27: warning: enumeration value 'CAN_FRAME_BMS_TEMP_9' not handled in switch [-Wswitch]
../Main_app/Src/cooler_left_app.c:117:27: warning: enumeration value 'CAN_FRAME_SET_SERVOS_ENGINE' not handled in switch [-Wswitch]
../Main_app/Src/cooler_left_app.c:117:27: warning: enumeration value 'CAN_FRAME_SAFE_STATE' not handled in switch [-Wswitch]
../Main_app/Src/cooler_left_app.c:117:27: warning: enumeration value 'CAN_FRAME_BATTERY_SET_FAN' not handled in switch [-Wswitch]
../Main_app/Src/cooler_left_app.c:117:27: warning: enumeration value 'CAN_FRAME_UNKNOWN' not handled in switch [-Wswitch]
arm-none-eabi-gcc -o "stm_f303k8_ioc.elf" @"objects.list"   -mcpu=cortex-m4 -T"E:\Pulpit\PCB\Plytki_chlodzenia_SOFTWARE\Cooling_left\stm_f303k8_ioc\STM32F303K8TX_FLASH.ld" --specs=nosys.specs -Wl,-Map="stm_f303k8_ioc.map" -Wl,--gc-sections -static --specs=nano.specs -mfpu=fpv4-sp-d16 -mfloat-abi=hard -mthumb -Wl,--start-group -lc -lm -Wl,--end-group
Finished building target: stm_f303k8_ioc.elf
 
arm-none-eabi-size  stm_f303k8_ioc.elf 
arm-none-eabi-objdump -h -S stm_f303k8_ioc.elf  > "stm_f303k8_ioc.list"
   text	   data	    bss	    dec	    hex	filename
  34852	     12	   5064	  39928	   9bf8	stm_f303k8_ioc.elf
Finished building: default.size.stdout
 
Finished building: stm_f303k8_ioc.list
 
19:39:47 **** Incremental Build of configuration Debug for project stm_f303k8_ioc ****
make -j16 all 
arm-none-eabi-gcc "../Main_app/Src/MY_LIB/MY_driver_fan.c" -mcpu=cortex-m4 -std=gnu11 -g3 -DDEBUG -DUSE_HAL_DRIVER -DSTM32F303x8 -c -I"E:/Pulpit/PCB/Plytki_chlodzenia_SOFTWARE/Cooling_left/stm_f303k8_ioc/Main_app/Inc/EKO_LIB" -I"E:/Pulpit/PCB/Plytki_chlodzenia_SOFTWARE/Cooling_left/stm_f303k8_ioc/Main_app/Inc/MY_LIB" -I"E:/Pulpit/PCB/Plytki_chlodzenia_SOFTWARE/Cooling_left/stm_f303k8_ioc/Main_app/Src/EKO_LIB" -I"E:/Pulpit/PCB/Plytki_chlodzenia_SOFTWARE/Cooling_left/stm_f303k8_ioc/Main_app/Src/MY_LIB" -I../Core/Inc -I../Drivers/STM32F3xx_HAL_Driver/Inc -I../Drivers/STM32F3xx_HAL_Driver/Inc/Legacy -I../Drivers/CMSIS/Device/ST/STM32F3xx/Include -I../Drivers/CMSIS/Include -I"E:/Pulpit/PCB/Plytki_chlodzenia_SOFTWARE/Cooling_left/stm_f303k8_ioc/Main_app/Inc" -I"E:/Pulpit/PCB/Plytki_chlodzenia_SOFTWARE/Cooling_left/stm_f303k8_ioc/Main_app/Src" -O0 -ffunction-sections -fdata-sections -Wall -fstack-usage -fcyclomatic-complexity -MMD -MP -MF"Main_app/Src/MY_LIB/MY_driver_fan.d" -MT"Main_app/Src/MY_LIB/MY_driver_fan.o" --specs=nano.specs -mfpu=fpv4-sp-d16 -mfloat-abi=hard -mthumb -o "Main_app/Src/MY_LIB/MY_driver_fan.o"
arm-none-eabi-gcc "../Main_app/Src/MY_LIB/MY_driver_i2c.c" -mcpu=cortex-m4 -std=gnu11 -g3 -DDEBUG -DUSE_HAL_DRIVER -DSTM32F303x8 -c -I"E:/Pulpit/PCB/Plytki_chlodzenia_SOFTWARE/Cooling_left/stm_f303k8_ioc/Main_app/Inc/EKO_LIB" -I"E:/Pulpit/PCB/Plytki_chlodzenia_SOFTWARE/Cooling_left/stm_f303k8_ioc/Main_app/Inc/MY_LIB" -I"E:/Pulpit/PCB/Plytki_chlodzenia_SOFTWARE/Cooling_left/stm_f303k8_ioc/Main_app/Src/EKO_LIB" -I"E:/Pulpit/PCB/Plytki_chlodzenia_SOFTWARE/Cooling_left/stm_f303k8_ioc/Main_app/Src/MY_LIB" -I../Core/Inc -I../Drivers/STM32F3xx_HAL_Driver/Inc -I../Drivers/STM32F3xx_HAL_Driver/Inc/Legacy -I../Drivers/CMSIS/Device/ST/STM32F3xx/Include -I../Drivers/CMSIS/Include -I"E:/Pulpit/PCB/Plytki_chlodzenia_SOFTWARE/Cooling_left/stm_f303k8_ioc/Main_app/Inc" -I"E:/Pulpit/PCB/Plytki_chlodzenia_SOFTWARE/Cooling_left/stm_f303k8_ioc/Main_app/Src" -O0 -ffunction-sections -fdata-sections -Wall -fstack-usage -fcyclomatic-complexity -MMD -MP -MF"Main_app/Src/MY_LIB/MY_driver_i2c.d" -MT"Main_app/Src/MY_LIB/MY_driver_i2c.o" --specs=nano.specs -mfpu=fpv4-sp-d16 -mfloat-abi=hard -mthumb -o "Main_app/Src/MY_LIB/MY_driver_i2c.o"
arm-none-eabi-gcc "../Main_app/Src/MY_LIB/MY_driver_serwo.c" -mcpu=cortex-m4 -std=gnu11 -g3 -DDEBUG -DUSE_HAL_DRIVER -DSTM32F303x8 -c -I"E:/Pulpit/PCB/Plytki_chlodzenia_SOFTWARE/Cooling_left/stm_f303k8_ioc/Main_app/Inc/EKO_LIB" -I"E:/Pulpit/PCB/Plytki_chlodzenia_SOFTWARE/Cooling_left/stm_f303k8_ioc/Main_app/Inc/MY_LIB" -I"E:/Pulpit/PCB/Plytki_chlodzenia_SOFTWARE/Cooling_left/stm_f303k8_ioc/Main_app/Src/EKO_LIB" -I"E:/Pulpit/PCB/Plytki_chlodzenia_SOFTWARE/Cooling_left/stm_f303k8_ioc/Main_app/Src/MY_LIB" -I../Core/Inc -I../Drivers/STM32F3xx_HAL_Driver/Inc -I../Drivers/STM32F3xx_HAL_Driver/Inc/Legacy -I../Drivers/CMSIS/Device/ST/STM32F3xx/Include -I../Drivers/CMSIS/Include -I"E:/Pulpit/PCB/Plytki_chlodzenia_SOFTWARE/Cooling_left/stm_f303k8_ioc/Main_app/Inc" -I"E:/Pulpit/PCB/Plytki_chlodzenia_SOFTWARE/Cooling_left/stm_f303k8_ioc/Main_app/Src" -O0 -ffunction-sections -fdata-sections -Wall -fstack-usage -fcyclomatic-complexity -MMD -MP -MF"Main_app/Src/MY_LIB/MY_driver_serwo.d" -MT"Main_app/Src/MY_LIB/MY_driver_serwo.o" --specs=nano.specs -mfpu=fpv4-sp-d16 -mfloat-abi=hard -mthumb -o "Main_app/Src/MY_LIB/MY_driver_serwo.o"
arm-none-eabi-gcc "../Main_app/Src/cooler_left_app.c" -mcpu=cortex-m4 -std=gnu11 -g3 -DDEBUG -DUSE_HAL_DRIVER -DSTM32F303x8 -c -I"E:/Pulpit/PCB/Plytki_chlodzenia_SOFTWARE/Cooling_left/stm_f303k8_ioc/Main_app/Inc/EKO_LIB" -I"E:/Pulpit/PCB/Plytki_chlodzenia_SOFTWARE/Cooling_left/stm_f303k8_ioc/Main_app/Inc/MY_LIB" -I"E:/Pulpit/PCB/Plytki_chlodzenia_SOFTWARE/Cooling_left/stm_f303k8_ioc/Main_app/Src/EKO_LIB" -I"E:/Pulpit/PCB/Plytki_chlodzenia_SOFTWARE/Cooling_left/stm_f303k8_ioc/Main_app/Src/MY_LIB" -I../Core/Inc -I../Drivers/STM32F3xx_HAL_Driver/Inc -I../Drivers/STM32F3xx_HAL_Driver/Inc/Legacy -I../Drivers/CMSIS/Device/ST/STM32F3xx/Include -I../Drivers/CMSIS/Include -I"E:/Pulpit/PCB/Plytki_chlodzenia_SOFTWARE/Cooling_left/stm_f303k8_ioc/Main_app/Inc" -I"E:/Pulpit/PCB/Plytki_chlodzenia_SOFTWARE/Cooling_left/stm_f303k8_ioc/Main_app/Src" -O0 -ffunction-sections -fdata-sections -Wall -fstack-usage -fcyclomatic-complexity -MMD -MP -MF"Main_app/Src/cooler_left_app.d" -MT"Main_app/Src/cooler_left_app.o" --specs=nano.specs -mfpu=fpv4-sp-d16 -mfloat-abi=hard -mthumb -o "Main_app/Src/cooler_left_app.o"
arm-none-eabi-gcc "../Main_app/Src/cooler_test.c" -mcpu=cortex-m4 -std=gnu11 -g3 -DDEBUG -DUSE_HAL_DRIVER -DSTM32F303x8 -c -I"E:/Pulpit/PCB/Plytki_chlodzenia_SOFTWARE/Cooling_left/stm_f303k8_ioc/Main_app/Inc/EKO_LIB" -I"E:/Pulpit/PCB/Plytki_chlodzenia_SOFTWARE/Cooling_left/stm_f303k8_ioc/Main_app/Inc/MY_LIB" -I"E:/Pulpit/PCB/Plytki_chlodzenia_SOFTWARE/Cooling_left/stm_f303k8_ioc/Main_app/Src/EKO_LIB" -I"E:/Pulpit/PCB/Plytki_chlodzenia_SOFTWARE/Cooling_left/stm_f303k8_ioc/Main_app/Src/MY_LIB" -I../Core/Inc -I../Drivers/STM32F3xx_HAL_Driver/Inc -I../Drivers/STM32F3xx_HAL_Driver/Inc/Legacy -I../Drivers/CMSIS/Device/ST/STM32F3xx/Include -I../Drivers/CMSIS/Include -I"E:/Pulpit/PCB/Plytki_chlodzenia_SOFTWARE/Cooling_left/stm_f303k8_ioc/Main_app/Inc" -I"E:/Pulpit/PCB/Plytki_chlodzenia_SOFTWARE/Cooling_left/stm_f303k8_ioc/Main_app/Src" -O0 -ffunction-sections -fdata-sections -Wall -fstack-usage -fcyclomatic-complexity -MMD -MP -MF"Main_app/Src/cooler_test.d" -MT"Main_app/Src/cooler_test.o" --specs=nano.specs -mfpu=fpv4-sp-d16 -mfloat-abi=hard -mthumb -o "Main_app/Src/cooler_test.o"
arm-none-eabi-gcc "../Core/Src/main.c" -mcpu=cortex-m4 -std=gnu11 -g3 -DDEBUG -DUSE_HAL_DRIVER -DSTM32F303x8 -c -I"E:/Pulpit/PCB/Plytki_chlodzenia_SOFTWARE/Cooling_left/stm_f303k8_ioc/Main_app/Inc/EKO_LIB" -I"E:/Pulpit/PCB/Plytki_chlodzenia_SOFTWARE/Cooling_left/stm_f303k8_ioc/Main_app/Inc" -I"E:/Pulpit/PCB/Plytki_chlodzenia_SOFTWARE/Cooling_left/stm_f303k8_ioc/Main_app/Src" -I"E:/Pulpit/PCB/Plytki_chlodzenia_SOFTWARE/Cooling_left/stm_f303k8_ioc/Main_app/Inc/MY_LIB" -I"E:/Pulpit/PCB/Plytki_chlodzenia_SOFTWARE/Cooling_left/stm_f303k8_ioc/Main_app/Src/EKO_LIB" -I"E:/Pulpit/PCB/Plytki_chlodzenia_SOFTWARE/Cooling_left/stm_f303k8_ioc/Main_app/Src/MY_LIB" -I../Core/Inc -I../Drivers/STM32F3xx_HAL_Driver/Inc -I../Drivers/STM32F3xx_HAL_Driver/Inc/Legacy -I../Drivers/CMSIS/Device/ST/STM32F3xx/Include -I../Drivers/CMSIS/Include -O0 -ffunction-sections -fdata-sections -Wall -fstack-usage -fcyclomatic-complexity -MMD -MP -MF"Core/Src/main.d" -MT"Core/Src/main.o" --specs=nano.specs -mfpu=fpv4-sp-d16 -mfloat-abi=hard -mthumb -o "Core/Src/main.o"
../Main_app/Src/MY_LIB/MY_driver_i2c.c: In function 'AM2320_StateMachine':
../Main_app/Src/MY_LIB/MY_driver_i2c.c:153:5: warning: enumeration value 'AM2320_IDLE' not handled in switch [-Wswitch]
  153 |     switch (am2320State)
      |     ^~~~~~
../Main_app/Src/cooler_left_app.c: In function 'COOLER_app':
../Main_app/Src/cooler_left_app.c:117:27: warning: enumeration value 'CAN_FRAME_BMS_TEMP_1' not handled in switch [-Wswitch]
  117 |                           switch(msg.name)
      |                           ^~~~~~
../Main_app/Src/cooler_left_app.c:117:27: warning: enumeration value 'CAN_FRAME_BMS_TEMP_2' not handled in switch [-Wswitch]
../Main_app/Src/cooler_left_app.c:117:27: warning: enumeration value 'CAN_FRAME_BMS_TEMP_3' not handled in switch [-Wswitch]
../Main_app/Src/cooler_left_app.c:117:27: warning: enumeration value 'CAN_FRAME_BMS_TEMP_4' not handled in switch [-Wswitch]
../Main_app/Src/cooler_left_app.c:117:27: warning: enumeration value 'CAN_FRAME_BMS_TEMP_5' not handled in switch [-Wswitch]
../Main_app/Src/cooler_left_app.c:117:27: warning: enumeration value 'CAN_FRAME_BMS_TEMP_6' not handled in switch [-Wswitch]
../Main_app/Src/cooler_left_app.c:117:27: warning: enumeration value 'CAN_FRAME_BMS_TEMP_7' not handled in switch [-Wswitch]
../Main_app/Src/cooler_left_app.c:117:27: warning: enumeration value 'CAN_FRAME_BMS_TEMP_8' not handled in switch [-Wswitch]
../Main_app/Src/cooler_left_app.c:117:27: warning: enumeration value 'CAN_FRAME_BMS_TEMP_9' not handled in switch [-Wswitch]
../Main_app/Src/cooler_left_app.c:117:27: warning: enumeration value 'CAN_FRAME_SET_SERVOS_ENGINE' not handled in switch [-Wswitch]
../Main_app/Src/cooler_left_app.c:117:27: warning: enumeration value 'CAN_FRAME_SAFE_STATE' not handled in switch [-Wswitch]
../Main_app/Src/cooler_left_app.c:117:27: warning: enumeration value 'CAN_FRAME_BATTERY_SET_FAN' not handled in switch [-Wswitch]
../Main_app/Src/cooler_left_app.c:117:27: warning: enumeration value 'CAN_FRAME_UNKNOWN' not handled in switch [-Wswitch]
arm-none-eabi-gcc -o "stm_f303k8_ioc.elf" @"objects.list"   -mcpu=cortex-m4 -T"E:\Pulpit\PCB\Plytki_chlodzenia_SOFTWARE\Cooling_left\stm_f303k8_ioc\STM32F303K8TX_FLASH.ld" --specs=nosys.specs -Wl,-Map="stm_f303k8_ioc.map" -Wl,--gc-sections -static --specs=nano.specs -mfpu=fpv4-sp-d16 -mfloat-abi=hard -mthumb -Wl,--start-group -lc -lm -Wl,--end-group
Finished building target: stm_f303k8_ioc.elf
 
arm-none-eabi-size  stm_f303k8_ioc.elf 
arm-none-eabi-objdump -h -S stm_f303k8_ioc.elf  > "stm_f303k8_ioc.list"
   text	   data	    bss	    dec	    hex	filename
  34852	     12	   5064	  39928	   9bf8	stm_f303k8_ioc.elf
Finished building: default.size.stdout
 
Finished building: stm_f303k8_ioc.list
 
19:41:04 **** Incremental Build of configuration Debug for project stm_f303k8_ioc ****
make -j16 all 
arm-none-eabi-gcc "../Main_app/Src/MY_LIB/MY_driver_fan.c" -mcpu=cortex-m4 -std=gnu11 -g3 -DDEBUG -DUSE_HAL_DRIVER -DSTM32F303x8 -c -I"E:/Pulpit/PCB/Plytki_chlodzenia_SOFTWARE/Cooling_left/stm_f303k8_ioc/Main_app/Inc/EKO_LIB" -I"E:/Pulpit/PCB/Plytki_chlodzenia_SOFTWARE/Cooling_left/stm_f303k8_ioc/Main_app/Inc/MY_LIB" -I"E:/Pulpit/PCB/Plytki_chlodzenia_SOFTWARE/Cooling_left/stm_f303k8_ioc/Main_app/Src/EKO_LIB" -I"E:/Pulpit/PCB/Plytki_chlodzenia_SOFTWARE/Cooling_left/stm_f303k8_ioc/Main_app/Src/MY_LIB" -I../Core/Inc -I../Drivers/STM32F3xx_HAL_Driver/Inc -I../Drivers/STM32F3xx_HAL_Driver/Inc/Legacy -I../Drivers/CMSIS/Device/ST/STM32F3xx/Include -I../Drivers/CMSIS/Include -I"E:/Pulpit/PCB/Plytki_chlodzenia_SOFTWARE/Cooling_left/stm_f303k8_ioc/Main_app/Inc" -I"E:/Pulpit/PCB/Plytki_chlodzenia_SOFTWARE/Cooling_left/stm_f303k8_ioc/Main_app/Src" -O0 -ffunction-sections -fdata-sections -Wall -fstack-usage -fcyclomatic-complexity -MMD -MP -MF"Main_app/Src/MY_LIB/MY_driver_fan.d" -MT"Main_app/Src/MY_LIB/MY_driver_fan.o" --specs=nano.specs -mfpu=fpv4-sp-d16 -mfloat-abi=hard -mthumb -o "Main_app/Src/MY_LIB/MY_driver_fan.o"
arm-none-eabi-gcc "../Main_app/Src/MY_LIB/MY_driver_i2c.c" -mcpu=cortex-m4 -std=gnu11 -g3 -DDEBUG -DUSE_HAL_DRIVER -DSTM32F303x8 -c -I"E:/Pulpit/PCB/Plytki_chlodzenia_SOFTWARE/Cooling_left/stm_f303k8_ioc/Main_app/Inc/EKO_LIB" -I"E:/Pulpit/PCB/Plytki_chlodzenia_SOFTWARE/Cooling_left/stm_f303k8_ioc/Main_app/Inc/MY_LIB" -I"E:/Pulpit/PCB/Plytki_chlodzenia_SOFTWARE/Cooling_left/stm_f303k8_ioc/Main_app/Src/EKO_LIB" -I"E:/Pulpit/PCB/Plytki_chlodzenia_SOFTWARE/Cooling_left/stm_f303k8_ioc/Main_app/Src/MY_LIB" -I../Core/Inc -I../Drivers/STM32F3xx_HAL_Driver/Inc -I../Drivers/STM32F3xx_HAL_Driver/Inc/Legacy -I../Drivers/CMSIS/Device/ST/STM32F3xx/Include -I../Drivers/CMSIS/Include -I"E:/Pulpit/PCB/Plytki_chlodzenia_SOFTWARE/Cooling_left/stm_f303k8_ioc/Main_app/Inc" -I"E:/Pulpit/PCB/Plytki_chlodzenia_SOFTWARE/Cooling_left/stm_f303k8_ioc/Main_app/Src" -O0 -ffunction-sections -fdata-sections -Wall -fstack-usage -fcyclomatic-complexity -MMD -MP -MF"Main_app/Src/MY_LIB/MY_driver_i2c.d" -MT"Main_app/Src/MY_LIB/MY_driver_i2c.o" --specs=nano.specs -mfpu=fpv4-sp-d16 -mfloat-abi=hard -mthumb -o "Main_app/Src/MY_LIB/MY_driver_i2c.o"
arm-none-eabi-gcc "../Main_app/Src/MY_LIB/MY_driver_serwo.c" -mcpu=cortex-m4 -std=gnu11 -g3 -DDEBUG -DUSE_HAL_DRIVER -DSTM32F303x8 -c -I"E:/Pulpit/PCB/Plytki_chlodzenia_SOFTWARE/Cooling_left/stm_f303k8_ioc/Main_app/Inc/EKO_LIB" -I"E:/Pulpit/PCB/Plytki_chlodzenia_SOFTWARE/Cooling_left/stm_f303k8_ioc/Main_app/Inc/MY_LIB" -I"E:/Pulpit/PCB/Plytki_chlodzenia_SOFTWARE/Cooling_left/stm_f303k8_ioc/Main_app/Src/EKO_LIB" -I"E:/Pulpit/PCB/Plytki_chlodzenia_SOFTWARE/Cooling_left/stm_f303k8_ioc/Main_app/Src/MY_LIB" -I../Core/Inc -I../Drivers/STM32F3xx_HAL_Driver/Inc -I../Drivers/STM32F3xx_HAL_Driver/Inc/Legacy -I../Drivers/CMSIS/Device/ST/STM32F3xx/Include -I../Drivers/CMSIS/Include -I"E:/Pulpit/PCB/Plytki_chlodzenia_SOFTWARE/Cooling_left/stm_f303k8_ioc/Main_app/Inc" -I"E:/Pulpit/PCB/Plytki_chlodzenia_SOFTWARE/Cooling_left/stm_f303k8_ioc/Main_app/Src" -O0 -ffunction-sections -fdata-sections -Wall -fstack-usage -fcyclomatic-complexity -MMD -MP -MF"Main_app/Src/MY_LIB/MY_driver_serwo.d" -MT"Main_app/Src/MY_LIB/MY_driver_serwo.o" --specs=nano.specs -mfpu=fpv4-sp-d16 -mfloat-abi=hard -mthumb -o "Main_app/Src/MY_LIB/MY_driver_serwo.o"
arm-none-eabi-gcc "../Main_app/Src/cooler_left_app.c" -mcpu=cortex-m4 -std=gnu11 -g3 -DDEBUG -DUSE_HAL_DRIVER -DSTM32F303x8 -c -I"E:/Pulpit/PCB/Plytki_chlodzenia_SOFTWARE/Cooling_left/stm_f303k8_ioc/Main_app/Inc/EKO_LIB" -I"E:/Pulpit/PCB/Plytki_chlodzenia_SOFTWARE/Cooling_left/stm_f303k8_ioc/Main_app/Inc/MY_LIB" -I"E:/Pulpit/PCB/Plytki_chlodzenia_SOFTWARE/Cooling_left/stm_f303k8_ioc/Main_app/Src/EKO_LIB" -I"E:/Pulpit/PCB/Plytki_chlodzenia_SOFTWARE/Cooling_left/stm_f303k8_ioc/Main_app/Src/MY_LIB" -I../Core/Inc -I../Drivers/STM32F3xx_HAL_Driver/Inc -I../Drivers/STM32F3xx_HAL_Driver/Inc/Legacy -I../Drivers/CMSIS/Device/ST/STM32F3xx/Include -I../Drivers/CMSIS/Include -I"E:/Pulpit/PCB/Plytki_chlodzenia_SOFTWARE/Cooling_left/stm_f303k8_ioc/Main_app/Inc" -I"E:/Pulpit/PCB/Plytki_chlodzenia_SOFTWARE/Cooling_left/stm_f303k8_ioc/Main_app/Src" -O0 -ffunction-sections -fdata-sections -Wall -fstack-usage -fcyclomatic-complexity -MMD -MP -MF"Main_app/Src/cooler_left_app.d" -MT"Main_app/Src/cooler_left_app.o" --specs=nano.specs -mfpu=fpv4-sp-d16 -mfloat-abi=hard -mthumb -o "Main_app/Src/cooler_left_app.o"
arm-none-eabi-gcc "../Main_app/Src/cooler_test.c" -mcpu=cortex-m4 -std=gnu11 -g3 -DDEBUG -DUSE_HAL_DRIVER -DSTM32F303x8 -c -I"E:/Pulpit/PCB/Plytki_chlodzenia_SOFTWARE/Cooling_left/stm_f303k8_ioc/Main_app/Inc/EKO_LIB" -I"E:/Pulpit/PCB/Plytki_chlodzenia_SOFTWARE/Cooling_left/stm_f303k8_ioc/Main_app/Inc/MY_LIB" -I"E:/Pulpit/PCB/Plytki_chlodzenia_SOFTWARE/Cooling_left/stm_f303k8_ioc/Main_app/Src/EKO_LIB" -I"E:/Pulpit/PCB/Plytki_chlodzenia_SOFTWARE/Cooling_left/stm_f303k8_ioc/Main_app/Src/MY_LIB" -I../Core/Inc -I../Drivers/STM32F3xx_HAL_Driver/Inc -I../Drivers/STM32F3xx_HAL_Driver/Inc/Legacy -I../Drivers/CMSIS/Device/ST/STM32F3xx/Include -I../Drivers/CMSIS/Include -I"E:/Pulpit/PCB/Plytki_chlodzenia_SOFTWARE/Cooling_left/stm_f303k8_ioc/Main_app/Inc" -I"E:/Pulpit/PCB/Plytki_chlodzenia_SOFTWARE/Cooling_left/stm_f303k8_ioc/Main_app/Src" -O0 -ffunction-sections -fdata-sections -Wall -fstack-usage -fcyclomatic-complexity -MMD -MP -MF"Main_app/Src/cooler_test.d" -MT"Main_app/Src/cooler_test.o" --specs=nano.specs -mfpu=fpv4-sp-d16 -mfloat-abi=hard -mthumb -o "Main_app/Src/cooler_test.o"
arm-none-eabi-gcc "../Core/Src/main.c" -mcpu=cortex-m4 -std=gnu11 -g3 -DDEBUG -DUSE_HAL_DRIVER -DSTM32F303x8 -c -I"E:/Pulpit/PCB/Plytki_chlodzenia_SOFTWARE/Cooling_left/stm_f303k8_ioc/Main_app/Inc/EKO_LIB" -I"E:/Pulpit/PCB/Plytki_chlodzenia_SOFTWARE/Cooling_left/stm_f303k8_ioc/Main_app/Inc" -I"E:/Pulpit/PCB/Plytki_chlodzenia_SOFTWARE/Cooling_left/stm_f303k8_ioc/Main_app/Src" -I"E:/Pulpit/PCB/Plytki_chlodzenia_SOFTWARE/Cooling_left/stm_f303k8_ioc/Main_app/Inc/MY_LIB" -I"E:/Pulpit/PCB/Plytki_chlodzenia_SOFTWARE/Cooling_left/stm_f303k8_ioc/Main_app/Src/EKO_LIB" -I"E:/Pulpit/PCB/Plytki_chlodzenia_SOFTWARE/Cooling_left/stm_f303k8_ioc/Main_app/Src/MY_LIB" -I../Core/Inc -I../Drivers/STM32F3xx_HAL_Driver/Inc -I../Drivers/STM32F3xx_HAL_Driver/Inc/Legacy -I../Drivers/CMSIS/Device/ST/STM32F3xx/Include -I../Drivers/CMSIS/Include -O0 -ffunction-sections -fdata-sections -Wall -fstack-usage -fcyclomatic-complexity -MMD -MP -MF"Core/Src/main.d" -MT"Core/Src/main.o" --specs=nano.specs -mfpu=fpv4-sp-d16 -mfloat-abi=hard -mthumb -o "Core/Src/main.o"
../Main_app/Src/MY_LIB/MY_driver_i2c.c: In function 'AM2320_StateMachine':
../Main_app/Src/MY_LIB/MY_driver_i2c.c:153:5: warning: enumeration value 'AM2320_IDLE' not handled in switch [-Wswitch]
  153 |     switch (am2320State)
      |     ^~~~~~
../Main_app/Src/cooler_left_app.c: In function 'COOLER_app':
../Main_app/Src/cooler_left_app.c:117:27: warning: enumeration value 'CAN_FRAME_BMS_TEMP_1' not handled in switch [-Wswitch]
  117 |                           switch(msg.name)
      |                           ^~~~~~
../Main_app/Src/cooler_left_app.c:117:27: warning: enumeration value 'CAN_FRAME_BMS_TEMP_2' not handled in switch [-Wswitch]
../Main_app/Src/cooler_left_app.c:117:27: warning: enumeration value 'CAN_FRAME_BMS_TEMP_3' not handled in switch [-Wswitch]
../Main_app/Src/cooler_left_app.c:117:27: warning: enumeration value 'CAN_FRAME_BMS_TEMP_4' not handled in switch [-Wswitch]
../Main_app/Src/cooler_left_app.c:117:27: warning: enumeration value 'CAN_FRAME_BMS_TEMP_5' not handled in switch [-Wswitch]
../Main_app/Src/cooler_left_app.c:117:27: warning: enumeration value 'CAN_FRAME_BMS_TEMP_6' not handled in switch [-Wswitch]
../Main_app/Src/cooler_left_app.c:117:27: warning: enumeration value 'CAN_FRAME_BMS_TEMP_7' not handled in switch [-Wswitch]
../Main_app/Src/cooler_left_app.c:117:27: warning: enumeration value 'CAN_FRAME_BMS_TEMP_8' not handled in switch [-Wswitch]
../Main_app/Src/cooler_left_app.c:117:27: warning: enumeration value 'CAN_FRAME_BMS_TEMP_9' not handled in switch [-Wswitch]
../Main_app/Src/cooler_left_app.c:117:27: warning: enumeration value 'CAN_FRAME_SET_SERVOS_ENGINE' not handled in switch [-Wswitch]
../Main_app/Src/cooler_left_app.c:117:27: warning: enumeration value 'CAN_FRAME_SAFE_STATE' not handled in switch [-Wswitch]
../Main_app/Src/cooler_left_app.c:117:27: warning: enumeration value 'CAN_FRAME_BATTERY_SET_FAN' not handled in switch [-Wswitch]
../Main_app/Src/cooler_left_app.c:117:27: warning: enumeration value 'CAN_FRAME_UNKNOWN' not handled in switch [-Wswitch]
arm-none-eabi-gcc -o "stm_f303k8_ioc.elf" @"objects.list"   -mcpu=cortex-m4 -T"E:\Pulpit\PCB\Plytki_chlodzenia_SOFTWARE\Cooling_left\stm_f303k8_ioc\STM32F303K8TX_FLASH.ld" --specs=nosys.specs -Wl,-Map="stm_f303k8_ioc.map" -Wl,--gc-sections -static --specs=nano.specs -mfpu=fpv4-sp-d16 -mfloat-abi=hard -mthumb -Wl,--start-group -lc -lm -Wl,--end-group
Finished building target: stm_f303k8_ioc.elf
 
arm-none-eabi-size  stm_f303k8_ioc.elf 
arm-none-eabi-objdump -h -S stm_f303k8_ioc.elf  > "stm_f303k8_ioc.list"
   text	   data	    bss	    dec	    hex	filename
  34852	     12	   5064	  39928	   9bf8	stm_f303k8_ioc.elf
Finished building: default.size.stdout
 
Finished building: stm_f303k8_ioc.list
 
19:41:59 **** Incremental Build of configuration Debug for project stm_f303k8_ioc ****
make -j16 all 
arm-none-eabi-gcc "../Main_app/Src/MY_LIB/MY_driver_fan.c" -mcpu=cortex-m4 -std=gnu11 -g3 -DDEBUG -DUSE_HAL_DRIVER -DSTM32F303x8 -c -I"E:/Pulpit/PCB/Plytki_chlodzenia_SOFTWARE/Cooling_left/stm_f303k8_ioc/Main_app/Inc/EKO_LIB" -I"E:/Pulpit/PCB/Plytki_chlodzenia_SOFTWARE/Cooling_left/stm_f303k8_ioc/Main_app/Inc/MY_LIB" -I"E:/Pulpit/PCB/Plytki_chlodzenia_SOFTWARE/Cooling_left/stm_f303k8_ioc/Main_app/Src/EKO_LIB" -I"E:/Pulpit/PCB/Plytki_chlodzenia_SOFTWARE/Cooling_left/stm_f303k8_ioc/Main_app/Src/MY_LIB" -I../Core/Inc -I../Drivers/STM32F3xx_HAL_Driver/Inc -I../Drivers/STM32F3xx_HAL_Driver/Inc/Legacy -I../Drivers/CMSIS/Device/ST/STM32F3xx/Include -I../Drivers/CMSIS/Include -I"E:/Pulpit/PCB/Plytki_chlodzenia_SOFTWARE/Cooling_left/stm_f303k8_ioc/Main_app/Inc" -I"E:/Pulpit/PCB/Plytki_chlodzenia_SOFTWARE/Cooling_left/stm_f303k8_ioc/Main_app/Src" -O0 -ffunction-sections -fdata-sections -Wall -fstack-usage -fcyclomatic-complexity -MMD -MP -MF"Main_app/Src/MY_LIB/MY_driver_fan.d" -MT"Main_app/Src/MY_LIB/MY_driver_fan.o" --specs=nano.specs -mfpu=fpv4-sp-d16 -mfloat-abi=hard -mthumb -o "Main_app/Src/MY_LIB/MY_driver_fan.o"
arm-none-eabi-gcc "../Main_app/Src/MY_LIB/MY_driver_i2c.c" -mcpu=cortex-m4 -std=gnu11 -g3 -DDEBUG -DUSE_HAL_DRIVER -DSTM32F303x8 -c -I"E:/Pulpit/PCB/Plytki_chlodzenia_SOFTWARE/Cooling_left/stm_f303k8_ioc/Main_app/Inc/EKO_LIB" -I"E:/Pulpit/PCB/Plytki_chlodzenia_SOFTWARE/Cooling_left/stm_f303k8_ioc/Main_app/Inc/MY_LIB" -I"E:/Pulpit/PCB/Plytki_chlodzenia_SOFTWARE/Cooling_left/stm_f303k8_ioc/Main_app/Src/EKO_LIB" -I"E:/Pulpit/PCB/Plytki_chlodzenia_SOFTWARE/Cooling_left/stm_f303k8_ioc/Main_app/Src/MY_LIB" -I../Core/Inc -I../Drivers/STM32F3xx_HAL_Driver/Inc -I../Drivers/STM32F3xx_HAL_Driver/Inc/Legacy -I../Drivers/CMSIS/Device/ST/STM32F3xx/Include -I../Drivers/CMSIS/Include -I"E:/Pulpit/PCB/Plytki_chlodzenia_SOFTWARE/Cooling_left/stm_f303k8_ioc/Main_app/Inc" -I"E:/Pulpit/PCB/Plytki_chlodzenia_SOFTWARE/Cooling_left/stm_f303k8_ioc/Main_app/Src" -O0 -ffunction-sections -fdata-sections -Wall -fstack-usage -fcyclomatic-complexity -MMD -MP -MF"Main_app/Src/MY_LIB/MY_driver_i2c.d" -MT"Main_app/Src/MY_LIB/MY_driver_i2c.o" --specs=nano.specs -mfpu=fpv4-sp-d16 -mfloat-abi=hard -mthumb -o "Main_app/Src/MY_LIB/MY_driver_i2c.o"
arm-none-eabi-gcc "../Main_app/Src/MY_LIB/MY_driver_serwo.c" -mcpu=cortex-m4 -std=gnu11 -g3 -DDEBUG -DUSE_HAL_DRIVER -DSTM32F303x8 -c -I"E:/Pulpit/PCB/Plytki_chlodzenia_SOFTWARE/Cooling_left/stm_f303k8_ioc/Main_app/Inc/EKO_LIB" -I"E:/Pulpit/PCB/Plytki_chlodzenia_SOFTWARE/Cooling_left/stm_f303k8_ioc/Main_app/Inc/MY_LIB" -I"E:/Pulpit/PCB/Plytki_chlodzenia_SOFTWARE/Cooling_left/stm_f303k8_ioc/Main_app/Src/EKO_LIB" -I"E:/Pulpit/PCB/Plytki_chlodzenia_SOFTWARE/Cooling_left/stm_f303k8_ioc/Main_app/Src/MY_LIB" -I../Core/Inc -I../Drivers/STM32F3xx_HAL_Driver/Inc -I../Drivers/STM32F3xx_HAL_Driver/Inc/Legacy -I../Drivers/CMSIS/Device/ST/STM32F3xx/Include -I../Drivers/CMSIS/Include -I"E:/Pulpit/PCB/Plytki_chlodzenia_SOFTWARE/Cooling_left/stm_f303k8_ioc/Main_app/Inc" -I"E:/Pulpit/PCB/Plytki_chlodzenia_SOFTWARE/Cooling_left/stm_f303k8_ioc/Main_app/Src" -O0 -ffunction-sections -fdata-sections -Wall -fstack-usage -fcyclomatic-complexity -MMD -MP -MF"Main_app/Src/MY_LIB/MY_driver_serwo.d" -MT"Main_app/Src/MY_LIB/MY_driver_serwo.o" --specs=nano.specs -mfpu=fpv4-sp-d16 -mfloat-abi=hard -mthumb -o "Main_app/Src/MY_LIB/MY_driver_serwo.o"
arm-none-eabi-gcc "../Main_app/Src/cooler_left_app.c" -mcpu=cortex-m4 -std=gnu11 -g3 -DDEBUG -DUSE_HAL_DRIVER -DSTM32F303x8 -c -I"E:/Pulpit/PCB/Plytki_chlodzenia_SOFTWARE/Cooling_left/stm_f303k8_ioc/Main_app/Inc/EKO_LIB" -I"E:/Pulpit/PCB/Plytki_chlodzenia_SOFTWARE/Cooling_left/stm_f303k8_ioc/Main_app/Inc/MY_LIB" -I"E:/Pulpit/PCB/Plytki_chlodzenia_SOFTWARE/Cooling_left/stm_f303k8_ioc/Main_app/Src/EKO_LIB" -I"E:/Pulpit/PCB/Plytki_chlodzenia_SOFTWARE/Cooling_left/stm_f303k8_ioc/Main_app/Src/MY_LIB" -I../Core/Inc -I../Drivers/STM32F3xx_HAL_Driver/Inc -I../Drivers/STM32F3xx_HAL_Driver/Inc/Legacy -I../Drivers/CMSIS/Device/ST/STM32F3xx/Include -I../Drivers/CMSIS/Include -I"E:/Pulpit/PCB/Plytki_chlodzenia_SOFTWARE/Cooling_left/stm_f303k8_ioc/Main_app/Inc" -I"E:/Pulpit/PCB/Plytki_chlodzenia_SOFTWARE/Cooling_left/stm_f303k8_ioc/Main_app/Src" -O0 -ffunction-sections -fdata-sections -Wall -fstack-usage -fcyclomatic-complexity -MMD -MP -MF"Main_app/Src/cooler_left_app.d" -MT"Main_app/Src/cooler_left_app.o" --specs=nano.specs -mfpu=fpv4-sp-d16 -mfloat-abi=hard -mthumb -o "Main_app/Src/cooler_left_app.o"
arm-none-eabi-gcc "../Main_app/Src/cooler_test.c" -mcpu=cortex-m4 -std=gnu11 -g3 -DDEBUG -DUSE_HAL_DRIVER -DSTM32F303x8 -c -I"E:/Pulpit/PCB/Plytki_chlodzenia_SOFTWARE/Cooling_left/stm_f303k8_ioc/Main_app/Inc/EKO_LIB" -I"E:/Pulpit/PCB/Plytki_chlodzenia_SOFTWARE/Cooling_left/stm_f303k8_ioc/Main_app/Inc/MY_LIB" -I"E:/Pulpit/PCB/Plytki_chlodzenia_SOFTWARE/Cooling_left/stm_f303k8_ioc/Main_app/Src/EKO_LIB" -I"E:/Pulpit/PCB/Plytki_chlodzenia_SOFTWARE/Cooling_left/stm_f303k8_ioc/Main_app/Src/MY_LIB" -I../Core/Inc -I../Drivers/STM32F3xx_HAL_Driver/Inc -I../Drivers/STM32F3xx_HAL_Driver/Inc/Legacy -I../Drivers/CMSIS/Device/ST/STM32F3xx/Include -I../Drivers/CMSIS/Include -I"E:/Pulpit/PCB/Plytki_chlodzenia_SOFTWARE/Cooling_left/stm_f303k8_ioc/Main_app/Inc" -I"E:/Pulpit/PCB/Plytki_chlodzenia_SOFTWARE/Cooling_left/stm_f303k8_ioc/Main_app/Src" -O0 -ffunction-sections -fdata-sections -Wall -fstack-usage -fcyclomatic-complexity -MMD -MP -MF"Main_app/Src/cooler_test.d" -MT"Main_app/Src/cooler_test.o" --specs=nano.specs -mfpu=fpv4-sp-d16 -mfloat-abi=hard -mthumb -o "Main_app/Src/cooler_test.o"
arm-none-eabi-gcc "../Core/Src/main.c" -mcpu=cortex-m4 -std=gnu11 -g3 -DDEBUG -DUSE_HAL_DRIVER -DSTM32F303x8 -c -I"E:/Pulpit/PCB/Plytki_chlodzenia_SOFTWARE/Cooling_left/stm_f303k8_ioc/Main_app/Inc/EKO_LIB" -I"E:/Pulpit/PCB/Plytki_chlodzenia_SOFTWARE/Cooling_left/stm_f303k8_ioc/Main_app/Inc" -I"E:/Pulpit/PCB/Plytki_chlodzenia_SOFTWARE/Cooling_left/stm_f303k8_ioc/Main_app/Src" -I"E:/Pulpit/PCB/Plytki_chlodzenia_SOFTWARE/Cooling_left/stm_f303k8_ioc/Main_app/Inc/MY_LIB" -I"E:/Pulpit/PCB/Plytki_chlodzenia_SOFTWARE/Cooling_left/stm_f303k8_ioc/Main_app/Src/EKO_LIB" -I"E:/Pulpit/PCB/Plytki_chlodzenia_SOFTWARE/Cooling_left/stm_f303k8_ioc/Main_app/Src/MY_LIB" -I../Core/Inc -I../Drivers/STM32F3xx_HAL_Driver/Inc -I../Drivers/STM32F3xx_HAL_Driver/Inc/Legacy -I../Drivers/CMSIS/Device/ST/STM32F3xx/Include -I../Drivers/CMSIS/Include -O0 -ffunction-sections -fdata-sections -Wall -fstack-usage -fcyclomatic-complexity -MMD -MP -MF"Core/Src/main.d" -MT"Core/Src/main.o" --specs=nano.specs -mfpu=fpv4-sp-d16 -mfloat-abi=hard -mthumb -o "Core/Src/main.o"
../Main_app/Src/MY_LIB/MY_driver_i2c.c: In function 'AM2320_StateMachine':
../Main_app/Src/MY_LIB/MY_driver_i2c.c:153:5: warning: enumeration value 'AM2320_IDLE' not handled in switch [-Wswitch]
  153 |     switch (am2320State)
      |     ^~~~~~
../Main_app/Src/cooler_left_app.c: In function 'COOLER_app':
../Main_app/Src/cooler_left_app.c:117:27: warning: enumeration value 'CAN_FRAME_BMS_TEMP_1' not handled in switch [-Wswitch]
  117 |                           switch(msg.name)
      |                           ^~~~~~
../Main_app/Src/cooler_left_app.c:117:27: warning: enumeration value 'CAN_FRAME_BMS_TEMP_2' not handled in switch [-Wswitch]
../Main_app/Src/cooler_left_app.c:117:27: warning: enumeration value 'CAN_FRAME_BMS_TEMP_3' not handled in switch [-Wswitch]
../Main_app/Src/cooler_left_app.c:117:27: warning: enumeration value 'CAN_FRAME_BMS_TEMP_4' not handled in switch [-Wswitch]
../Main_app/Src/cooler_left_app.c:117:27: warning: enumeration value 'CAN_FRAME_BMS_TEMP_5' not handled in switch [-Wswitch]
../Main_app/Src/cooler_left_app.c:117:27: warning: enumeration value 'CAN_FRAME_BMS_TEMP_6' not handled in switch [-Wswitch]
../Main_app/Src/cooler_left_app.c:117:27: warning: enumeration value 'CAN_FRAME_BMS_TEMP_7' not handled in switch [-Wswitch]
../Main_app/Src/cooler_left_app.c:117:27: warning: enumeration value 'CAN_FRAME_BMS_TEMP_8' not handled in switch [-Wswitch]
../Main_app/Src/cooler_left_app.c:117:27: warning: enumeration value 'CAN_FRAME_BMS_TEMP_9' not handled in switch [-Wswitch]
../Main_app/Src/cooler_left_app.c:117:27: warning: enumeration value 'CAN_FRAME_SET_SERVOS_ENGINE' not handled in switch [-Wswitch]
../Main_app/Src/cooler_left_app.c:117:27: warning: enumeration value 'CAN_FRAME_SAFE_STATE' not handled in switch [-Wswitch]
../Main_app/Src/cooler_left_app.c:117:27: warning: enumeration value 'CAN_FRAME_BATTERY_SET_FAN' not handled in switch [-Wswitch]
../Main_app/Src/cooler_left_app.c:117:27: warning: enumeration value 'CAN_FRAME_UNKNOWN' not handled in switch [-Wswitch]
arm-none-eabi-gcc -o "stm_f303k8_ioc.elf" @"objects.list"   -mcpu=cortex-m4 -T"E:\Pulpit\PCB\Plytki_chlodzenia_SOFTWARE\Cooling_left\stm_f303k8_ioc\STM32F303K8TX_FLASH.ld" --specs=nosys.specs -Wl,-Map="stm_f303k8_ioc.map" -Wl,--gc-sections -static --specs=nano.specs -mfpu=fpv4-sp-d16 -mfloat-abi=hard -mthumb -Wl,--start-group -lc -lm -Wl,--end-group
Finished building target: stm_f303k8_ioc.elf
 
arm-none-eabi-size  stm_f303k8_ioc.elf 
arm-none-eabi-objdump -h -S stm_f303k8_ioc.elf  > "stm_f303k8_ioc.list"
   text	   data	    bss	    dec	    hex	filename
  34852	     12	   5064	  39928	   9bf8	stm_f303k8_ioc.elf
Finished building: default.size.stdout
 
Finished building: stm_f303k8_ioc.list
 
19:42:46 **** Incremental Build of configuration Debug for project stm_f303k8_ioc ****
make -j16 all 
arm-none-eabi-gcc "../Main_app/Src/MY_LIB/MY_driver_fan.c" -mcpu=cortex-m4 -std=gnu11 -g3 -DDEBUG -DUSE_HAL_DRIVER -DSTM32F303x8 -c -I"E:/Pulpit/PCB/Plytki_chlodzenia_SOFTWARE/Cooling_left/stm_f303k8_ioc/Main_app/Inc/EKO_LIB" -I"E:/Pulpit/PCB/Plytki_chlodzenia_SOFTWARE/Cooling_left/stm_f303k8_ioc/Main_app/Inc/MY_LIB" -I"E:/Pulpit/PCB/Plytki_chlodzenia_SOFTWARE/Cooling_left/stm_f303k8_ioc/Main_app/Src/EKO_LIB" -I"E:/Pulpit/PCB/Plytki_chlodzenia_SOFTWARE/Cooling_left/stm_f303k8_ioc/Main_app/Src/MY_LIB" -I../Core/Inc -I../Drivers/STM32F3xx_HAL_Driver/Inc -I../Drivers/STM32F3xx_HAL_Driver/Inc/Legacy -I../Drivers/CMSIS/Device/ST/STM32F3xx/Include -I../Drivers/CMSIS/Include -I"E:/Pulpit/PCB/Plytki_chlodzenia_SOFTWARE/Cooling_left/stm_f303k8_ioc/Main_app/Inc" -I"E:/Pulpit/PCB/Plytki_chlodzenia_SOFTWARE/Cooling_left/stm_f303k8_ioc/Main_app/Src" -O0 -ffunction-sections -fdata-sections -Wall -fstack-usage -fcyclomatic-complexity -MMD -MP -MF"Main_app/Src/MY_LIB/MY_driver_fan.d" -MT"Main_app/Src/MY_LIB/MY_driver_fan.o" --specs=nano.specs -mfpu=fpv4-sp-d16 -mfloat-abi=hard -mthumb -o "Main_app/Src/MY_LIB/MY_driver_fan.o"
arm-none-eabi-gcc "../Main_app/Src/MY_LIB/MY_driver_i2c.c" -mcpu=cortex-m4 -std=gnu11 -g3 -DDEBUG -DUSE_HAL_DRIVER -DSTM32F303x8 -c -I"E:/Pulpit/PCB/Plytki_chlodzenia_SOFTWARE/Cooling_left/stm_f303k8_ioc/Main_app/Inc/EKO_LIB" -I"E:/Pulpit/PCB/Plytki_chlodzenia_SOFTWARE/Cooling_left/stm_f303k8_ioc/Main_app/Inc/MY_LIB" -I"E:/Pulpit/PCB/Plytki_chlodzenia_SOFTWARE/Cooling_left/stm_f303k8_ioc/Main_app/Src/EKO_LIB" -I"E:/Pulpit/PCB/Plytki_chlodzenia_SOFTWARE/Cooling_left/stm_f303k8_ioc/Main_app/Src/MY_LIB" -I../Core/Inc -I../Drivers/STM32F3xx_HAL_Driver/Inc -I../Drivers/STM32F3xx_HAL_Driver/Inc/Legacy -I../Drivers/CMSIS/Device/ST/STM32F3xx/Include -I../Drivers/CMSIS/Include -I"E:/Pulpit/PCB/Plytki_chlodzenia_SOFTWARE/Cooling_left/stm_f303k8_ioc/Main_app/Inc" -I"E:/Pulpit/PCB/Plytki_chlodzenia_SOFTWARE/Cooling_left/stm_f303k8_ioc/Main_app/Src" -O0 -ffunction-sections -fdata-sections -Wall -fstack-usage -fcyclomatic-complexity -MMD -MP -MF"Main_app/Src/MY_LIB/MY_driver_i2c.d" -MT"Main_app/Src/MY_LIB/MY_driver_i2c.o" --specs=nano.specs -mfpu=fpv4-sp-d16 -mfloat-abi=hard -mthumb -o "Main_app/Src/MY_LIB/MY_driver_i2c.o"
arm-none-eabi-gcc "../Main_app/Src/MY_LIB/MY_driver_serwo.c" -mcpu=cortex-m4 -std=gnu11 -g3 -DDEBUG -DUSE_HAL_DRIVER -DSTM32F303x8 -c -I"E:/Pulpit/PCB/Plytki_chlodzenia_SOFTWARE/Cooling_left/stm_f303k8_ioc/Main_app/Inc/EKO_LIB" -I"E:/Pulpit/PCB/Plytki_chlodzenia_SOFTWARE/Cooling_left/stm_f303k8_ioc/Main_app/Inc/MY_LIB" -I"E:/Pulpit/PCB/Plytki_chlodzenia_SOFTWARE/Cooling_left/stm_f303k8_ioc/Main_app/Src/EKO_LIB" -I"E:/Pulpit/PCB/Plytki_chlodzenia_SOFTWARE/Cooling_left/stm_f303k8_ioc/Main_app/Src/MY_LIB" -I../Core/Inc -I../Drivers/STM32F3xx_HAL_Driver/Inc -I../Drivers/STM32F3xx_HAL_Driver/Inc/Legacy -I../Drivers/CMSIS/Device/ST/STM32F3xx/Include -I../Drivers/CMSIS/Include -I"E:/Pulpit/PCB/Plytki_chlodzenia_SOFTWARE/Cooling_left/stm_f303k8_ioc/Main_app/Inc" -I"E:/Pulpit/PCB/Plytki_chlodzenia_SOFTWARE/Cooling_left/stm_f303k8_ioc/Main_app/Src" -O0 -ffunction-sections -fdata-sections -Wall -fstack-usage -fcyclomatic-complexity -MMD -MP -MF"Main_app/Src/MY_LIB/MY_driver_serwo.d" -MT"Main_app/Src/MY_LIB/MY_driver_serwo.o" --specs=nano.specs -mfpu=fpv4-sp-d16 -mfloat-abi=hard -mthumb -o "Main_app/Src/MY_LIB/MY_driver_serwo.o"
arm-none-eabi-gcc "../Main_app/Src/cooler_left_app.c" -mcpu=cortex-m4 -std=gnu11 -g3 -DDEBUG -DUSE_HAL_DRIVER -DSTM32F303x8 -c -I"E:/Pulpit/PCB/Plytki_chlodzenia_SOFTWARE/Cooling_left/stm_f303k8_ioc/Main_app/Inc/EKO_LIB" -I"E:/Pulpit/PCB/Plytki_chlodzenia_SOFTWARE/Cooling_left/stm_f303k8_ioc/Main_app/Inc/MY_LIB" -I"E:/Pulpit/PCB/Plytki_chlodzenia_SOFTWARE/Cooling_left/stm_f303k8_ioc/Main_app/Src/EKO_LIB" -I"E:/Pulpit/PCB/Plytki_chlodzenia_SOFTWARE/Cooling_left/stm_f303k8_ioc/Main_app/Src/MY_LIB" -I../Core/Inc -I../Drivers/STM32F3xx_HAL_Driver/Inc -I../Drivers/STM32F3xx_HAL_Driver/Inc/Legacy -I../Drivers/CMSIS/Device/ST/STM32F3xx/Include -I../Drivers/CMSIS/Include -I"E:/Pulpit/PCB/Plytki_chlodzenia_SOFTWARE/Cooling_left/stm_f303k8_ioc/Main_app/Inc" -I"E:/Pulpit/PCB/Plytki_chlodzenia_SOFTWARE/Cooling_left/stm_f303k8_ioc/Main_app/Src" -O0 -ffunction-sections -fdata-sections -Wall -fstack-usage -fcyclomatic-complexity -MMD -MP -MF"Main_app/Src/cooler_left_app.d" -MT"Main_app/Src/cooler_left_app.o" --specs=nano.specs -mfpu=fpv4-sp-d16 -mfloat-abi=hard -mthumb -o "Main_app/Src/cooler_left_app.o"
arm-none-eabi-gcc "../Main_app/Src/cooler_test.c" -mcpu=cortex-m4 -std=gnu11 -g3 -DDEBUG -DUSE_HAL_DRIVER -DSTM32F303x8 -c -I"E:/Pulpit/PCB/Plytki_chlodzenia_SOFTWARE/Cooling_left/stm_f303k8_ioc/Main_app/Inc/EKO_LIB" -I"E:/Pulpit/PCB/Plytki_chlodzenia_SOFTWARE/Cooling_left/stm_f303k8_ioc/Main_app/Inc/MY_LIB" -I"E:/Pulpit/PCB/Plytki_chlodzenia_SOFTWARE/Cooling_left/stm_f303k8_ioc/Main_app/Src/EKO_LIB" -I"E:/Pulpit/PCB/Plytki_chlodzenia_SOFTWARE/Cooling_left/stm_f303k8_ioc/Main_app/Src/MY_LIB" -I../Core/Inc -I../Drivers/STM32F3xx_HAL_Driver/Inc -I../Drivers/STM32F3xx_HAL_Driver/Inc/Legacy -I../Drivers/CMSIS/Device/ST/STM32F3xx/Include -I../Drivers/CMSIS/Include -I"E:/Pulpit/PCB/Plytki_chlodzenia_SOFTWARE/Cooling_left/stm_f303k8_ioc/Main_app/Inc" -I"E:/Pulpit/PCB/Plytki_chlodzenia_SOFTWARE/Cooling_left/stm_f303k8_ioc/Main_app/Src" -O0 -ffunction-sections -fdata-sections -Wall -fstack-usage -fcyclomatic-complexity -MMD -MP -MF"Main_app/Src/cooler_test.d" -MT"Main_app/Src/cooler_test.o" --specs=nano.specs -mfpu=fpv4-sp-d16 -mfloat-abi=hard -mthumb -o "Main_app/Src/cooler_test.o"
arm-none-eabi-gcc "../Core/Src/main.c" -mcpu=cortex-m4 -std=gnu11 -g3 -DDEBUG -DUSE_HAL_DRIVER -DSTM32F303x8 -c -I"E:/Pulpit/PCB/Plytki_chlodzenia_SOFTWARE/Cooling_left/stm_f303k8_ioc/Main_app/Inc/EKO_LIB" -I"E:/Pulpit/PCB/Plytki_chlodzenia_SOFTWARE/Cooling_left/stm_f303k8_ioc/Main_app/Inc" -I"E:/Pulpit/PCB/Plytki_chlodzenia_SOFTWARE/Cooling_left/stm_f303k8_ioc/Main_app/Src" -I"E:/Pulpit/PCB/Plytki_chlodzenia_SOFTWARE/Cooling_left/stm_f303k8_ioc/Main_app/Inc/MY_LIB" -I"E:/Pulpit/PCB/Plytki_chlodzenia_SOFTWARE/Cooling_left/stm_f303k8_ioc/Main_app/Src/EKO_LIB" -I"E:/Pulpit/PCB/Plytki_chlodzenia_SOFTWARE/Cooling_left/stm_f303k8_ioc/Main_app/Src/MY_LIB" -I../Core/Inc -I../Drivers/STM32F3xx_HAL_Driver/Inc -I../Drivers/STM32F3xx_HAL_Driver/Inc/Legacy -I../Drivers/CMSIS/Device/ST/STM32F3xx/Include -I../Drivers/CMSIS/Include -O0 -ffunction-sections -fdata-sections -Wall -fstack-usage -fcyclomatic-complexity -MMD -MP -MF"Core/Src/main.d" -MT"Core/Src/main.o" --specs=nano.specs -mfpu=fpv4-sp-d16 -mfloat-abi=hard -mthumb -o "Core/Src/main.o"
../Main_app/Src/MY_LIB/MY_driver_i2c.c: In function 'AM2320_StateMachine':
../Main_app/Src/MY_LIB/MY_driver_i2c.c:153:5: warning: enumeration value 'AM2320_IDLE' not handled in switch [-Wswitch]
  153 |     switch (am2320State)
      |     ^~~~~~
../Main_app/Src/cooler_left_app.c: In function 'COOLER_app':
../Main_app/Src/cooler_left_app.c:117:27: warning: enumeration value 'CAN_FRAME_BMS_TEMP_1' not handled in switch [-Wswitch]
  117 |                           switch(msg.name)
      |                           ^~~~~~
../Main_app/Src/cooler_left_app.c:117:27: warning: enumeration value 'CAN_FRAME_BMS_TEMP_2' not handled in switch [-Wswitch]
../Main_app/Src/cooler_left_app.c:117:27: warning: enumeration value 'CAN_FRAME_BMS_TEMP_3' not handled in switch [-Wswitch]
../Main_app/Src/cooler_left_app.c:117:27: warning: enumeration value 'CAN_FRAME_BMS_TEMP_4' not handled in switch [-Wswitch]
../Main_app/Src/cooler_left_app.c:117:27: warning: enumeration value 'CAN_FRAME_BMS_TEMP_5' not handled in switch [-Wswitch]
../Main_app/Src/cooler_left_app.c:117:27: warning: enumeration value 'CAN_FRAME_BMS_TEMP_6' not handled in switch [-Wswitch]
../Main_app/Src/cooler_left_app.c:117:27: warning: enumeration value 'CAN_FRAME_BMS_TEMP_7' not handled in switch [-Wswitch]
../Main_app/Src/cooler_left_app.c:117:27: warning: enumeration value 'CAN_FRAME_BMS_TEMP_8' not handled in switch [-Wswitch]
../Main_app/Src/cooler_left_app.c:117:27: warning: enumeration value 'CAN_FRAME_BMS_TEMP_9' not handled in switch [-Wswitch]
../Main_app/Src/cooler_left_app.c:117:27: warning: enumeration value 'CAN_FRAME_SET_SERVOS_ENGINE' not handled in switch [-Wswitch]
../Main_app/Src/cooler_left_app.c:117:27: warning: enumeration value 'CAN_FRAME_SAFE_STATE' not handled in switch [-Wswitch]
../Main_app/Src/cooler_left_app.c:117:27: warning: enumeration value 'CAN_FRAME_BATTERY_SET_FAN' not handled in switch [-Wswitch]
../Main_app/Src/cooler_left_app.c:117:27: warning: enumeration value 'CAN_FRAME_UNKNOWN' not handled in switch [-Wswitch]
arm-none-eabi-gcc -o "stm_f303k8_ioc.elf" @"objects.list"   -mcpu=cortex-m4 -T"E:\Pulpit\PCB\Plytki_chlodzenia_SOFTWARE\Cooling_left\stm_f303k8_ioc\STM32F303K8TX_FLASH.ld" --specs=nosys.specs -Wl,-Map="stm_f303k8_ioc.map" -Wl,--gc-sections -static --specs=nano.specs -mfpu=fpv4-sp-d16 -mfloat-abi=hard -mthumb -Wl,--start-group -lc -lm -Wl,--end-group
Finished building target: stm_f303k8_ioc.elf
 
arm-none-eabi-size  stm_f303k8_ioc.elf 
arm-none-eabi-objdump -h -S stm_f303k8_ioc.elf  > "stm_f303k8_ioc.list"
   text	   data	    bss	    dec	    hex	filename
  34852	     12	   5064	  39928	   9bf8	stm_f303k8_ioc.elf
Finished building: default.size.stdout
 
Finished building: stm_f303k8_ioc.list
 
19:43:30 **** Incremental Build of configuration Debug for project stm_f303k8_ioc ****
make -j16 all 
arm-none-eabi-gcc "../Main_app/Src/MY_LIB/MY_driver_fan.c" -mcpu=cortex-m4 -std=gnu11 -g3 -DDEBUG -DUSE_HAL_DRIVER -DSTM32F303x8 -c -I"E:/Pulpit/PCB/Plytki_chlodzenia_SOFTWARE/Cooling_left/stm_f303k8_ioc/Main_app/Inc/EKO_LIB" -I"E:/Pulpit/PCB/Plytki_chlodzenia_SOFTWARE/Cooling_left/stm_f303k8_ioc/Main_app/Inc/MY_LIB" -I"E:/Pulpit/PCB/Plytki_chlodzenia_SOFTWARE/Cooling_left/stm_f303k8_ioc/Main_app/Src/EKO_LIB" -I"E:/Pulpit/PCB/Plytki_chlodzenia_SOFTWARE/Cooling_left/stm_f303k8_ioc/Main_app/Src/MY_LIB" -I../Core/Inc -I../Drivers/STM32F3xx_HAL_Driver/Inc -I../Drivers/STM32F3xx_HAL_Driver/Inc/Legacy -I../Drivers/CMSIS/Device/ST/STM32F3xx/Include -I../Drivers/CMSIS/Include -I"E:/Pulpit/PCB/Plytki_chlodzenia_SOFTWARE/Cooling_left/stm_f303k8_ioc/Main_app/Inc" -I"E:/Pulpit/PCB/Plytki_chlodzenia_SOFTWARE/Cooling_left/stm_f303k8_ioc/Main_app/Src" -O0 -ffunction-sections -fdata-sections -Wall -fstack-usage -fcyclomatic-complexity -MMD -MP -MF"Main_app/Src/MY_LIB/MY_driver_fan.d" -MT"Main_app/Src/MY_LIB/MY_driver_fan.o" --specs=nano.specs -mfpu=fpv4-sp-d16 -mfloat-abi=hard -mthumb -o "Main_app/Src/MY_LIB/MY_driver_fan.o"
arm-none-eabi-gcc "../Main_app/Src/MY_LIB/MY_driver_i2c.c" -mcpu=cortex-m4 -std=gnu11 -g3 -DDEBUG -DUSE_HAL_DRIVER -DSTM32F303x8 -c -I"E:/Pulpit/PCB/Plytki_chlodzenia_SOFTWARE/Cooling_left/stm_f303k8_ioc/Main_app/Inc/EKO_LIB" -I"E:/Pulpit/PCB/Plytki_chlodzenia_SOFTWARE/Cooling_left/stm_f303k8_ioc/Main_app/Inc/MY_LIB" -I"E:/Pulpit/PCB/Plytki_chlodzenia_SOFTWARE/Cooling_left/stm_f303k8_ioc/Main_app/Src/EKO_LIB" -I"E:/Pulpit/PCB/Plytki_chlodzenia_SOFTWARE/Cooling_left/stm_f303k8_ioc/Main_app/Src/MY_LIB" -I../Core/Inc -I../Drivers/STM32F3xx_HAL_Driver/Inc -I../Drivers/STM32F3xx_HAL_Driver/Inc/Legacy -I../Drivers/CMSIS/Device/ST/STM32F3xx/Include -I../Drivers/CMSIS/Include -I"E:/Pulpit/PCB/Plytki_chlodzenia_SOFTWARE/Cooling_left/stm_f303k8_ioc/Main_app/Inc" -I"E:/Pulpit/PCB/Plytki_chlodzenia_SOFTWARE/Cooling_left/stm_f303k8_ioc/Main_app/Src" -O0 -ffunction-sections -fdata-sections -Wall -fstack-usage -fcyclomatic-complexity -MMD -MP -MF"Main_app/Src/MY_LIB/MY_driver_i2c.d" -MT"Main_app/Src/MY_LIB/MY_driver_i2c.o" --specs=nano.specs -mfpu=fpv4-sp-d16 -mfloat-abi=hard -mthumb -o "Main_app/Src/MY_LIB/MY_driver_i2c.o"
arm-none-eabi-gcc "../Main_app/Src/MY_LIB/MY_driver_serwo.c" -mcpu=cortex-m4 -std=gnu11 -g3 -DDEBUG -DUSE_HAL_DRIVER -DSTM32F303x8 -c -I"E:/Pulpit/PCB/Plytki_chlodzenia_SOFTWARE/Cooling_left/stm_f303k8_ioc/Main_app/Inc/EKO_LIB" -I"E:/Pulpit/PCB/Plytki_chlodzenia_SOFTWARE/Cooling_left/stm_f303k8_ioc/Main_app/Inc/MY_LIB" -I"E:/Pulpit/PCB/Plytki_chlodzenia_SOFTWARE/Cooling_left/stm_f303k8_ioc/Main_app/Src/EKO_LIB" -I"E:/Pulpit/PCB/Plytki_chlodzenia_SOFTWARE/Cooling_left/stm_f303k8_ioc/Main_app/Src/MY_LIB" -I../Core/Inc -I../Drivers/STM32F3xx_HAL_Driver/Inc -I../Drivers/STM32F3xx_HAL_Driver/Inc/Legacy -I../Drivers/CMSIS/Device/ST/STM32F3xx/Include -I../Drivers/CMSIS/Include -I"E:/Pulpit/PCB/Plytki_chlodzenia_SOFTWARE/Cooling_left/stm_f303k8_ioc/Main_app/Inc" -I"E:/Pulpit/PCB/Plytki_chlodzenia_SOFTWARE/Cooling_left/stm_f303k8_ioc/Main_app/Src" -O0 -ffunction-sections -fdata-sections -Wall -fstack-usage -fcyclomatic-complexity -MMD -MP -MF"Main_app/Src/MY_LIB/MY_driver_serwo.d" -MT"Main_app/Src/MY_LIB/MY_driver_serwo.o" --specs=nano.specs -mfpu=fpv4-sp-d16 -mfloat-abi=hard -mthumb -o "Main_app/Src/MY_LIB/MY_driver_serwo.o"
arm-none-eabi-gcc "../Main_app/Src/cooler_left_app.c" -mcpu=cortex-m4 -std=gnu11 -g3 -DDEBUG -DUSE_HAL_DRIVER -DSTM32F303x8 -c -I"E:/Pulpit/PCB/Plytki_chlodzenia_SOFTWARE/Cooling_left/stm_f303k8_ioc/Main_app/Inc/EKO_LIB" -I"E:/Pulpit/PCB/Plytki_chlodzenia_SOFTWARE/Cooling_left/stm_f303k8_ioc/Main_app/Inc/MY_LIB" -I"E:/Pulpit/PCB/Plytki_chlodzenia_SOFTWARE/Cooling_left/stm_f303k8_ioc/Main_app/Src/EKO_LIB" -I"E:/Pulpit/PCB/Plytki_chlodzenia_SOFTWARE/Cooling_left/stm_f303k8_ioc/Main_app/Src/MY_LIB" -I../Core/Inc -I../Drivers/STM32F3xx_HAL_Driver/Inc -I../Drivers/STM32F3xx_HAL_Driver/Inc/Legacy -I../Drivers/CMSIS/Device/ST/STM32F3xx/Include -I../Drivers/CMSIS/Include -I"E:/Pulpit/PCB/Plytki_chlodzenia_SOFTWARE/Cooling_left/stm_f303k8_ioc/Main_app/Inc" -I"E:/Pulpit/PCB/Plytki_chlodzenia_SOFTWARE/Cooling_left/stm_f303k8_ioc/Main_app/Src" -O0 -ffunction-sections -fdata-sections -Wall -fstack-usage -fcyclomatic-complexity -MMD -MP -MF"Main_app/Src/cooler_left_app.d" -MT"Main_app/Src/cooler_left_app.o" --specs=nano.specs -mfpu=fpv4-sp-d16 -mfloat-abi=hard -mthumb -o "Main_app/Src/cooler_left_app.o"
arm-none-eabi-gcc "../Main_app/Src/cooler_test.c" -mcpu=cortex-m4 -std=gnu11 -g3 -DDEBUG -DUSE_HAL_DRIVER -DSTM32F303x8 -c -I"E:/Pulpit/PCB/Plytki_chlodzenia_SOFTWARE/Cooling_left/stm_f303k8_ioc/Main_app/Inc/EKO_LIB" -I"E:/Pulpit/PCB/Plytki_chlodzenia_SOFTWARE/Cooling_left/stm_f303k8_ioc/Main_app/Inc/MY_LIB" -I"E:/Pulpit/PCB/Plytki_chlodzenia_SOFTWARE/Cooling_left/stm_f303k8_ioc/Main_app/Src/EKO_LIB" -I"E:/Pulpit/PCB/Plytki_chlodzenia_SOFTWARE/Cooling_left/stm_f303k8_ioc/Main_app/Src/MY_LIB" -I../Core/Inc -I../Drivers/STM32F3xx_HAL_Driver/Inc -I../Drivers/STM32F3xx_HAL_Driver/Inc/Legacy -I../Drivers/CMSIS/Device/ST/STM32F3xx/Include -I../Drivers/CMSIS/Include -I"E:/Pulpit/PCB/Plytki_chlodzenia_SOFTWARE/Cooling_left/stm_f303k8_ioc/Main_app/Inc" -I"E:/Pulpit/PCB/Plytki_chlodzenia_SOFTWARE/Cooling_left/stm_f303k8_ioc/Main_app/Src" -O0 -ffunction-sections -fdata-sections -Wall -fstack-usage -fcyclomatic-complexity -MMD -MP -MF"Main_app/Src/cooler_test.d" -MT"Main_app/Src/cooler_test.o" --specs=nano.specs -mfpu=fpv4-sp-d16 -mfloat-abi=hard -mthumb -o "Main_app/Src/cooler_test.o"
arm-none-eabi-gcc "../Core/Src/main.c" -mcpu=cortex-m4 -std=gnu11 -g3 -DDEBUG -DUSE_HAL_DRIVER -DSTM32F303x8 -c -I"E:/Pulpit/PCB/Plytki_chlodzenia_SOFTWARE/Cooling_left/stm_f303k8_ioc/Main_app/Inc/EKO_LIB" -I"E:/Pulpit/PCB/Plytki_chlodzenia_SOFTWARE/Cooling_left/stm_f303k8_ioc/Main_app/Inc" -I"E:/Pulpit/PCB/Plytki_chlodzenia_SOFTWARE/Cooling_left/stm_f303k8_ioc/Main_app/Src" -I"E:/Pulpit/PCB/Plytki_chlodzenia_SOFTWARE/Cooling_left/stm_f303k8_ioc/Main_app/Inc/MY_LIB" -I"E:/Pulpit/PCB/Plytki_chlodzenia_SOFTWARE/Cooling_left/stm_f303k8_ioc/Main_app/Src/EKO_LIB" -I"E:/Pulpit/PCB/Plytki_chlodzenia_SOFTWARE/Cooling_left/stm_f303k8_ioc/Main_app/Src/MY_LIB" -I../Core/Inc -I../Drivers/STM32F3xx_HAL_Driver/Inc -I../Drivers/STM32F3xx_HAL_Driver/Inc/Legacy -I../Drivers/CMSIS/Device/ST/STM32F3xx/Include -I../Drivers/CMSIS/Include -O0 -ffunction-sections -fdata-sections -Wall -fstack-usage -fcyclomatic-complexity -MMD -MP -MF"Core/Src/main.d" -MT"Core/Src/main.o" --specs=nano.specs -mfpu=fpv4-sp-d16 -mfloat-abi=hard -mthumb -o "Core/Src/main.o"
../Main_app/Src/MY_LIB/MY_driver_i2c.c: In function 'AM2320_StateMachine':
../Main_app/Src/MY_LIB/MY_driver_i2c.c:153:5: warning: enumeration value 'AM2320_IDLE' not handled in switch [-Wswitch]
  153 |     switch (am2320State)
      |     ^~~~~~
../Main_app/Src/cooler_left_app.c: In function 'COOLER_app':
../Main_app/Src/cooler_left_app.c:117:27: warning: enumeration value 'CAN_FRAME_BMS_TEMP_1' not handled in switch [-Wswitch]
  117 |                           switch(msg.name)
      |                           ^~~~~~
../Main_app/Src/cooler_left_app.c:117:27: warning: enumeration value 'CAN_FRAME_BMS_TEMP_2' not handled in switch [-Wswitch]
../Main_app/Src/cooler_left_app.c:117:27: warning: enumeration value 'CAN_FRAME_BMS_TEMP_3' not handled in switch [-Wswitch]
../Main_app/Src/cooler_left_app.c:117:27: warning: enumeration value 'CAN_FRAME_BMS_TEMP_4' not handled in switch [-Wswitch]
../Main_app/Src/cooler_left_app.c:117:27: warning: enumeration value 'CAN_FRAME_BMS_TEMP_5' not handled in switch [-Wswitch]
../Main_app/Src/cooler_left_app.c:117:27: warning: enumeration value 'CAN_FRAME_BMS_TEMP_6' not handled in switch [-Wswitch]
../Main_app/Src/cooler_left_app.c:117:27: warning: enumeration value 'CAN_FRAME_BMS_TEMP_7' not handled in switch [-Wswitch]
../Main_app/Src/cooler_left_app.c:117:27: warning: enumeration value 'CAN_FRAME_BMS_TEMP_8' not handled in switch [-Wswitch]
../Main_app/Src/cooler_left_app.c:117:27: warning: enumeration value 'CAN_FRAME_BMS_TEMP_9' not handled in switch [-Wswitch]
../Main_app/Src/cooler_left_app.c:117:27: warning: enumeration value 'CAN_FRAME_SET_SERVOS_ENGINE' not handled in switch [-Wswitch]
../Main_app/Src/cooler_left_app.c:117:27: warning: enumeration value 'CAN_FRAME_SAFE_STATE' not handled in switch [-Wswitch]
../Main_app/Src/cooler_left_app.c:117:27: warning: enumeration value 'CAN_FRAME_BATTERY_SET_FAN' not handled in switch [-Wswitch]
../Main_app/Src/cooler_left_app.c:117:27: warning: enumeration value 'CAN_FRAME_UNKNOWN' not handled in switch [-Wswitch]
arm-none-eabi-gcc -o "stm_f303k8_ioc.elf" @"objects.list"   -mcpu=cortex-m4 -T"E:\Pulpit\PCB\Plytki_chlodzenia_SOFTWARE\Cooling_left\stm_f303k8_ioc\STM32F303K8TX_FLASH.ld" --specs=nosys.specs -Wl,-Map="stm_f303k8_ioc.map" -Wl,--gc-sections -static --specs=nano.specs -mfpu=fpv4-sp-d16 -mfloat-abi=hard -mthumb -Wl,--start-group -lc -lm -Wl,--end-group
Finished building target: stm_f303k8_ioc.elf
 
arm-none-eabi-size  stm_f303k8_ioc.elf 
arm-none-eabi-objdump -h -S stm_f303k8_ioc.elf  > "stm_f303k8_ioc.list"
   text	   data	    bss	    dec	    hex	filename
  34852	     12	   5064	  39928	   9bf8	stm_f303k8_ioc.elf
Finished building: default.size.stdout
 
Finished building: stm_f303k8_ioc.list
 
19:43:48 **** Incremental Build of configuration Debug for project stm_f303k8_ioc ****
make -j16 all 
arm-none-eabi-gcc "../Main_app/Src/MY_LIB/MY_driver_fan.c" -mcpu=cortex-m4 -std=gnu11 -g3 -DDEBUG -DUSE_HAL_DRIVER -DSTM32F303x8 -c -I"E:/Pulpit/PCB/Plytki_chlodzenia_SOFTWARE/Cooling_left/stm_f303k8_ioc/Main_app/Inc/EKO_LIB" -I"E:/Pulpit/PCB/Plytki_chlodzenia_SOFTWARE/Cooling_left/stm_f303k8_ioc/Main_app/Inc/MY_LIB" -I"E:/Pulpit/PCB/Plytki_chlodzenia_SOFTWARE/Cooling_left/stm_f303k8_ioc/Main_app/Src/EKO_LIB" -I"E:/Pulpit/PCB/Plytki_chlodzenia_SOFTWARE/Cooling_left/stm_f303k8_ioc/Main_app/Src/MY_LIB" -I../Core/Inc -I../Drivers/STM32F3xx_HAL_Driver/Inc -I../Drivers/STM32F3xx_HAL_Driver/Inc/Legacy -I../Drivers/CMSIS/Device/ST/STM32F3xx/Include -I../Drivers/CMSIS/Include -I"E:/Pulpit/PCB/Plytki_chlodzenia_SOFTWARE/Cooling_left/stm_f303k8_ioc/Main_app/Inc" -I"E:/Pulpit/PCB/Plytki_chlodzenia_SOFTWARE/Cooling_left/stm_f303k8_ioc/Main_app/Src" -O0 -ffunction-sections -fdata-sections -Wall -fstack-usage -fcyclomatic-complexity -MMD -MP -MF"Main_app/Src/MY_LIB/MY_driver_fan.d" -MT"Main_app/Src/MY_LIB/MY_driver_fan.o" --specs=nano.specs -mfpu=fpv4-sp-d16 -mfloat-abi=hard -mthumb -o "Main_app/Src/MY_LIB/MY_driver_fan.o"
arm-none-eabi-gcc "../Main_app/Src/MY_LIB/MY_driver_i2c.c" -mcpu=cortex-m4 -std=gnu11 -g3 -DDEBUG -DUSE_HAL_DRIVER -DSTM32F303x8 -c -I"E:/Pulpit/PCB/Plytki_chlodzenia_SOFTWARE/Cooling_left/stm_f303k8_ioc/Main_app/Inc/EKO_LIB" -I"E:/Pulpit/PCB/Plytki_chlodzenia_SOFTWARE/Cooling_left/stm_f303k8_ioc/Main_app/Inc/MY_LIB" -I"E:/Pulpit/PCB/Plytki_chlodzenia_SOFTWARE/Cooling_left/stm_f303k8_ioc/Main_app/Src/EKO_LIB" -I"E:/Pulpit/PCB/Plytki_chlodzenia_SOFTWARE/Cooling_left/stm_f303k8_ioc/Main_app/Src/MY_LIB" -I../Core/Inc -I../Drivers/STM32F3xx_HAL_Driver/Inc -I../Drivers/STM32F3xx_HAL_Driver/Inc/Legacy -I../Drivers/CMSIS/Device/ST/STM32F3xx/Include -I../Drivers/CMSIS/Include -I"E:/Pulpit/PCB/Plytki_chlodzenia_SOFTWARE/Cooling_left/stm_f303k8_ioc/Main_app/Inc" -I"E:/Pulpit/PCB/Plytki_chlodzenia_SOFTWARE/Cooling_left/stm_f303k8_ioc/Main_app/Src" -O0 -ffunction-sections -fdata-sections -Wall -fstack-usage -fcyclomatic-complexity -MMD -MP -MF"Main_app/Src/MY_LIB/MY_driver_i2c.d" -MT"Main_app/Src/MY_LIB/MY_driver_i2c.o" --specs=nano.specs -mfpu=fpv4-sp-d16 -mfloat-abi=hard -mthumb -o "Main_app/Src/MY_LIB/MY_driver_i2c.o"
arm-none-eabi-gcc "../Main_app/Src/MY_LIB/MY_driver_serwo.c" -mcpu=cortex-m4 -std=gnu11 -g3 -DDEBUG -DUSE_HAL_DRIVER -DSTM32F303x8 -c -I"E:/Pulpit/PCB/Plytki_chlodzenia_SOFTWARE/Cooling_left/stm_f303k8_ioc/Main_app/Inc/EKO_LIB" -I"E:/Pulpit/PCB/Plytki_chlodzenia_SOFTWARE/Cooling_left/stm_f303k8_ioc/Main_app/Inc/MY_LIB" -I"E:/Pulpit/PCB/Plytki_chlodzenia_SOFTWARE/Cooling_left/stm_f303k8_ioc/Main_app/Src/EKO_LIB" -I"E:/Pulpit/PCB/Plytki_chlodzenia_SOFTWARE/Cooling_left/stm_f303k8_ioc/Main_app/Src/MY_LIB" -I../Core/Inc -I../Drivers/STM32F3xx_HAL_Driver/Inc -I../Drivers/STM32F3xx_HAL_Driver/Inc/Legacy -I../Drivers/CMSIS/Device/ST/STM32F3xx/Include -I../Drivers/CMSIS/Include -I"E:/Pulpit/PCB/Plytki_chlodzenia_SOFTWARE/Cooling_left/stm_f303k8_ioc/Main_app/Inc" -I"E:/Pulpit/PCB/Plytki_chlodzenia_SOFTWARE/Cooling_left/stm_f303k8_ioc/Main_app/Src" -O0 -ffunction-sections -fdata-sections -Wall -fstack-usage -fcyclomatic-complexity -MMD -MP -MF"Main_app/Src/MY_LIB/MY_driver_serwo.d" -MT"Main_app/Src/MY_LIB/MY_driver_serwo.o" --specs=nano.specs -mfpu=fpv4-sp-d16 -mfloat-abi=hard -mthumb -o "Main_app/Src/MY_LIB/MY_driver_serwo.o"
arm-none-eabi-gcc "../Main_app/Src/cooler_left_app.c" -mcpu=cortex-m4 -std=gnu11 -g3 -DDEBUG -DUSE_HAL_DRIVER -DSTM32F303x8 -c -I"E:/Pulpit/PCB/Plytki_chlodzenia_SOFTWARE/Cooling_left/stm_f303k8_ioc/Main_app/Inc/EKO_LIB" -I"E:/Pulpit/PCB/Plytki_chlodzenia_SOFTWARE/Cooling_left/stm_f303k8_ioc/Main_app/Inc/MY_LIB" -I"E:/Pulpit/PCB/Plytki_chlodzenia_SOFTWARE/Cooling_left/stm_f303k8_ioc/Main_app/Src/EKO_LIB" -I"E:/Pulpit/PCB/Plytki_chlodzenia_SOFTWARE/Cooling_left/stm_f303k8_ioc/Main_app/Src/MY_LIB" -I../Core/Inc -I../Drivers/STM32F3xx_HAL_Driver/Inc -I../Drivers/STM32F3xx_HAL_Driver/Inc/Legacy -I../Drivers/CMSIS/Device/ST/STM32F3xx/Include -I../Drivers/CMSIS/Include -I"E:/Pulpit/PCB/Plytki_chlodzenia_SOFTWARE/Cooling_left/stm_f303k8_ioc/Main_app/Inc" -I"E:/Pulpit/PCB/Plytki_chlodzenia_SOFTWARE/Cooling_left/stm_f303k8_ioc/Main_app/Src" -O0 -ffunction-sections -fdata-sections -Wall -fstack-usage -fcyclomatic-complexity -MMD -MP -MF"Main_app/Src/cooler_left_app.d" -MT"Main_app/Src/cooler_left_app.o" --specs=nano.specs -mfpu=fpv4-sp-d16 -mfloat-abi=hard -mthumb -o "Main_app/Src/cooler_left_app.o"
arm-none-eabi-gcc "../Main_app/Src/cooler_test.c" -mcpu=cortex-m4 -std=gnu11 -g3 -DDEBUG -DUSE_HAL_DRIVER -DSTM32F303x8 -c -I"E:/Pulpit/PCB/Plytki_chlodzenia_SOFTWARE/Cooling_left/stm_f303k8_ioc/Main_app/Inc/EKO_LIB" -I"E:/Pulpit/PCB/Plytki_chlodzenia_SOFTWARE/Cooling_left/stm_f303k8_ioc/Main_app/Inc/MY_LIB" -I"E:/Pulpit/PCB/Plytki_chlodzenia_SOFTWARE/Cooling_left/stm_f303k8_ioc/Main_app/Src/EKO_LIB" -I"E:/Pulpit/PCB/Plytki_chlodzenia_SOFTWARE/Cooling_left/stm_f303k8_ioc/Main_app/Src/MY_LIB" -I../Core/Inc -I../Drivers/STM32F3xx_HAL_Driver/Inc -I../Drivers/STM32F3xx_HAL_Driver/Inc/Legacy -I../Drivers/CMSIS/Device/ST/STM32F3xx/Include -I../Drivers/CMSIS/Include -I"E:/Pulpit/PCB/Plytki_chlodzenia_SOFTWARE/Cooling_left/stm_f303k8_ioc/Main_app/Inc" -I"E:/Pulpit/PCB/Plytki_chlodzenia_SOFTWARE/Cooling_left/stm_f303k8_ioc/Main_app/Src" -O0 -ffunction-sections -fdata-sections -Wall -fstack-usage -fcyclomatic-complexity -MMD -MP -MF"Main_app/Src/cooler_test.d" -MT"Main_app/Src/cooler_test.o" --specs=nano.specs -mfpu=fpv4-sp-d16 -mfloat-abi=hard -mthumb -o "Main_app/Src/cooler_test.o"
arm-none-eabi-gcc "../Core/Src/main.c" -mcpu=cortex-m4 -std=gnu11 -g3 -DDEBUG -DUSE_HAL_DRIVER -DSTM32F303x8 -c -I"E:/Pulpit/PCB/Plytki_chlodzenia_SOFTWARE/Cooling_left/stm_f303k8_ioc/Main_app/Inc/EKO_LIB" -I"E:/Pulpit/PCB/Plytki_chlodzenia_SOFTWARE/Cooling_left/stm_f303k8_ioc/Main_app/Inc" -I"E:/Pulpit/PCB/Plytki_chlodzenia_SOFTWARE/Cooling_left/stm_f303k8_ioc/Main_app/Src" -I"E:/Pulpit/PCB/Plytki_chlodzenia_SOFTWARE/Cooling_left/stm_f303k8_ioc/Main_app/Inc/MY_LIB" -I"E:/Pulpit/PCB/Plytki_chlodzenia_SOFTWARE/Cooling_left/stm_f303k8_ioc/Main_app/Src/EKO_LIB" -I"E:/Pulpit/PCB/Plytki_chlodzenia_SOFTWARE/Cooling_left/stm_f303k8_ioc/Main_app/Src/MY_LIB" -I../Core/Inc -I../Drivers/STM32F3xx_HAL_Driver/Inc -I../Drivers/STM32F3xx_HAL_Driver/Inc/Legacy -I../Drivers/CMSIS/Device/ST/STM32F3xx/Include -I../Drivers/CMSIS/Include -O0 -ffunction-sections -fdata-sections -Wall -fstack-usage -fcyclomatic-complexity -MMD -MP -MF"Core/Src/main.d" -MT"Core/Src/main.o" --specs=nano.specs -mfpu=fpv4-sp-d16 -mfloat-abi=hard -mthumb -o "Core/Src/main.o"
../Main_app/Src/MY_LIB/MY_driver_i2c.c: In function 'AM2320_StateMachine':
../Main_app/Src/MY_LIB/MY_driver_i2c.c:153:5: warning: enumeration value 'AM2320_IDLE' not handled in switch [-Wswitch]
  153 |     switch (am2320State)
      |     ^~~~~~
../Main_app/Src/cooler_left_app.c: In function 'COOLER_app':
../Main_app/Src/cooler_left_app.c:117:27: warning: enumeration value 'CAN_FRAME_BMS_TEMP_1' not handled in switch [-Wswitch]
  117 |                           switch(msg.name)
      |                           ^~~~~~
../Main_app/Src/cooler_left_app.c:117:27: warning: enumeration value 'CAN_FRAME_BMS_TEMP_2' not handled in switch [-Wswitch]
../Main_app/Src/cooler_left_app.c:117:27: warning: enumeration value 'CAN_FRAME_BMS_TEMP_3' not handled in switch [-Wswitch]
../Main_app/Src/cooler_left_app.c:117:27: warning: enumeration value 'CAN_FRAME_BMS_TEMP_4' not handled in switch [-Wswitch]
../Main_app/Src/cooler_left_app.c:117:27: warning: enumeration value 'CAN_FRAME_BMS_TEMP_5' not handled in switch [-Wswitch]
../Main_app/Src/cooler_left_app.c:117:27: warning: enumeration value 'CAN_FRAME_BMS_TEMP_6' not handled in switch [-Wswitch]
../Main_app/Src/cooler_left_app.c:117:27: warning: enumeration value 'CAN_FRAME_BMS_TEMP_7' not handled in switch [-Wswitch]
../Main_app/Src/cooler_left_app.c:117:27: warning: enumeration value 'CAN_FRAME_BMS_TEMP_8' not handled in switch [-Wswitch]
../Main_app/Src/cooler_left_app.c:117:27: warning: enumeration value 'CAN_FRAME_BMS_TEMP_9' not handled in switch [-Wswitch]
../Main_app/Src/cooler_left_app.c:117:27: warning: enumeration value 'CAN_FRAME_SET_SERVOS_ENGINE' not handled in switch [-Wswitch]
../Main_app/Src/cooler_left_app.c:117:27: warning: enumeration value 'CAN_FRAME_SAFE_STATE' not handled in switch [-Wswitch]
../Main_app/Src/cooler_left_app.c:117:27: warning: enumeration value 'CAN_FRAME_BATTERY_SET_FAN' not handled in switch [-Wswitch]
../Main_app/Src/cooler_left_app.c:117:27: warning: enumeration value 'CAN_FRAME_UNKNOWN' not handled in switch [-Wswitch]
arm-none-eabi-gcc -o "stm_f303k8_ioc.elf" @"objects.list"   -mcpu=cortex-m4 -T"E:\Pulpit\PCB\Plytki_chlodzenia_SOFTWARE\Cooling_left\stm_f303k8_ioc\STM32F303K8TX_FLASH.ld" --specs=nosys.specs -Wl,-Map="stm_f303k8_ioc.map" -Wl,--gc-sections -static --specs=nano.specs -mfpu=fpv4-sp-d16 -mfloat-abi=hard -mthumb -Wl,--start-group -lc -lm -Wl,--end-group
Finished building target: stm_f303k8_ioc.elf
 
arm-none-eabi-size  stm_f303k8_ioc.elf 
arm-none-eabi-objdump -h -S stm_f303k8_ioc.elf  > "stm_f303k8_ioc.list"
   text	   data	    bss	    dec	    hex	filename
  34852	     12	   5064	  39928	   9bf8	stm_f303k8_ioc.elf
Finished building: default.size.stdout
 
Finished building: stm_f303k8_ioc.list
 
19:45:25 **** Incremental Build of configuration Debug for project stm_f303k8_ioc ****
make -j16 all 
arm-none-eabi-gcc "../Main_app/Src/MY_LIB/MY_driver_fan.c" -mcpu=cortex-m4 -std=gnu11 -g3 -DDEBUG -DUSE_HAL_DRIVER -DSTM32F303x8 -c -I"E:/Pulpit/PCB/Plytki_chlodzenia_SOFTWARE/Cooling_left/stm_f303k8_ioc/Main_app/Inc/EKO_LIB" -I"E:/Pulpit/PCB/Plytki_chlodzenia_SOFTWARE/Cooling_left/stm_f303k8_ioc/Main_app/Inc/MY_LIB" -I"E:/Pulpit/PCB/Plytki_chlodzenia_SOFTWARE/Cooling_left/stm_f303k8_ioc/Main_app/Src/EKO_LIB" -I"E:/Pulpit/PCB/Plytki_chlodzenia_SOFTWARE/Cooling_left/stm_f303k8_ioc/Main_app/Src/MY_LIB" -I../Core/Inc -I../Drivers/STM32F3xx_HAL_Driver/Inc -I../Drivers/STM32F3xx_HAL_Driver/Inc/Legacy -I../Drivers/CMSIS/Device/ST/STM32F3xx/Include -I../Drivers/CMSIS/Include -I"E:/Pulpit/PCB/Plytki_chlodzenia_SOFTWARE/Cooling_left/stm_f303k8_ioc/Main_app/Inc" -I"E:/Pulpit/PCB/Plytki_chlodzenia_SOFTWARE/Cooling_left/stm_f303k8_ioc/Main_app/Src" -O0 -ffunction-sections -fdata-sections -Wall -fstack-usage -fcyclomatic-complexity -MMD -MP -MF"Main_app/Src/MY_LIB/MY_driver_fan.d" -MT"Main_app/Src/MY_LIB/MY_driver_fan.o" --specs=nano.specs -mfpu=fpv4-sp-d16 -mfloat-abi=hard -mthumb -o "Main_app/Src/MY_LIB/MY_driver_fan.o"
arm-none-eabi-gcc "../Main_app/Src/MY_LIB/MY_driver_i2c.c" -mcpu=cortex-m4 -std=gnu11 -g3 -DDEBUG -DUSE_HAL_DRIVER -DSTM32F303x8 -c -I"E:/Pulpit/PCB/Plytki_chlodzenia_SOFTWARE/Cooling_left/stm_f303k8_ioc/Main_app/Inc/EKO_LIB" -I"E:/Pulpit/PCB/Plytki_chlodzenia_SOFTWARE/Cooling_left/stm_f303k8_ioc/Main_app/Inc/MY_LIB" -I"E:/Pulpit/PCB/Plytki_chlodzenia_SOFTWARE/Cooling_left/stm_f303k8_ioc/Main_app/Src/EKO_LIB" -I"E:/Pulpit/PCB/Plytki_chlodzenia_SOFTWARE/Cooling_left/stm_f303k8_ioc/Main_app/Src/MY_LIB" -I../Core/Inc -I../Drivers/STM32F3xx_HAL_Driver/Inc -I../Drivers/STM32F3xx_HAL_Driver/Inc/Legacy -I../Drivers/CMSIS/Device/ST/STM32F3xx/Include -I../Drivers/CMSIS/Include -I"E:/Pulpit/PCB/Plytki_chlodzenia_SOFTWARE/Cooling_left/stm_f303k8_ioc/Main_app/Inc" -I"E:/Pulpit/PCB/Plytki_chlodzenia_SOFTWARE/Cooling_left/stm_f303k8_ioc/Main_app/Src" -O0 -ffunction-sections -fdata-sections -Wall -fstack-usage -fcyclomatic-complexity -MMD -MP -MF"Main_app/Src/MY_LIB/MY_driver_i2c.d" -MT"Main_app/Src/MY_LIB/MY_driver_i2c.o" --specs=nano.specs -mfpu=fpv4-sp-d16 -mfloat-abi=hard -mthumb -o "Main_app/Src/MY_LIB/MY_driver_i2c.o"
arm-none-eabi-gcc "../Main_app/Src/MY_LIB/MY_driver_serwo.c" -mcpu=cortex-m4 -std=gnu11 -g3 -DDEBUG -DUSE_HAL_DRIVER -DSTM32F303x8 -c -I"E:/Pulpit/PCB/Plytki_chlodzenia_SOFTWARE/Cooling_left/stm_f303k8_ioc/Main_app/Inc/EKO_LIB" -I"E:/Pulpit/PCB/Plytki_chlodzenia_SOFTWARE/Cooling_left/stm_f303k8_ioc/Main_app/Inc/MY_LIB" -I"E:/Pulpit/PCB/Plytki_chlodzenia_SOFTWARE/Cooling_left/stm_f303k8_ioc/Main_app/Src/EKO_LIB" -I"E:/Pulpit/PCB/Plytki_chlodzenia_SOFTWARE/Cooling_left/stm_f303k8_ioc/Main_app/Src/MY_LIB" -I../Core/Inc -I../Drivers/STM32F3xx_HAL_Driver/Inc -I../Drivers/STM32F3xx_HAL_Driver/Inc/Legacy -I../Drivers/CMSIS/Device/ST/STM32F3xx/Include -I../Drivers/CMSIS/Include -I"E:/Pulpit/PCB/Plytki_chlodzenia_SOFTWARE/Cooling_left/stm_f303k8_ioc/Main_app/Inc" -I"E:/Pulpit/PCB/Plytki_chlodzenia_SOFTWARE/Cooling_left/stm_f303k8_ioc/Main_app/Src" -O0 -ffunction-sections -fdata-sections -Wall -fstack-usage -fcyclomatic-complexity -MMD -MP -MF"Main_app/Src/MY_LIB/MY_driver_serwo.d" -MT"Main_app/Src/MY_LIB/MY_driver_serwo.o" --specs=nano.specs -mfpu=fpv4-sp-d16 -mfloat-abi=hard -mthumb -o "Main_app/Src/MY_LIB/MY_driver_serwo.o"
arm-none-eabi-gcc "../Main_app/Src/cooler_left_app.c" -mcpu=cortex-m4 -std=gnu11 -g3 -DDEBUG -DUSE_HAL_DRIVER -DSTM32F303x8 -c -I"E:/Pulpit/PCB/Plytki_chlodzenia_SOFTWARE/Cooling_left/stm_f303k8_ioc/Main_app/Inc/EKO_LIB" -I"E:/Pulpit/PCB/Plytki_chlodzenia_SOFTWARE/Cooling_left/stm_f303k8_ioc/Main_app/Inc/MY_LIB" -I"E:/Pulpit/PCB/Plytki_chlodzenia_SOFTWARE/Cooling_left/stm_f303k8_ioc/Main_app/Src/EKO_LIB" -I"E:/Pulpit/PCB/Plytki_chlodzenia_SOFTWARE/Cooling_left/stm_f303k8_ioc/Main_app/Src/MY_LIB" -I../Core/Inc -I../Drivers/STM32F3xx_HAL_Driver/Inc -I../Drivers/STM32F3xx_HAL_Driver/Inc/Legacy -I../Drivers/CMSIS/Device/ST/STM32F3xx/Include -I../Drivers/CMSIS/Include -I"E:/Pulpit/PCB/Plytki_chlodzenia_SOFTWARE/Cooling_left/stm_f303k8_ioc/Main_app/Inc" -I"E:/Pulpit/PCB/Plytki_chlodzenia_SOFTWARE/Cooling_left/stm_f303k8_ioc/Main_app/Src" -O0 -ffunction-sections -fdata-sections -Wall -fstack-usage -fcyclomatic-complexity -MMD -MP -MF"Main_app/Src/cooler_left_app.d" -MT"Main_app/Src/cooler_left_app.o" --specs=nano.specs -mfpu=fpv4-sp-d16 -mfloat-abi=hard -mthumb -o "Main_app/Src/cooler_left_app.o"
arm-none-eabi-gcc "../Main_app/Src/cooler_test.c" -mcpu=cortex-m4 -std=gnu11 -g3 -DDEBUG -DUSE_HAL_DRIVER -DSTM32F303x8 -c -I"E:/Pulpit/PCB/Plytki_chlodzenia_SOFTWARE/Cooling_left/stm_f303k8_ioc/Main_app/Inc/EKO_LIB" -I"E:/Pulpit/PCB/Plytki_chlodzenia_SOFTWARE/Cooling_left/stm_f303k8_ioc/Main_app/Inc/MY_LIB" -I"E:/Pulpit/PCB/Plytki_chlodzenia_SOFTWARE/Cooling_left/stm_f303k8_ioc/Main_app/Src/EKO_LIB" -I"E:/Pulpit/PCB/Plytki_chlodzenia_SOFTWARE/Cooling_left/stm_f303k8_ioc/Main_app/Src/MY_LIB" -I../Core/Inc -I../Drivers/STM32F3xx_HAL_Driver/Inc -I../Drivers/STM32F3xx_HAL_Driver/Inc/Legacy -I../Drivers/CMSIS/Device/ST/STM32F3xx/Include -I../Drivers/CMSIS/Include -I"E:/Pulpit/PCB/Plytki_chlodzenia_SOFTWARE/Cooling_left/stm_f303k8_ioc/Main_app/Inc" -I"E:/Pulpit/PCB/Plytki_chlodzenia_SOFTWARE/Cooling_left/stm_f303k8_ioc/Main_app/Src" -O0 -ffunction-sections -fdata-sections -Wall -fstack-usage -fcyclomatic-complexity -MMD -MP -MF"Main_app/Src/cooler_test.d" -MT"Main_app/Src/cooler_test.o" --specs=nano.specs -mfpu=fpv4-sp-d16 -mfloat-abi=hard -mthumb -o "Main_app/Src/cooler_test.o"
arm-none-eabi-gcc "../Core/Src/main.c" -mcpu=cortex-m4 -std=gnu11 -g3 -DDEBUG -DUSE_HAL_DRIVER -DSTM32F303x8 -c -I"E:/Pulpit/PCB/Plytki_chlodzenia_SOFTWARE/Cooling_left/stm_f303k8_ioc/Main_app/Inc/EKO_LIB" -I"E:/Pulpit/PCB/Plytki_chlodzenia_SOFTWARE/Cooling_left/stm_f303k8_ioc/Main_app/Inc" -I"E:/Pulpit/PCB/Plytki_chlodzenia_SOFTWARE/Cooling_left/stm_f303k8_ioc/Main_app/Src" -I"E:/Pulpit/PCB/Plytki_chlodzenia_SOFTWARE/Cooling_left/stm_f303k8_ioc/Main_app/Inc/MY_LIB" -I"E:/Pulpit/PCB/Plytki_chlodzenia_SOFTWARE/Cooling_left/stm_f303k8_ioc/Main_app/Src/EKO_LIB" -I"E:/Pulpit/PCB/Plytki_chlodzenia_SOFTWARE/Cooling_left/stm_f303k8_ioc/Main_app/Src/MY_LIB" -I../Core/Inc -I../Drivers/STM32F3xx_HAL_Driver/Inc -I../Drivers/STM32F3xx_HAL_Driver/Inc/Legacy -I../Drivers/CMSIS/Device/ST/STM32F3xx/Include -I../Drivers/CMSIS/Include -O0 -ffunction-sections -fdata-sections -Wall -fstack-usage -fcyclomatic-complexity -MMD -MP -MF"Core/Src/main.d" -MT"Core/Src/main.o" --specs=nano.specs -mfpu=fpv4-sp-d16 -mfloat-abi=hard -mthumb -o "Core/Src/main.o"
../Main_app/Src/MY_LIB/MY_driver_i2c.c: In function 'AM2320_StateMachine':
../Main_app/Src/MY_LIB/MY_driver_i2c.c:153:5: warning: enumeration value 'AM2320_IDLE' not handled in switch [-Wswitch]
  153 |     switch (am2320State)
      |     ^~~~~~
../Main_app/Src/cooler_left_app.c: In function 'COOLER_app':
../Main_app/Src/cooler_left_app.c:117:27: warning: enumeration value 'CAN_FRAME_BMS_TEMP_1' not handled in switch [-Wswitch]
  117 |                           switch(msg.name)
      |                           ^~~~~~
../Main_app/Src/cooler_left_app.c:117:27: warning: enumeration value 'CAN_FRAME_BMS_TEMP_2' not handled in switch [-Wswitch]
../Main_app/Src/cooler_left_app.c:117:27: warning: enumeration value 'CAN_FRAME_BMS_TEMP_3' not handled in switch [-Wswitch]
../Main_app/Src/cooler_left_app.c:117:27: warning: enumeration value 'CAN_FRAME_BMS_TEMP_4' not handled in switch [-Wswitch]
../Main_app/Src/cooler_left_app.c:117:27: warning: enumeration value 'CAN_FRAME_BMS_TEMP_5' not handled in switch [-Wswitch]
../Main_app/Src/cooler_left_app.c:117:27: warning: enumeration value 'CAN_FRAME_BMS_TEMP_6' not handled in switch [-Wswitch]
../Main_app/Src/cooler_left_app.c:117:27: warning: enumeration value 'CAN_FRAME_BMS_TEMP_7' not handled in switch [-Wswitch]
../Main_app/Src/cooler_left_app.c:117:27: warning: enumeration value 'CAN_FRAME_BMS_TEMP_8' not handled in switch [-Wswitch]
../Main_app/Src/cooler_left_app.c:117:27: warning: enumeration value 'CAN_FRAME_BMS_TEMP_9' not handled in switch [-Wswitch]
../Main_app/Src/cooler_left_app.c:117:27: warning: enumeration value 'CAN_FRAME_SET_SERVOS_ENGINE' not handled in switch [-Wswitch]
../Main_app/Src/cooler_left_app.c:117:27: warning: enumeration value 'CAN_FRAME_SAFE_STATE' not handled in switch [-Wswitch]
../Main_app/Src/cooler_left_app.c:117:27: warning: enumeration value 'CAN_FRAME_BATTERY_SET_FAN' not handled in switch [-Wswitch]
../Main_app/Src/cooler_left_app.c:117:27: warning: enumeration value 'CAN_FRAME_UNKNOWN' not handled in switch [-Wswitch]
arm-none-eabi-gcc -o "stm_f303k8_ioc.elf" @"objects.list"   -mcpu=cortex-m4 -T"E:\Pulpit\PCB\Plytki_chlodzenia_SOFTWARE\Cooling_left\stm_f303k8_ioc\STM32F303K8TX_FLASH.ld" --specs=nosys.specs -Wl,-Map="stm_f303k8_ioc.map" -Wl,--gc-sections -static --specs=nano.specs -mfpu=fpv4-sp-d16 -mfloat-abi=hard -mthumb -Wl,--start-group -lc -lm -Wl,--end-group
Finished building target: stm_f303k8_ioc.elf
 
arm-none-eabi-size  stm_f303k8_ioc.elf 
arm-none-eabi-objdump -h -S stm_f303k8_ioc.elf  > "stm_f303k8_ioc.list"
   text	   data	    bss	    dec	    hex	filename
  34852	     12	   5064	  39928	   9bf8	stm_f303k8_ioc.elf
Finished building: default.size.stdout
 
Finished building: stm_f303k8_ioc.list
 
19:45:49 **** Incremental Build of configuration Debug for project stm_f303k8_ioc ****
make -j16 all 
arm-none-eabi-gcc "../Main_app/Src/MY_LIB/MY_driver_fan.c" -mcpu=cortex-m4 -std=gnu11 -g3 -DDEBUG -DUSE_HAL_DRIVER -DSTM32F303x8 -c -I"E:/Pulpit/PCB/Plytki_chlodzenia_SOFTWARE/Cooling_left/stm_f303k8_ioc/Main_app/Inc/EKO_LIB" -I"E:/Pulpit/PCB/Plytki_chlodzenia_SOFTWARE/Cooling_left/stm_f303k8_ioc/Main_app/Inc/MY_LIB" -I"E:/Pulpit/PCB/Plytki_chlodzenia_SOFTWARE/Cooling_left/stm_f303k8_ioc/Main_app/Src/EKO_LIB" -I"E:/Pulpit/PCB/Plytki_chlodzenia_SOFTWARE/Cooling_left/stm_f303k8_ioc/Main_app/Src/MY_LIB" -I../Core/Inc -I../Drivers/STM32F3xx_HAL_Driver/Inc -I../Drivers/STM32F3xx_HAL_Driver/Inc/Legacy -I../Drivers/CMSIS/Device/ST/STM32F3xx/Include -I../Drivers/CMSIS/Include -I"E:/Pulpit/PCB/Plytki_chlodzenia_SOFTWARE/Cooling_left/stm_f303k8_ioc/Main_app/Inc" -I"E:/Pulpit/PCB/Plytki_chlodzenia_SOFTWARE/Cooling_left/stm_f303k8_ioc/Main_app/Src" -O0 -ffunction-sections -fdata-sections -Wall -fstack-usage -fcyclomatic-complexity -MMD -MP -MF"Main_app/Src/MY_LIB/MY_driver_fan.d" -MT"Main_app/Src/MY_LIB/MY_driver_fan.o" --specs=nano.specs -mfpu=fpv4-sp-d16 -mfloat-abi=hard -mthumb -o "Main_app/Src/MY_LIB/MY_driver_fan.o"
arm-none-eabi-gcc "../Main_app/Src/MY_LIB/MY_driver_i2c.c" -mcpu=cortex-m4 -std=gnu11 -g3 -DDEBUG -DUSE_HAL_DRIVER -DSTM32F303x8 -c -I"E:/Pulpit/PCB/Plytki_chlodzenia_SOFTWARE/Cooling_left/stm_f303k8_ioc/Main_app/Inc/EKO_LIB" -I"E:/Pulpit/PCB/Plytki_chlodzenia_SOFTWARE/Cooling_left/stm_f303k8_ioc/Main_app/Inc/MY_LIB" -I"E:/Pulpit/PCB/Plytki_chlodzenia_SOFTWARE/Cooling_left/stm_f303k8_ioc/Main_app/Src/EKO_LIB" -I"E:/Pulpit/PCB/Plytki_chlodzenia_SOFTWARE/Cooling_left/stm_f303k8_ioc/Main_app/Src/MY_LIB" -I../Core/Inc -I../Drivers/STM32F3xx_HAL_Driver/Inc -I../Drivers/STM32F3xx_HAL_Driver/Inc/Legacy -I../Drivers/CMSIS/Device/ST/STM32F3xx/Include -I../Drivers/CMSIS/Include -I"E:/Pulpit/PCB/Plytki_chlodzenia_SOFTWARE/Cooling_left/stm_f303k8_ioc/Main_app/Inc" -I"E:/Pulpit/PCB/Plytki_chlodzenia_SOFTWARE/Cooling_left/stm_f303k8_ioc/Main_app/Src" -O0 -ffunction-sections -fdata-sections -Wall -fstack-usage -fcyclomatic-complexity -MMD -MP -MF"Main_app/Src/MY_LIB/MY_driver_i2c.d" -MT"Main_app/Src/MY_LIB/MY_driver_i2c.o" --specs=nano.specs -mfpu=fpv4-sp-d16 -mfloat-abi=hard -mthumb -o "Main_app/Src/MY_LIB/MY_driver_i2c.o"
arm-none-eabi-gcc "../Main_app/Src/MY_LIB/MY_driver_serwo.c" -mcpu=cortex-m4 -std=gnu11 -g3 -DDEBUG -DUSE_HAL_DRIVER -DSTM32F303x8 -c -I"E:/Pulpit/PCB/Plytki_chlodzenia_SOFTWARE/Cooling_left/stm_f303k8_ioc/Main_app/Inc/EKO_LIB" -I"E:/Pulpit/PCB/Plytki_chlodzenia_SOFTWARE/Cooling_left/stm_f303k8_ioc/Main_app/Inc/MY_LIB" -I"E:/Pulpit/PCB/Plytki_chlodzenia_SOFTWARE/Cooling_left/stm_f303k8_ioc/Main_app/Src/EKO_LIB" -I"E:/Pulpit/PCB/Plytki_chlodzenia_SOFTWARE/Cooling_left/stm_f303k8_ioc/Main_app/Src/MY_LIB" -I../Core/Inc -I../Drivers/STM32F3xx_HAL_Driver/Inc -I../Drivers/STM32F3xx_HAL_Driver/Inc/Legacy -I../Drivers/CMSIS/Device/ST/STM32F3xx/Include -I../Drivers/CMSIS/Include -I"E:/Pulpit/PCB/Plytki_chlodzenia_SOFTWARE/Cooling_left/stm_f303k8_ioc/Main_app/Inc" -I"E:/Pulpit/PCB/Plytki_chlodzenia_SOFTWARE/Cooling_left/stm_f303k8_ioc/Main_app/Src" -O0 -ffunction-sections -fdata-sections -Wall -fstack-usage -fcyclomatic-complexity -MMD -MP -MF"Main_app/Src/MY_LIB/MY_driver_serwo.d" -MT"Main_app/Src/MY_LIB/MY_driver_serwo.o" --specs=nano.specs -mfpu=fpv4-sp-d16 -mfloat-abi=hard -mthumb -o "Main_app/Src/MY_LIB/MY_driver_serwo.o"
arm-none-eabi-gcc "../Main_app/Src/cooler_left_app.c" -mcpu=cortex-m4 -std=gnu11 -g3 -DDEBUG -DUSE_HAL_DRIVER -DSTM32F303x8 -c -I"E:/Pulpit/PCB/Plytki_chlodzenia_SOFTWARE/Cooling_left/stm_f303k8_ioc/Main_app/Inc/EKO_LIB" -I"E:/Pulpit/PCB/Plytki_chlodzenia_SOFTWARE/Cooling_left/stm_f303k8_ioc/Main_app/Inc/MY_LIB" -I"E:/Pulpit/PCB/Plytki_chlodzenia_SOFTWARE/Cooling_left/stm_f303k8_ioc/Main_app/Src/EKO_LIB" -I"E:/Pulpit/PCB/Plytki_chlodzenia_SOFTWARE/Cooling_left/stm_f303k8_ioc/Main_app/Src/MY_LIB" -I../Core/Inc -I../Drivers/STM32F3xx_HAL_Driver/Inc -I../Drivers/STM32F3xx_HAL_Driver/Inc/Legacy -I../Drivers/CMSIS/Device/ST/STM32F3xx/Include -I../Drivers/CMSIS/Include -I"E:/Pulpit/PCB/Plytki_chlodzenia_SOFTWARE/Cooling_left/stm_f303k8_ioc/Main_app/Inc" -I"E:/Pulpit/PCB/Plytki_chlodzenia_SOFTWARE/Cooling_left/stm_f303k8_ioc/Main_app/Src" -O0 -ffunction-sections -fdata-sections -Wall -fstack-usage -fcyclomatic-complexity -MMD -MP -MF"Main_app/Src/cooler_left_app.d" -MT"Main_app/Src/cooler_left_app.o" --specs=nano.specs -mfpu=fpv4-sp-d16 -mfloat-abi=hard -mthumb -o "Main_app/Src/cooler_left_app.o"
arm-none-eabi-gcc "../Main_app/Src/cooler_test.c" -mcpu=cortex-m4 -std=gnu11 -g3 -DDEBUG -DUSE_HAL_DRIVER -DSTM32F303x8 -c -I"E:/Pulpit/PCB/Plytki_chlodzenia_SOFTWARE/Cooling_left/stm_f303k8_ioc/Main_app/Inc/EKO_LIB" -I"E:/Pulpit/PCB/Plytki_chlodzenia_SOFTWARE/Cooling_left/stm_f303k8_ioc/Main_app/Inc/MY_LIB" -I"E:/Pulpit/PCB/Plytki_chlodzenia_SOFTWARE/Cooling_left/stm_f303k8_ioc/Main_app/Src/EKO_LIB" -I"E:/Pulpit/PCB/Plytki_chlodzenia_SOFTWARE/Cooling_left/stm_f303k8_ioc/Main_app/Src/MY_LIB" -I../Core/Inc -I../Drivers/STM32F3xx_HAL_Driver/Inc -I../Drivers/STM32F3xx_HAL_Driver/Inc/Legacy -I../Drivers/CMSIS/Device/ST/STM32F3xx/Include -I../Drivers/CMSIS/Include -I"E:/Pulpit/PCB/Plytki_chlodzenia_SOFTWARE/Cooling_left/stm_f303k8_ioc/Main_app/Inc" -I"E:/Pulpit/PCB/Plytki_chlodzenia_SOFTWARE/Cooling_left/stm_f303k8_ioc/Main_app/Src" -O0 -ffunction-sections -fdata-sections -Wall -fstack-usage -fcyclomatic-complexity -MMD -MP -MF"Main_app/Src/cooler_test.d" -MT"Main_app/Src/cooler_test.o" --specs=nano.specs -mfpu=fpv4-sp-d16 -mfloat-abi=hard -mthumb -o "Main_app/Src/cooler_test.o"
arm-none-eabi-gcc "../Core/Src/main.c" -mcpu=cortex-m4 -std=gnu11 -g3 -DDEBUG -DUSE_HAL_DRIVER -DSTM32F303x8 -c -I"E:/Pulpit/PCB/Plytki_chlodzenia_SOFTWARE/Cooling_left/stm_f303k8_ioc/Main_app/Inc/EKO_LIB" -I"E:/Pulpit/PCB/Plytki_chlodzenia_SOFTWARE/Cooling_left/stm_f303k8_ioc/Main_app/Inc" -I"E:/Pulpit/PCB/Plytki_chlodzenia_SOFTWARE/Cooling_left/stm_f303k8_ioc/Main_app/Src" -I"E:/Pulpit/PCB/Plytki_chlodzenia_SOFTWARE/Cooling_left/stm_f303k8_ioc/Main_app/Inc/MY_LIB" -I"E:/Pulpit/PCB/Plytki_chlodzenia_SOFTWARE/Cooling_left/stm_f303k8_ioc/Main_app/Src/EKO_LIB" -I"E:/Pulpit/PCB/Plytki_chlodzenia_SOFTWARE/Cooling_left/stm_f303k8_ioc/Main_app/Src/MY_LIB" -I../Core/Inc -I../Drivers/STM32F3xx_HAL_Driver/Inc -I../Drivers/STM32F3xx_HAL_Driver/Inc/Legacy -I../Drivers/CMSIS/Device/ST/STM32F3xx/Include -I../Drivers/CMSIS/Include -O0 -ffunction-sections -fdata-sections -Wall -fstack-usage -fcyclomatic-complexity -MMD -MP -MF"Core/Src/main.d" -MT"Core/Src/main.o" --specs=nano.specs -mfpu=fpv4-sp-d16 -mfloat-abi=hard -mthumb -o "Core/Src/main.o"
../Main_app/Src/MY_LIB/MY_driver_i2c.c: In function 'AM2320_StateMachine':
../Main_app/Src/MY_LIB/MY_driver_i2c.c:153:5: warning: enumeration value 'AM2320_IDLE' not handled in switch [-Wswitch]
  153 |     switch (am2320State)
      |     ^~~~~~
../Main_app/Src/cooler_left_app.c: In function 'COOLER_app':
../Main_app/Src/cooler_left_app.c:117:27: warning: enumeration value 'CAN_FRAME_BMS_TEMP_1' not handled in switch [-Wswitch]
  117 |                           switch(msg.name)
      |                           ^~~~~~
../Main_app/Src/cooler_left_app.c:117:27: warning: enumeration value 'CAN_FRAME_BMS_TEMP_2' not handled in switch [-Wswitch]
../Main_app/Src/cooler_left_app.c:117:27: warning: enumeration value 'CAN_FRAME_BMS_TEMP_3' not handled in switch [-Wswitch]
../Main_app/Src/cooler_left_app.c:117:27: warning: enumeration value 'CAN_FRAME_BMS_TEMP_4' not handled in switch [-Wswitch]
../Main_app/Src/cooler_left_app.c:117:27: warning: enumeration value 'CAN_FRAME_BMS_TEMP_5' not handled in switch [-Wswitch]
../Main_app/Src/cooler_left_app.c:117:27: warning: enumeration value 'CAN_FRAME_BMS_TEMP_6' not handled in switch [-Wswitch]
../Main_app/Src/cooler_left_app.c:117:27: warning: enumeration value 'CAN_FRAME_BMS_TEMP_7' not handled in switch [-Wswitch]
../Main_app/Src/cooler_left_app.c:117:27: warning: enumeration value 'CAN_FRAME_BMS_TEMP_8' not handled in switch [-Wswitch]
../Main_app/Src/cooler_left_app.c:117:27: warning: enumeration value 'CAN_FRAME_BMS_TEMP_9' not handled in switch [-Wswitch]
../Main_app/Src/cooler_left_app.c:117:27: warning: enumeration value 'CAN_FRAME_SET_SERVOS_ENGINE' not handled in switch [-Wswitch]
../Main_app/Src/cooler_left_app.c:117:27: warning: enumeration value 'CAN_FRAME_SAFE_STATE' not handled in switch [-Wswitch]
../Main_app/Src/cooler_left_app.c:117:27: warning: enumeration value 'CAN_FRAME_BATTERY_SET_FAN' not handled in switch [-Wswitch]
../Main_app/Src/cooler_left_app.c:117:27: warning: enumeration value 'CAN_FRAME_UNKNOWN' not handled in switch [-Wswitch]
arm-none-eabi-gcc -o "stm_f303k8_ioc.elf" @"objects.list"   -mcpu=cortex-m4 -T"E:\Pulpit\PCB\Plytki_chlodzenia_SOFTWARE\Cooling_left\stm_f303k8_ioc\STM32F303K8TX_FLASH.ld" --specs=nosys.specs -Wl,-Map="stm_f303k8_ioc.map" -Wl,--gc-sections -static --specs=nano.specs -mfpu=fpv4-sp-d16 -mfloat-abi=hard -mthumb -Wl,--start-group -lc -lm -Wl,--end-group
Finished building target: stm_f303k8_ioc.elf
 
arm-none-eabi-size  stm_f303k8_ioc.elf 
arm-none-eabi-objdump -h -S stm_f303k8_ioc.elf  > "stm_f303k8_ioc.list"
   text	   data	    bss	    dec	    hex	filename
  34852	     12	   5064	  39928	   9bf8	stm_f303k8_ioc.elf
Finished building: default.size.stdout
 
Finished building: stm_f303k8_ioc.list
 
19:46:16 **** Incremental Build of configuration Debug for project stm_f303k8_ioc ****
make -j16 all 
arm-none-eabi-gcc "../Main_app/Src/MY_LIB/MY_driver_fan.c" -mcpu=cortex-m4 -std=gnu11 -g3 -DDEBUG -DUSE_HAL_DRIVER -DSTM32F303x8 -c -I"E:/Pulpit/PCB/Plytki_chlodzenia_SOFTWARE/Cooling_left/stm_f303k8_ioc/Main_app/Inc/EKO_LIB" -I"E:/Pulpit/PCB/Plytki_chlodzenia_SOFTWARE/Cooling_left/stm_f303k8_ioc/Main_app/Inc/MY_LIB" -I"E:/Pulpit/PCB/Plytki_chlodzenia_SOFTWARE/Cooling_left/stm_f303k8_ioc/Main_app/Src/EKO_LIB" -I"E:/Pulpit/PCB/Plytki_chlodzenia_SOFTWARE/Cooling_left/stm_f303k8_ioc/Main_app/Src/MY_LIB" -I../Core/Inc -I../Drivers/STM32F3xx_HAL_Driver/Inc -I../Drivers/STM32F3xx_HAL_Driver/Inc/Legacy -I../Drivers/CMSIS/Device/ST/STM32F3xx/Include -I../Drivers/CMSIS/Include -I"E:/Pulpit/PCB/Plytki_chlodzenia_SOFTWARE/Cooling_left/stm_f303k8_ioc/Main_app/Inc" -I"E:/Pulpit/PCB/Plytki_chlodzenia_SOFTWARE/Cooling_left/stm_f303k8_ioc/Main_app/Src" -O0 -ffunction-sections -fdata-sections -Wall -fstack-usage -fcyclomatic-complexity -MMD -MP -MF"Main_app/Src/MY_LIB/MY_driver_fan.d" -MT"Main_app/Src/MY_LIB/MY_driver_fan.o" --specs=nano.specs -mfpu=fpv4-sp-d16 -mfloat-abi=hard -mthumb -o "Main_app/Src/MY_LIB/MY_driver_fan.o"
arm-none-eabi-gcc "../Main_app/Src/MY_LIB/MY_driver_i2c.c" -mcpu=cortex-m4 -std=gnu11 -g3 -DDEBUG -DUSE_HAL_DRIVER -DSTM32F303x8 -c -I"E:/Pulpit/PCB/Plytki_chlodzenia_SOFTWARE/Cooling_left/stm_f303k8_ioc/Main_app/Inc/EKO_LIB" -I"E:/Pulpit/PCB/Plytki_chlodzenia_SOFTWARE/Cooling_left/stm_f303k8_ioc/Main_app/Inc/MY_LIB" -I"E:/Pulpit/PCB/Plytki_chlodzenia_SOFTWARE/Cooling_left/stm_f303k8_ioc/Main_app/Src/EKO_LIB" -I"E:/Pulpit/PCB/Plytki_chlodzenia_SOFTWARE/Cooling_left/stm_f303k8_ioc/Main_app/Src/MY_LIB" -I../Core/Inc -I../Drivers/STM32F3xx_HAL_Driver/Inc -I../Drivers/STM32F3xx_HAL_Driver/Inc/Legacy -I../Drivers/CMSIS/Device/ST/STM32F3xx/Include -I../Drivers/CMSIS/Include -I"E:/Pulpit/PCB/Plytki_chlodzenia_SOFTWARE/Cooling_left/stm_f303k8_ioc/Main_app/Inc" -I"E:/Pulpit/PCB/Plytki_chlodzenia_SOFTWARE/Cooling_left/stm_f303k8_ioc/Main_app/Src" -O0 -ffunction-sections -fdata-sections -Wall -fstack-usage -fcyclomatic-complexity -MMD -MP -MF"Main_app/Src/MY_LIB/MY_driver_i2c.d" -MT"Main_app/Src/MY_LIB/MY_driver_i2c.o" --specs=nano.specs -mfpu=fpv4-sp-d16 -mfloat-abi=hard -mthumb -o "Main_app/Src/MY_LIB/MY_driver_i2c.o"
arm-none-eabi-gcc "../Main_app/Src/MY_LIB/MY_driver_serwo.c" -mcpu=cortex-m4 -std=gnu11 -g3 -DDEBUG -DUSE_HAL_DRIVER -DSTM32F303x8 -c -I"E:/Pulpit/PCB/Plytki_chlodzenia_SOFTWARE/Cooling_left/stm_f303k8_ioc/Main_app/Inc/EKO_LIB" -I"E:/Pulpit/PCB/Plytki_chlodzenia_SOFTWARE/Cooling_left/stm_f303k8_ioc/Main_app/Inc/MY_LIB" -I"E:/Pulpit/PCB/Plytki_chlodzenia_SOFTWARE/Cooling_left/stm_f303k8_ioc/Main_app/Src/EKO_LIB" -I"E:/Pulpit/PCB/Plytki_chlodzenia_SOFTWARE/Cooling_left/stm_f303k8_ioc/Main_app/Src/MY_LIB" -I../Core/Inc -I../Drivers/STM32F3xx_HAL_Driver/Inc -I../Drivers/STM32F3xx_HAL_Driver/Inc/Legacy -I../Drivers/CMSIS/Device/ST/STM32F3xx/Include -I../Drivers/CMSIS/Include -I"E:/Pulpit/PCB/Plytki_chlodzenia_SOFTWARE/Cooling_left/stm_f303k8_ioc/Main_app/Inc" -I"E:/Pulpit/PCB/Plytki_chlodzenia_SOFTWARE/Cooling_left/stm_f303k8_ioc/Main_app/Src" -O0 -ffunction-sections -fdata-sections -Wall -fstack-usage -fcyclomatic-complexity -MMD -MP -MF"Main_app/Src/MY_LIB/MY_driver_serwo.d" -MT"Main_app/Src/MY_LIB/MY_driver_serwo.o" --specs=nano.specs -mfpu=fpv4-sp-d16 -mfloat-abi=hard -mthumb -o "Main_app/Src/MY_LIB/MY_driver_serwo.o"
arm-none-eabi-gcc "../Main_app/Src/cooler_left_app.c" -mcpu=cortex-m4 -std=gnu11 -g3 -DDEBUG -DUSE_HAL_DRIVER -DSTM32F303x8 -c -I"E:/Pulpit/PCB/Plytki_chlodzenia_SOFTWARE/Cooling_left/stm_f303k8_ioc/Main_app/Inc/EKO_LIB" -I"E:/Pulpit/PCB/Plytki_chlodzenia_SOFTWARE/Cooling_left/stm_f303k8_ioc/Main_app/Inc/MY_LIB" -I"E:/Pulpit/PCB/Plytki_chlodzenia_SOFTWARE/Cooling_left/stm_f303k8_ioc/Main_app/Src/EKO_LIB" -I"E:/Pulpit/PCB/Plytki_chlodzenia_SOFTWARE/Cooling_left/stm_f303k8_ioc/Main_app/Src/MY_LIB" -I../Core/Inc -I../Drivers/STM32F3xx_HAL_Driver/Inc -I../Drivers/STM32F3xx_HAL_Driver/Inc/Legacy -I../Drivers/CMSIS/Device/ST/STM32F3xx/Include -I../Drivers/CMSIS/Include -I"E:/Pulpit/PCB/Plytki_chlodzenia_SOFTWARE/Cooling_left/stm_f303k8_ioc/Main_app/Inc" -I"E:/Pulpit/PCB/Plytki_chlodzenia_SOFTWARE/Cooling_left/stm_f303k8_ioc/Main_app/Src" -O0 -ffunction-sections -fdata-sections -Wall -fstack-usage -fcyclomatic-complexity -MMD -MP -MF"Main_app/Src/cooler_left_app.d" -MT"Main_app/Src/cooler_left_app.o" --specs=nano.specs -mfpu=fpv4-sp-d16 -mfloat-abi=hard -mthumb -o "Main_app/Src/cooler_left_app.o"
arm-none-eabi-gcc "../Main_app/Src/cooler_test.c" -mcpu=cortex-m4 -std=gnu11 -g3 -DDEBUG -DUSE_HAL_DRIVER -DSTM32F303x8 -c -I"E:/Pulpit/PCB/Plytki_chlodzenia_SOFTWARE/Cooling_left/stm_f303k8_ioc/Main_app/Inc/EKO_LIB" -I"E:/Pulpit/PCB/Plytki_chlodzenia_SOFTWARE/Cooling_left/stm_f303k8_ioc/Main_app/Inc/MY_LIB" -I"E:/Pulpit/PCB/Plytki_chlodzenia_SOFTWARE/Cooling_left/stm_f303k8_ioc/Main_app/Src/EKO_LIB" -I"E:/Pulpit/PCB/Plytki_chlodzenia_SOFTWARE/Cooling_left/stm_f303k8_ioc/Main_app/Src/MY_LIB" -I../Core/Inc -I../Drivers/STM32F3xx_HAL_Driver/Inc -I../Drivers/STM32F3xx_HAL_Driver/Inc/Legacy -I../Drivers/CMSIS/Device/ST/STM32F3xx/Include -I../Drivers/CMSIS/Include -I"E:/Pulpit/PCB/Plytki_chlodzenia_SOFTWARE/Cooling_left/stm_f303k8_ioc/Main_app/Inc" -I"E:/Pulpit/PCB/Plytki_chlodzenia_SOFTWARE/Cooling_left/stm_f303k8_ioc/Main_app/Src" -O0 -ffunction-sections -fdata-sections -Wall -fstack-usage -fcyclomatic-complexity -MMD -MP -MF"Main_app/Src/cooler_test.d" -MT"Main_app/Src/cooler_test.o" --specs=nano.specs -mfpu=fpv4-sp-d16 -mfloat-abi=hard -mthumb -o "Main_app/Src/cooler_test.o"
arm-none-eabi-gcc "../Core/Src/main.c" -mcpu=cortex-m4 -std=gnu11 -g3 -DDEBUG -DUSE_HAL_DRIVER -DSTM32F303x8 -c -I"E:/Pulpit/PCB/Plytki_chlodzenia_SOFTWARE/Cooling_left/stm_f303k8_ioc/Main_app/Inc/EKO_LIB" -I"E:/Pulpit/PCB/Plytki_chlodzenia_SOFTWARE/Cooling_left/stm_f303k8_ioc/Main_app/Inc" -I"E:/Pulpit/PCB/Plytki_chlodzenia_SOFTWARE/Cooling_left/stm_f303k8_ioc/Main_app/Src" -I"E:/Pulpit/PCB/Plytki_chlodzenia_SOFTWARE/Cooling_left/stm_f303k8_ioc/Main_app/Inc/MY_LIB" -I"E:/Pulpit/PCB/Plytki_chlodzenia_SOFTWARE/Cooling_left/stm_f303k8_ioc/Main_app/Src/EKO_LIB" -I"E:/Pulpit/PCB/Plytki_chlodzenia_SOFTWARE/Cooling_left/stm_f303k8_ioc/Main_app/Src/MY_LIB" -I../Core/Inc -I../Drivers/STM32F3xx_HAL_Driver/Inc -I../Drivers/STM32F3xx_HAL_Driver/Inc/Legacy -I../Drivers/CMSIS/Device/ST/STM32F3xx/Include -I../Drivers/CMSIS/Include -O0 -ffunction-sections -fdata-sections -Wall -fstack-usage -fcyclomatic-complexity -MMD -MP -MF"Core/Src/main.d" -MT"Core/Src/main.o" --specs=nano.specs -mfpu=fpv4-sp-d16 -mfloat-abi=hard -mthumb -o "Core/Src/main.o"
../Main_app/Src/MY_LIB/MY_driver_i2c.c: In function 'AM2320_StateMachine':
../Main_app/Src/MY_LIB/MY_driver_i2c.c:153:5: warning: enumeration value 'AM2320_IDLE' not handled in switch [-Wswitch]
  153 |     switch (am2320State)
      |     ^~~~~~
../Main_app/Src/cooler_left_app.c: In function 'COOLER_app':
../Main_app/Src/cooler_left_app.c:117:27: warning: enumeration value 'CAN_FRAME_BMS_TEMP_1' not handled in switch [-Wswitch]
  117 |                           switch(msg.name)
      |                           ^~~~~~
../Main_app/Src/cooler_left_app.c:117:27: warning: enumeration value 'CAN_FRAME_BMS_TEMP_2' not handled in switch [-Wswitch]
../Main_app/Src/cooler_left_app.c:117:27: warning: enumeration value 'CAN_FRAME_BMS_TEMP_3' not handled in switch [-Wswitch]
../Main_app/Src/cooler_left_app.c:117:27: warning: enumeration value 'CAN_FRAME_BMS_TEMP_4' not handled in switch [-Wswitch]
../Main_app/Src/cooler_left_app.c:117:27: warning: enumeration value 'CAN_FRAME_BMS_TEMP_5' not handled in switch [-Wswitch]
../Main_app/Src/cooler_left_app.c:117:27: warning: enumeration value 'CAN_FRAME_BMS_TEMP_6' not handled in switch [-Wswitch]
../Main_app/Src/cooler_left_app.c:117:27: warning: enumeration value 'CAN_FRAME_BMS_TEMP_7' not handled in switch [-Wswitch]
../Main_app/Src/cooler_left_app.c:117:27: warning: enumeration value 'CAN_FRAME_BMS_TEMP_8' not handled in switch [-Wswitch]
../Main_app/Src/cooler_left_app.c:117:27: warning: enumeration value 'CAN_FRAME_BMS_TEMP_9' not handled in switch [-Wswitch]
../Main_app/Src/cooler_left_app.c:117:27: warning: enumeration value 'CAN_FRAME_SET_SERVOS_ENGINE' not handled in switch [-Wswitch]
../Main_app/Src/cooler_left_app.c:117:27: warning: enumeration value 'CAN_FRAME_SAFE_STATE' not handled in switch [-Wswitch]
../Main_app/Src/cooler_left_app.c:117:27: warning: enumeration value 'CAN_FRAME_BATTERY_SET_FAN' not handled in switch [-Wswitch]
../Main_app/Src/cooler_left_app.c:117:27: warning: enumeration value 'CAN_FRAME_UNKNOWN' not handled in switch [-Wswitch]
arm-none-eabi-gcc -o "stm_f303k8_ioc.elf" @"objects.list"   -mcpu=cortex-m4 -T"E:\Pulpit\PCB\Plytki_chlodzenia_SOFTWARE\Cooling_left\stm_f303k8_ioc\STM32F303K8TX_FLASH.ld" --specs=nosys.specs -Wl,-Map="stm_f303k8_ioc.map" -Wl,--gc-sections -static --specs=nano.specs -mfpu=fpv4-sp-d16 -mfloat-abi=hard -mthumb -Wl,--start-group -lc -lm -Wl,--end-group
Finished building target: stm_f303k8_ioc.elf
 
arm-none-eabi-size  stm_f303k8_ioc.elf 
arm-none-eabi-objdump -h -S stm_f303k8_ioc.elf  > "stm_f303k8_ioc.list"
   text	   data	    bss	    dec	    hex	filename
  34852	     12	   5064	  39928	   9bf8	stm_f303k8_ioc.elf
Finished building: default.size.stdout
 
Finished building: stm_f303k8_ioc.list
 
19:46:28 **** Incremental Build of configuration Debug for project stm_f303k8_ioc ****
make -j16 all 
arm-none-eabi-gcc "../Main_app/Src/MY_LIB/MY_driver_fan.c" -mcpu=cortex-m4 -std=gnu11 -g3 -DDEBUG -DUSE_HAL_DRIVER -DSTM32F303x8 -c -I"E:/Pulpit/PCB/Plytki_chlodzenia_SOFTWARE/Cooling_left/stm_f303k8_ioc/Main_app/Inc/EKO_LIB" -I"E:/Pulpit/PCB/Plytki_chlodzenia_SOFTWARE/Cooling_left/stm_f303k8_ioc/Main_app/Inc/MY_LIB" -I"E:/Pulpit/PCB/Plytki_chlodzenia_SOFTWARE/Cooling_left/stm_f303k8_ioc/Main_app/Src/EKO_LIB" -I"E:/Pulpit/PCB/Plytki_chlodzenia_SOFTWARE/Cooling_left/stm_f303k8_ioc/Main_app/Src/MY_LIB" -I../Core/Inc -I../Drivers/STM32F3xx_HAL_Driver/Inc -I../Drivers/STM32F3xx_HAL_Driver/Inc/Legacy -I../Drivers/CMSIS/Device/ST/STM32F3xx/Include -I../Drivers/CMSIS/Include -I"E:/Pulpit/PCB/Plytki_chlodzenia_SOFTWARE/Cooling_left/stm_f303k8_ioc/Main_app/Inc" -I"E:/Pulpit/PCB/Plytki_chlodzenia_SOFTWARE/Cooling_left/stm_f303k8_ioc/Main_app/Src" -O0 -ffunction-sections -fdata-sections -Wall -fstack-usage -fcyclomatic-complexity -MMD -MP -MF"Main_app/Src/MY_LIB/MY_driver_fan.d" -MT"Main_app/Src/MY_LIB/MY_driver_fan.o" --specs=nano.specs -mfpu=fpv4-sp-d16 -mfloat-abi=hard -mthumb -o "Main_app/Src/MY_LIB/MY_driver_fan.o"
arm-none-eabi-gcc "../Main_app/Src/MY_LIB/MY_driver_i2c.c" -mcpu=cortex-m4 -std=gnu11 -g3 -DDEBUG -DUSE_HAL_DRIVER -DSTM32F303x8 -c -I"E:/Pulpit/PCB/Plytki_chlodzenia_SOFTWARE/Cooling_left/stm_f303k8_ioc/Main_app/Inc/EKO_LIB" -I"E:/Pulpit/PCB/Plytki_chlodzenia_SOFTWARE/Cooling_left/stm_f303k8_ioc/Main_app/Inc/MY_LIB" -I"E:/Pulpit/PCB/Plytki_chlodzenia_SOFTWARE/Cooling_left/stm_f303k8_ioc/Main_app/Src/EKO_LIB" -I"E:/Pulpit/PCB/Plytki_chlodzenia_SOFTWARE/Cooling_left/stm_f303k8_ioc/Main_app/Src/MY_LIB" -I../Core/Inc -I../Drivers/STM32F3xx_HAL_Driver/Inc -I../Drivers/STM32F3xx_HAL_Driver/Inc/Legacy -I../Drivers/CMSIS/Device/ST/STM32F3xx/Include -I../Drivers/CMSIS/Include -I"E:/Pulpit/PCB/Plytki_chlodzenia_SOFTWARE/Cooling_left/stm_f303k8_ioc/Main_app/Inc" -I"E:/Pulpit/PCB/Plytki_chlodzenia_SOFTWARE/Cooling_left/stm_f303k8_ioc/Main_app/Src" -O0 -ffunction-sections -fdata-sections -Wall -fstack-usage -fcyclomatic-complexity -MMD -MP -MF"Main_app/Src/MY_LIB/MY_driver_i2c.d" -MT"Main_app/Src/MY_LIB/MY_driver_i2c.o" --specs=nano.specs -mfpu=fpv4-sp-d16 -mfloat-abi=hard -mthumb -o "Main_app/Src/MY_LIB/MY_driver_i2c.o"
arm-none-eabi-gcc "../Main_app/Src/MY_LIB/MY_driver_serwo.c" -mcpu=cortex-m4 -std=gnu11 -g3 -DDEBUG -DUSE_HAL_DRIVER -DSTM32F303x8 -c -I"E:/Pulpit/PCB/Plytki_chlodzenia_SOFTWARE/Cooling_left/stm_f303k8_ioc/Main_app/Inc/EKO_LIB" -I"E:/Pulpit/PCB/Plytki_chlodzenia_SOFTWARE/Cooling_left/stm_f303k8_ioc/Main_app/Inc/MY_LIB" -I"E:/Pulpit/PCB/Plytki_chlodzenia_SOFTWARE/Cooling_left/stm_f303k8_ioc/Main_app/Src/EKO_LIB" -I"E:/Pulpit/PCB/Plytki_chlodzenia_SOFTWARE/Cooling_left/stm_f303k8_ioc/Main_app/Src/MY_LIB" -I../Core/Inc -I../Drivers/STM32F3xx_HAL_Driver/Inc -I../Drivers/STM32F3xx_HAL_Driver/Inc/Legacy -I../Drivers/CMSIS/Device/ST/STM32F3xx/Include -I../Drivers/CMSIS/Include -I"E:/Pulpit/PCB/Plytki_chlodzenia_SOFTWARE/Cooling_left/stm_f303k8_ioc/Main_app/Inc" -I"E:/Pulpit/PCB/Plytki_chlodzenia_SOFTWARE/Cooling_left/stm_f303k8_ioc/Main_app/Src" -O0 -ffunction-sections -fdata-sections -Wall -fstack-usage -fcyclomatic-complexity -MMD -MP -MF"Main_app/Src/MY_LIB/MY_driver_serwo.d" -MT"Main_app/Src/MY_LIB/MY_driver_serwo.o" --specs=nano.specs -mfpu=fpv4-sp-d16 -mfloat-abi=hard -mthumb -o "Main_app/Src/MY_LIB/MY_driver_serwo.o"
arm-none-eabi-gcc "../Main_app/Src/cooler_left_app.c" -mcpu=cortex-m4 -std=gnu11 -g3 -DDEBUG -DUSE_HAL_DRIVER -DSTM32F303x8 -c -I"E:/Pulpit/PCB/Plytki_chlodzenia_SOFTWARE/Cooling_left/stm_f303k8_ioc/Main_app/Inc/EKO_LIB" -I"E:/Pulpit/PCB/Plytki_chlodzenia_SOFTWARE/Cooling_left/stm_f303k8_ioc/Main_app/Inc/MY_LIB" -I"E:/Pulpit/PCB/Plytki_chlodzenia_SOFTWARE/Cooling_left/stm_f303k8_ioc/Main_app/Src/EKO_LIB" -I"E:/Pulpit/PCB/Plytki_chlodzenia_SOFTWARE/Cooling_left/stm_f303k8_ioc/Main_app/Src/MY_LIB" -I../Core/Inc -I../Drivers/STM32F3xx_HAL_Driver/Inc -I../Drivers/STM32F3xx_HAL_Driver/Inc/Legacy -I../Drivers/CMSIS/Device/ST/STM32F3xx/Include -I../Drivers/CMSIS/Include -I"E:/Pulpit/PCB/Plytki_chlodzenia_SOFTWARE/Cooling_left/stm_f303k8_ioc/Main_app/Inc" -I"E:/Pulpit/PCB/Plytki_chlodzenia_SOFTWARE/Cooling_left/stm_f303k8_ioc/Main_app/Src" -O0 -ffunction-sections -fdata-sections -Wall -fstack-usage -fcyclomatic-complexity -MMD -MP -MF"Main_app/Src/cooler_left_app.d" -MT"Main_app/Src/cooler_left_app.o" --specs=nano.specs -mfpu=fpv4-sp-d16 -mfloat-abi=hard -mthumb -o "Main_app/Src/cooler_left_app.o"
arm-none-eabi-gcc "../Main_app/Src/cooler_test.c" -mcpu=cortex-m4 -std=gnu11 -g3 -DDEBUG -DUSE_HAL_DRIVER -DSTM32F303x8 -c -I"E:/Pulpit/PCB/Plytki_chlodzenia_SOFTWARE/Cooling_left/stm_f303k8_ioc/Main_app/Inc/EKO_LIB" -I"E:/Pulpit/PCB/Plytki_chlodzenia_SOFTWARE/Cooling_left/stm_f303k8_ioc/Main_app/Inc/MY_LIB" -I"E:/Pulpit/PCB/Plytki_chlodzenia_SOFTWARE/Cooling_left/stm_f303k8_ioc/Main_app/Src/EKO_LIB" -I"E:/Pulpit/PCB/Plytki_chlodzenia_SOFTWARE/Cooling_left/stm_f303k8_ioc/Main_app/Src/MY_LIB" -I../Core/Inc -I../Drivers/STM32F3xx_HAL_Driver/Inc -I../Drivers/STM32F3xx_HAL_Driver/Inc/Legacy -I../Drivers/CMSIS/Device/ST/STM32F3xx/Include -I../Drivers/CMSIS/Include -I"E:/Pulpit/PCB/Plytki_chlodzenia_SOFTWARE/Cooling_left/stm_f303k8_ioc/Main_app/Inc" -I"E:/Pulpit/PCB/Plytki_chlodzenia_SOFTWARE/Cooling_left/stm_f303k8_ioc/Main_app/Src" -O0 -ffunction-sections -fdata-sections -Wall -fstack-usage -fcyclomatic-complexity -MMD -MP -MF"Main_app/Src/cooler_test.d" -MT"Main_app/Src/cooler_test.o" --specs=nano.specs -mfpu=fpv4-sp-d16 -mfloat-abi=hard -mthumb -o "Main_app/Src/cooler_test.o"
arm-none-eabi-gcc "../Core/Src/main.c" -mcpu=cortex-m4 -std=gnu11 -g3 -DDEBUG -DUSE_HAL_DRIVER -DSTM32F303x8 -c -I"E:/Pulpit/PCB/Plytki_chlodzenia_SOFTWARE/Cooling_left/stm_f303k8_ioc/Main_app/Inc/EKO_LIB" -I"E:/Pulpit/PCB/Plytki_chlodzenia_SOFTWARE/Cooling_left/stm_f303k8_ioc/Main_app/Inc" -I"E:/Pulpit/PCB/Plytki_chlodzenia_SOFTWARE/Cooling_left/stm_f303k8_ioc/Main_app/Src" -I"E:/Pulpit/PCB/Plytki_chlodzenia_SOFTWARE/Cooling_left/stm_f303k8_ioc/Main_app/Inc/MY_LIB" -I"E:/Pulpit/PCB/Plytki_chlodzenia_SOFTWARE/Cooling_left/stm_f303k8_ioc/Main_app/Src/EKO_LIB" -I"E:/Pulpit/PCB/Plytki_chlodzenia_SOFTWARE/Cooling_left/stm_f303k8_ioc/Main_app/Src/MY_LIB" -I../Core/Inc -I../Drivers/STM32F3xx_HAL_Driver/Inc -I../Drivers/STM32F3xx_HAL_Driver/Inc/Legacy -I../Drivers/CMSIS/Device/ST/STM32F3xx/Include -I../Drivers/CMSIS/Include -O0 -ffunction-sections -fdata-sections -Wall -fstack-usage -fcyclomatic-complexity -MMD -MP -MF"Core/Src/main.d" -MT"Core/Src/main.o" --specs=nano.specs -mfpu=fpv4-sp-d16 -mfloat-abi=hard -mthumb -o "Core/Src/main.o"
../Main_app/Src/MY_LIB/MY_driver_i2c.c: In function 'AM2320_StateMachine':
../Main_app/Src/MY_LIB/MY_driver_i2c.c:153:5: warning: enumeration value 'AM2320_IDLE' not handled in switch [-Wswitch]
  153 |     switch (am2320State)
      |     ^~~~~~
../Main_app/Src/cooler_left_app.c: In function 'COOLER_app':
../Main_app/Src/cooler_left_app.c:117:27: warning: enumeration value 'CAN_FRAME_BMS_TEMP_1' not handled in switch [-Wswitch]
  117 |                           switch(msg.name)
      |                           ^~~~~~
../Main_app/Src/cooler_left_app.c:117:27: warning: enumeration value 'CAN_FRAME_BMS_TEMP_2' not handled in switch [-Wswitch]
../Main_app/Src/cooler_left_app.c:117:27: warning: enumeration value 'CAN_FRAME_BMS_TEMP_3' not handled in switch [-Wswitch]
../Main_app/Src/cooler_left_app.c:117:27: warning: enumeration value 'CAN_FRAME_BMS_TEMP_4' not handled in switch [-Wswitch]
../Main_app/Src/cooler_left_app.c:117:27: warning: enumeration value 'CAN_FRAME_BMS_TEMP_5' not handled in switch [-Wswitch]
../Main_app/Src/cooler_left_app.c:117:27: warning: enumeration value 'CAN_FRAME_BMS_TEMP_6' not handled in switch [-Wswitch]
../Main_app/Src/cooler_left_app.c:117:27: warning: enumeration value 'CAN_FRAME_BMS_TEMP_7' not handled in switch [-Wswitch]
../Main_app/Src/cooler_left_app.c:117:27: warning: enumeration value 'CAN_FRAME_BMS_TEMP_8' not handled in switch [-Wswitch]
../Main_app/Src/cooler_left_app.c:117:27: warning: enumeration value 'CAN_FRAME_BMS_TEMP_9' not handled in switch [-Wswitch]
../Main_app/Src/cooler_left_app.c:117:27: warning: enumeration value 'CAN_FRAME_SET_SERVOS_ENGINE' not handled in switch [-Wswitch]
../Main_app/Src/cooler_left_app.c:117:27: warning: enumeration value 'CAN_FRAME_SAFE_STATE' not handled in switch [-Wswitch]
../Main_app/Src/cooler_left_app.c:117:27: warning: enumeration value 'CAN_FRAME_BATTERY_SET_FAN' not handled in switch [-Wswitch]
../Main_app/Src/cooler_left_app.c:117:27: warning: enumeration value 'CAN_FRAME_UNKNOWN' not handled in switch [-Wswitch]
arm-none-eabi-gcc -o "stm_f303k8_ioc.elf" @"objects.list"   -mcpu=cortex-m4 -T"E:\Pulpit\PCB\Plytki_chlodzenia_SOFTWARE\Cooling_left\stm_f303k8_ioc\STM32F303K8TX_FLASH.ld" --specs=nosys.specs -Wl,-Map="stm_f303k8_ioc.map" -Wl,--gc-sections -static --specs=nano.specs -mfpu=fpv4-sp-d16 -mfloat-abi=hard -mthumb -Wl,--start-group -lc -lm -Wl,--end-group
Finished building target: stm_f303k8_ioc.elf
 
arm-none-eabi-size  stm_f303k8_ioc.elf 
arm-none-eabi-objdump -h -S stm_f303k8_ioc.elf  > "stm_f303k8_ioc.list"
   text	   data	    bss	    dec	    hex	filename
  34852	     12	   5064	  39928	   9bf8	stm_f303k8_ioc.elf
Finished building: default.size.stdout
 
Finished building: stm_f303k8_ioc.list
 
19:46:42 **** Incremental Build of configuration Debug for project stm_f303k8_ioc ****
make -j16 all 
arm-none-eabi-gcc "../Main_app/Src/MY_LIB/MY_driver_fan.c" -mcpu=cortex-m4 -std=gnu11 -g3 -DDEBUG -DUSE_HAL_DRIVER -DSTM32F303x8 -c -I"E:/Pulpit/PCB/Plytki_chlodzenia_SOFTWARE/Cooling_left/stm_f303k8_ioc/Main_app/Inc/EKO_LIB" -I"E:/Pulpit/PCB/Plytki_chlodzenia_SOFTWARE/Cooling_left/stm_f303k8_ioc/Main_app/Inc/MY_LIB" -I"E:/Pulpit/PCB/Plytki_chlodzenia_SOFTWARE/Cooling_left/stm_f303k8_ioc/Main_app/Src/EKO_LIB" -I"E:/Pulpit/PCB/Plytki_chlodzenia_SOFTWARE/Cooling_left/stm_f303k8_ioc/Main_app/Src/MY_LIB" -I../Core/Inc -I../Drivers/STM32F3xx_HAL_Driver/Inc -I../Drivers/STM32F3xx_HAL_Driver/Inc/Legacy -I../Drivers/CMSIS/Device/ST/STM32F3xx/Include -I../Drivers/CMSIS/Include -I"E:/Pulpit/PCB/Plytki_chlodzenia_SOFTWARE/Cooling_left/stm_f303k8_ioc/Main_app/Inc" -I"E:/Pulpit/PCB/Plytki_chlodzenia_SOFTWARE/Cooling_left/stm_f303k8_ioc/Main_app/Src" -O0 -ffunction-sections -fdata-sections -Wall -fstack-usage -fcyclomatic-complexity -MMD -MP -MF"Main_app/Src/MY_LIB/MY_driver_fan.d" -MT"Main_app/Src/MY_LIB/MY_driver_fan.o" --specs=nano.specs -mfpu=fpv4-sp-d16 -mfloat-abi=hard -mthumb -o "Main_app/Src/MY_LIB/MY_driver_fan.o"
arm-none-eabi-gcc "../Main_app/Src/MY_LIB/MY_driver_i2c.c" -mcpu=cortex-m4 -std=gnu11 -g3 -DDEBUG -DUSE_HAL_DRIVER -DSTM32F303x8 -c -I"E:/Pulpit/PCB/Plytki_chlodzenia_SOFTWARE/Cooling_left/stm_f303k8_ioc/Main_app/Inc/EKO_LIB" -I"E:/Pulpit/PCB/Plytki_chlodzenia_SOFTWARE/Cooling_left/stm_f303k8_ioc/Main_app/Inc/MY_LIB" -I"E:/Pulpit/PCB/Plytki_chlodzenia_SOFTWARE/Cooling_left/stm_f303k8_ioc/Main_app/Src/EKO_LIB" -I"E:/Pulpit/PCB/Plytki_chlodzenia_SOFTWARE/Cooling_left/stm_f303k8_ioc/Main_app/Src/MY_LIB" -I../Core/Inc -I../Drivers/STM32F3xx_HAL_Driver/Inc -I../Drivers/STM32F3xx_HAL_Driver/Inc/Legacy -I../Drivers/CMSIS/Device/ST/STM32F3xx/Include -I../Drivers/CMSIS/Include -I"E:/Pulpit/PCB/Plytki_chlodzenia_SOFTWARE/Cooling_left/stm_f303k8_ioc/Main_app/Inc" -I"E:/Pulpit/PCB/Plytki_chlodzenia_SOFTWARE/Cooling_left/stm_f303k8_ioc/Main_app/Src" -O0 -ffunction-sections -fdata-sections -Wall -fstack-usage -fcyclomatic-complexity -MMD -MP -MF"Main_app/Src/MY_LIB/MY_driver_i2c.d" -MT"Main_app/Src/MY_LIB/MY_driver_i2c.o" --specs=nano.specs -mfpu=fpv4-sp-d16 -mfloat-abi=hard -mthumb -o "Main_app/Src/MY_LIB/MY_driver_i2c.o"
arm-none-eabi-gcc "../Main_app/Src/MY_LIB/MY_driver_serwo.c" -mcpu=cortex-m4 -std=gnu11 -g3 -DDEBUG -DUSE_HAL_DRIVER -DSTM32F303x8 -c -I"E:/Pulpit/PCB/Plytki_chlodzenia_SOFTWARE/Cooling_left/stm_f303k8_ioc/Main_app/Inc/EKO_LIB" -I"E:/Pulpit/PCB/Plytki_chlodzenia_SOFTWARE/Cooling_left/stm_f303k8_ioc/Main_app/Inc/MY_LIB" -I"E:/Pulpit/PCB/Plytki_chlodzenia_SOFTWARE/Cooling_left/stm_f303k8_ioc/Main_app/Src/EKO_LIB" -I"E:/Pulpit/PCB/Plytki_chlodzenia_SOFTWARE/Cooling_left/stm_f303k8_ioc/Main_app/Src/MY_LIB" -I../Core/Inc -I../Drivers/STM32F3xx_HAL_Driver/Inc -I../Drivers/STM32F3xx_HAL_Driver/Inc/Legacy -I../Drivers/CMSIS/Device/ST/STM32F3xx/Include -I../Drivers/CMSIS/Include -I"E:/Pulpit/PCB/Plytki_chlodzenia_SOFTWARE/Cooling_left/stm_f303k8_ioc/Main_app/Inc" -I"E:/Pulpit/PCB/Plytki_chlodzenia_SOFTWARE/Cooling_left/stm_f303k8_ioc/Main_app/Src" -O0 -ffunction-sections -fdata-sections -Wall -fstack-usage -fcyclomatic-complexity -MMD -MP -MF"Main_app/Src/MY_LIB/MY_driver_serwo.d" -MT"Main_app/Src/MY_LIB/MY_driver_serwo.o" --specs=nano.specs -mfpu=fpv4-sp-d16 -mfloat-abi=hard -mthumb -o "Main_app/Src/MY_LIB/MY_driver_serwo.o"
arm-none-eabi-gcc "../Main_app/Src/cooler_left_app.c" -mcpu=cortex-m4 -std=gnu11 -g3 -DDEBUG -DUSE_HAL_DRIVER -DSTM32F303x8 -c -I"E:/Pulpit/PCB/Plytki_chlodzenia_SOFTWARE/Cooling_left/stm_f303k8_ioc/Main_app/Inc/EKO_LIB" -I"E:/Pulpit/PCB/Plytki_chlodzenia_SOFTWARE/Cooling_left/stm_f303k8_ioc/Main_app/Inc/MY_LIB" -I"E:/Pulpit/PCB/Plytki_chlodzenia_SOFTWARE/Cooling_left/stm_f303k8_ioc/Main_app/Src/EKO_LIB" -I"E:/Pulpit/PCB/Plytki_chlodzenia_SOFTWARE/Cooling_left/stm_f303k8_ioc/Main_app/Src/MY_LIB" -I../Core/Inc -I../Drivers/STM32F3xx_HAL_Driver/Inc -I../Drivers/STM32F3xx_HAL_Driver/Inc/Legacy -I../Drivers/CMSIS/Device/ST/STM32F3xx/Include -I../Drivers/CMSIS/Include -I"E:/Pulpit/PCB/Plytki_chlodzenia_SOFTWARE/Cooling_left/stm_f303k8_ioc/Main_app/Inc" -I"E:/Pulpit/PCB/Plytki_chlodzenia_SOFTWARE/Cooling_left/stm_f303k8_ioc/Main_app/Src" -O0 -ffunction-sections -fdata-sections -Wall -fstack-usage -fcyclomatic-complexity -MMD -MP -MF"Main_app/Src/cooler_left_app.d" -MT"Main_app/Src/cooler_left_app.o" --specs=nano.specs -mfpu=fpv4-sp-d16 -mfloat-abi=hard -mthumb -o "Main_app/Src/cooler_left_app.o"
arm-none-eabi-gcc "../Main_app/Src/cooler_test.c" -mcpu=cortex-m4 -std=gnu11 -g3 -DDEBUG -DUSE_HAL_DRIVER -DSTM32F303x8 -c -I"E:/Pulpit/PCB/Plytki_chlodzenia_SOFTWARE/Cooling_left/stm_f303k8_ioc/Main_app/Inc/EKO_LIB" -I"E:/Pulpit/PCB/Plytki_chlodzenia_SOFTWARE/Cooling_left/stm_f303k8_ioc/Main_app/Inc/MY_LIB" -I"E:/Pulpit/PCB/Plytki_chlodzenia_SOFTWARE/Cooling_left/stm_f303k8_ioc/Main_app/Src/EKO_LIB" -I"E:/Pulpit/PCB/Plytki_chlodzenia_SOFTWARE/Cooling_left/stm_f303k8_ioc/Main_app/Src/MY_LIB" -I../Core/Inc -I../Drivers/STM32F3xx_HAL_Driver/Inc -I../Drivers/STM32F3xx_HAL_Driver/Inc/Legacy -I../Drivers/CMSIS/Device/ST/STM32F3xx/Include -I../Drivers/CMSIS/Include -I"E:/Pulpit/PCB/Plytki_chlodzenia_SOFTWARE/Cooling_left/stm_f303k8_ioc/Main_app/Inc" -I"E:/Pulpit/PCB/Plytki_chlodzenia_SOFTWARE/Cooling_left/stm_f303k8_ioc/Main_app/Src" -O0 -ffunction-sections -fdata-sections -Wall -fstack-usage -fcyclomatic-complexity -MMD -MP -MF"Main_app/Src/cooler_test.d" -MT"Main_app/Src/cooler_test.o" --specs=nano.specs -mfpu=fpv4-sp-d16 -mfloat-abi=hard -mthumb -o "Main_app/Src/cooler_test.o"
arm-none-eabi-gcc "../Core/Src/main.c" -mcpu=cortex-m4 -std=gnu11 -g3 -DDEBUG -DUSE_HAL_DRIVER -DSTM32F303x8 -c -I"E:/Pulpit/PCB/Plytki_chlodzenia_SOFTWARE/Cooling_left/stm_f303k8_ioc/Main_app/Inc/EKO_LIB" -I"E:/Pulpit/PCB/Plytki_chlodzenia_SOFTWARE/Cooling_left/stm_f303k8_ioc/Main_app/Inc" -I"E:/Pulpit/PCB/Plytki_chlodzenia_SOFTWARE/Cooling_left/stm_f303k8_ioc/Main_app/Src" -I"E:/Pulpit/PCB/Plytki_chlodzenia_SOFTWARE/Cooling_left/stm_f303k8_ioc/Main_app/Inc/MY_LIB" -I"E:/Pulpit/PCB/Plytki_chlodzenia_SOFTWARE/Cooling_left/stm_f303k8_ioc/Main_app/Src/EKO_LIB" -I"E:/Pulpit/PCB/Plytki_chlodzenia_SOFTWARE/Cooling_left/stm_f303k8_ioc/Main_app/Src/MY_LIB" -I../Core/Inc -I../Drivers/STM32F3xx_HAL_Driver/Inc -I../Drivers/STM32F3xx_HAL_Driver/Inc/Legacy -I../Drivers/CMSIS/Device/ST/STM32F3xx/Include -I../Drivers/CMSIS/Include -O0 -ffunction-sections -fdata-sections -Wall -fstack-usage -fcyclomatic-complexity -MMD -MP -MF"Core/Src/main.d" -MT"Core/Src/main.o" --specs=nano.specs -mfpu=fpv4-sp-d16 -mfloat-abi=hard -mthumb -o "Core/Src/main.o"
../Main_app/Src/MY_LIB/MY_driver_i2c.c: In function 'AM2320_StateMachine':
../Main_app/Src/MY_LIB/MY_driver_i2c.c:153:5: warning: enumeration value 'AM2320_IDLE' not handled in switch [-Wswitch]
  153 |     switch (am2320State)
      |     ^~~~~~
../Main_app/Src/cooler_left_app.c: In function 'COOLER_app':
../Main_app/Src/cooler_left_app.c:117:27: warning: enumeration value 'CAN_FRAME_BMS_TEMP_1' not handled in switch [-Wswitch]
  117 |                           switch(msg.name)
      |                           ^~~~~~
../Main_app/Src/cooler_left_app.c:117:27: warning: enumeration value 'CAN_FRAME_BMS_TEMP_2' not handled in switch [-Wswitch]
../Main_app/Src/cooler_left_app.c:117:27: warning: enumeration value 'CAN_FRAME_BMS_TEMP_3' not handled in switch [-Wswitch]
../Main_app/Src/cooler_left_app.c:117:27: warning: enumeration value 'CAN_FRAME_BMS_TEMP_4' not handled in switch [-Wswitch]
../Main_app/Src/cooler_left_app.c:117:27: warning: enumeration value 'CAN_FRAME_BMS_TEMP_5' not handled in switch [-Wswitch]
../Main_app/Src/cooler_left_app.c:117:27: warning: enumeration value 'CAN_FRAME_BMS_TEMP_6' not handled in switch [-Wswitch]
../Main_app/Src/cooler_left_app.c:117:27: warning: enumeration value 'CAN_FRAME_BMS_TEMP_7' not handled in switch [-Wswitch]
../Main_app/Src/cooler_left_app.c:117:27: warning: enumeration value 'CAN_FRAME_BMS_TEMP_8' not handled in switch [-Wswitch]
../Main_app/Src/cooler_left_app.c:117:27: warning: enumeration value 'CAN_FRAME_BMS_TEMP_9' not handled in switch [-Wswitch]
../Main_app/Src/cooler_left_app.c:117:27: warning: enumeration value 'CAN_FRAME_SET_SERVOS_ENGINE' not handled in switch [-Wswitch]
../Main_app/Src/cooler_left_app.c:117:27: warning: enumeration value 'CAN_FRAME_SAFE_STATE' not handled in switch [-Wswitch]
../Main_app/Src/cooler_left_app.c:117:27: warning: enumeration value 'CAN_FRAME_BATTERY_SET_FAN' not handled in switch [-Wswitch]
../Main_app/Src/cooler_left_app.c:117:27: warning: enumeration value 'CAN_FRAME_UNKNOWN' not handled in switch [-Wswitch]
arm-none-eabi-gcc -o "stm_f303k8_ioc.elf" @"objects.list"   -mcpu=cortex-m4 -T"E:\Pulpit\PCB\Plytki_chlodzenia_SOFTWARE\Cooling_left\stm_f303k8_ioc\STM32F303K8TX_FLASH.ld" --specs=nosys.specs -Wl,-Map="stm_f303k8_ioc.map" -Wl,--gc-sections -static --specs=nano.specs -mfpu=fpv4-sp-d16 -mfloat-abi=hard -mthumb -Wl,--start-group -lc -lm -Wl,--end-group
Finished building target: stm_f303k8_ioc.elf
 
arm-none-eabi-size  stm_f303k8_ioc.elf 
arm-none-eabi-objdump -h -S stm_f303k8_ioc.elf  > "stm_f303k8_ioc.list"
   text	   data	    bss	    dec	    hex	filename
  34852	     12	   5064	  39928	   9bf8	stm_f303k8_ioc.elf
Finished building: default.size.stdout
 
Finished building: stm_f303k8_ioc.list
 
19:47:25 **** Incremental Build of configuration Debug for project stm_f303k8_ioc ****
make -j16 all 
arm-none-eabi-gcc "../Main_app/Src/MY_LIB/MY_driver_fan.c" -mcpu=cortex-m4 -std=gnu11 -g3 -DDEBUG -DUSE_HAL_DRIVER -DSTM32F303x8 -c -I"E:/Pulpit/PCB/Plytki_chlodzenia_SOFTWARE/Cooling_left/stm_f303k8_ioc/Main_app/Inc/EKO_LIB" -I"E:/Pulpit/PCB/Plytki_chlodzenia_SOFTWARE/Cooling_left/stm_f303k8_ioc/Main_app/Inc/MY_LIB" -I"E:/Pulpit/PCB/Plytki_chlodzenia_SOFTWARE/Cooling_left/stm_f303k8_ioc/Main_app/Src/EKO_LIB" -I"E:/Pulpit/PCB/Plytki_chlodzenia_SOFTWARE/Cooling_left/stm_f303k8_ioc/Main_app/Src/MY_LIB" -I../Core/Inc -I../Drivers/STM32F3xx_HAL_Driver/Inc -I../Drivers/STM32F3xx_HAL_Driver/Inc/Legacy -I../Drivers/CMSIS/Device/ST/STM32F3xx/Include -I../Drivers/CMSIS/Include -I"E:/Pulpit/PCB/Plytki_chlodzenia_SOFTWARE/Cooling_left/stm_f303k8_ioc/Main_app/Inc" -I"E:/Pulpit/PCB/Plytki_chlodzenia_SOFTWARE/Cooling_left/stm_f303k8_ioc/Main_app/Src" -O0 -ffunction-sections -fdata-sections -Wall -fstack-usage -fcyclomatic-complexity -MMD -MP -MF"Main_app/Src/MY_LIB/MY_driver_fan.d" -MT"Main_app/Src/MY_LIB/MY_driver_fan.o" --specs=nano.specs -mfpu=fpv4-sp-d16 -mfloat-abi=hard -mthumb -o "Main_app/Src/MY_LIB/MY_driver_fan.o"
arm-none-eabi-gcc "../Main_app/Src/MY_LIB/MY_driver_i2c.c" -mcpu=cortex-m4 -std=gnu11 -g3 -DDEBUG -DUSE_HAL_DRIVER -DSTM32F303x8 -c -I"E:/Pulpit/PCB/Plytki_chlodzenia_SOFTWARE/Cooling_left/stm_f303k8_ioc/Main_app/Inc/EKO_LIB" -I"E:/Pulpit/PCB/Plytki_chlodzenia_SOFTWARE/Cooling_left/stm_f303k8_ioc/Main_app/Inc/MY_LIB" -I"E:/Pulpit/PCB/Plytki_chlodzenia_SOFTWARE/Cooling_left/stm_f303k8_ioc/Main_app/Src/EKO_LIB" -I"E:/Pulpit/PCB/Plytki_chlodzenia_SOFTWARE/Cooling_left/stm_f303k8_ioc/Main_app/Src/MY_LIB" -I../Core/Inc -I../Drivers/STM32F3xx_HAL_Driver/Inc -I../Drivers/STM32F3xx_HAL_Driver/Inc/Legacy -I../Drivers/CMSIS/Device/ST/STM32F3xx/Include -I../Drivers/CMSIS/Include -I"E:/Pulpit/PCB/Plytki_chlodzenia_SOFTWARE/Cooling_left/stm_f303k8_ioc/Main_app/Inc" -I"E:/Pulpit/PCB/Plytki_chlodzenia_SOFTWARE/Cooling_left/stm_f303k8_ioc/Main_app/Src" -O0 -ffunction-sections -fdata-sections -Wall -fstack-usage -fcyclomatic-complexity -MMD -MP -MF"Main_app/Src/MY_LIB/MY_driver_i2c.d" -MT"Main_app/Src/MY_LIB/MY_driver_i2c.o" --specs=nano.specs -mfpu=fpv4-sp-d16 -mfloat-abi=hard -mthumb -o "Main_app/Src/MY_LIB/MY_driver_i2c.o"
arm-none-eabi-gcc "../Main_app/Src/MY_LIB/MY_driver_serwo.c" -mcpu=cortex-m4 -std=gnu11 -g3 -DDEBUG -DUSE_HAL_DRIVER -DSTM32F303x8 -c -I"E:/Pulpit/PCB/Plytki_chlodzenia_SOFTWARE/Cooling_left/stm_f303k8_ioc/Main_app/Inc/EKO_LIB" -I"E:/Pulpit/PCB/Plytki_chlodzenia_SOFTWARE/Cooling_left/stm_f303k8_ioc/Main_app/Inc/MY_LIB" -I"E:/Pulpit/PCB/Plytki_chlodzenia_SOFTWARE/Cooling_left/stm_f303k8_ioc/Main_app/Src/EKO_LIB" -I"E:/Pulpit/PCB/Plytki_chlodzenia_SOFTWARE/Cooling_left/stm_f303k8_ioc/Main_app/Src/MY_LIB" -I../Core/Inc -I../Drivers/STM32F3xx_HAL_Driver/Inc -I../Drivers/STM32F3xx_HAL_Driver/Inc/Legacy -I../Drivers/CMSIS/Device/ST/STM32F3xx/Include -I../Drivers/CMSIS/Include -I"E:/Pulpit/PCB/Plytki_chlodzenia_SOFTWARE/Cooling_left/stm_f303k8_ioc/Main_app/Inc" -I"E:/Pulpit/PCB/Plytki_chlodzenia_SOFTWARE/Cooling_left/stm_f303k8_ioc/Main_app/Src" -O0 -ffunction-sections -fdata-sections -Wall -fstack-usage -fcyclomatic-complexity -MMD -MP -MF"Main_app/Src/MY_LIB/MY_driver_serwo.d" -MT"Main_app/Src/MY_LIB/MY_driver_serwo.o" --specs=nano.specs -mfpu=fpv4-sp-d16 -mfloat-abi=hard -mthumb -o "Main_app/Src/MY_LIB/MY_driver_serwo.o"
arm-none-eabi-gcc "../Main_app/Src/cooler_left_app.c" -mcpu=cortex-m4 -std=gnu11 -g3 -DDEBUG -DUSE_HAL_DRIVER -DSTM32F303x8 -c -I"E:/Pulpit/PCB/Plytki_chlodzenia_SOFTWARE/Cooling_left/stm_f303k8_ioc/Main_app/Inc/EKO_LIB" -I"E:/Pulpit/PCB/Plytki_chlodzenia_SOFTWARE/Cooling_left/stm_f303k8_ioc/Main_app/Inc/MY_LIB" -I"E:/Pulpit/PCB/Plytki_chlodzenia_SOFTWARE/Cooling_left/stm_f303k8_ioc/Main_app/Src/EKO_LIB" -I"E:/Pulpit/PCB/Plytki_chlodzenia_SOFTWARE/Cooling_left/stm_f303k8_ioc/Main_app/Src/MY_LIB" -I../Core/Inc -I../Drivers/STM32F3xx_HAL_Driver/Inc -I../Drivers/STM32F3xx_HAL_Driver/Inc/Legacy -I../Drivers/CMSIS/Device/ST/STM32F3xx/Include -I../Drivers/CMSIS/Include -I"E:/Pulpit/PCB/Plytki_chlodzenia_SOFTWARE/Cooling_left/stm_f303k8_ioc/Main_app/Inc" -I"E:/Pulpit/PCB/Plytki_chlodzenia_SOFTWARE/Cooling_left/stm_f303k8_ioc/Main_app/Src" -O0 -ffunction-sections -fdata-sections -Wall -fstack-usage -fcyclomatic-complexity -MMD -MP -MF"Main_app/Src/cooler_left_app.d" -MT"Main_app/Src/cooler_left_app.o" --specs=nano.specs -mfpu=fpv4-sp-d16 -mfloat-abi=hard -mthumb -o "Main_app/Src/cooler_left_app.o"
arm-none-eabi-gcc "../Main_app/Src/cooler_test.c" -mcpu=cortex-m4 -std=gnu11 -g3 -DDEBUG -DUSE_HAL_DRIVER -DSTM32F303x8 -c -I"E:/Pulpit/PCB/Plytki_chlodzenia_SOFTWARE/Cooling_left/stm_f303k8_ioc/Main_app/Inc/EKO_LIB" -I"E:/Pulpit/PCB/Plytki_chlodzenia_SOFTWARE/Cooling_left/stm_f303k8_ioc/Main_app/Inc/MY_LIB" -I"E:/Pulpit/PCB/Plytki_chlodzenia_SOFTWARE/Cooling_left/stm_f303k8_ioc/Main_app/Src/EKO_LIB" -I"E:/Pulpit/PCB/Plytki_chlodzenia_SOFTWARE/Cooling_left/stm_f303k8_ioc/Main_app/Src/MY_LIB" -I../Core/Inc -I../Drivers/STM32F3xx_HAL_Driver/Inc -I../Drivers/STM32F3xx_HAL_Driver/Inc/Legacy -I../Drivers/CMSIS/Device/ST/STM32F3xx/Include -I../Drivers/CMSIS/Include -I"E:/Pulpit/PCB/Plytki_chlodzenia_SOFTWARE/Cooling_left/stm_f303k8_ioc/Main_app/Inc" -I"E:/Pulpit/PCB/Plytki_chlodzenia_SOFTWARE/Cooling_left/stm_f303k8_ioc/Main_app/Src" -O0 -ffunction-sections -fdata-sections -Wall -fstack-usage -fcyclomatic-complexity -MMD -MP -MF"Main_app/Src/cooler_test.d" -MT"Main_app/Src/cooler_test.o" --specs=nano.specs -mfpu=fpv4-sp-d16 -mfloat-abi=hard -mthumb -o "Main_app/Src/cooler_test.o"
arm-none-eabi-gcc "../Core/Src/main.c" -mcpu=cortex-m4 -std=gnu11 -g3 -DDEBUG -DUSE_HAL_DRIVER -DSTM32F303x8 -c -I"E:/Pulpit/PCB/Plytki_chlodzenia_SOFTWARE/Cooling_left/stm_f303k8_ioc/Main_app/Inc/EKO_LIB" -I"E:/Pulpit/PCB/Plytki_chlodzenia_SOFTWARE/Cooling_left/stm_f303k8_ioc/Main_app/Inc" -I"E:/Pulpit/PCB/Plytki_chlodzenia_SOFTWARE/Cooling_left/stm_f303k8_ioc/Main_app/Src" -I"E:/Pulpit/PCB/Plytki_chlodzenia_SOFTWARE/Cooling_left/stm_f303k8_ioc/Main_app/Inc/MY_LIB" -I"E:/Pulpit/PCB/Plytki_chlodzenia_SOFTWARE/Cooling_left/stm_f303k8_ioc/Main_app/Src/EKO_LIB" -I"E:/Pulpit/PCB/Plytki_chlodzenia_SOFTWARE/Cooling_left/stm_f303k8_ioc/Main_app/Src/MY_LIB" -I../Core/Inc -I../Drivers/STM32F3xx_HAL_Driver/Inc -I../Drivers/STM32F3xx_HAL_Driver/Inc/Legacy -I../Drivers/CMSIS/Device/ST/STM32F3xx/Include -I../Drivers/CMSIS/Include -O0 -ffunction-sections -fdata-sections -Wall -fstack-usage -fcyclomatic-complexity -MMD -MP -MF"Core/Src/main.d" -MT"Core/Src/main.o" --specs=nano.specs -mfpu=fpv4-sp-d16 -mfloat-abi=hard -mthumb -o "Core/Src/main.o"
../Main_app/Src/MY_LIB/MY_driver_i2c.c: In function 'AM2320_StateMachine':
../Main_app/Src/MY_LIB/MY_driver_i2c.c:153:5: warning: enumeration value 'AM2320_IDLE' not handled in switch [-Wswitch]
  153 |     switch (am2320State)
      |     ^~~~~~
../Main_app/Src/cooler_left_app.c: In function 'COOLER_app':
../Main_app/Src/cooler_left_app.c:117:27: warning: enumeration value 'CAN_FRAME_BMS_TEMP_1' not handled in switch [-Wswitch]
  117 |                           switch(msg.name)
      |                           ^~~~~~
../Main_app/Src/cooler_left_app.c:117:27: warning: enumeration value 'CAN_FRAME_BMS_TEMP_2' not handled in switch [-Wswitch]
../Main_app/Src/cooler_left_app.c:117:27: warning: enumeration value 'CAN_FRAME_BMS_TEMP_3' not handled in switch [-Wswitch]
../Main_app/Src/cooler_left_app.c:117:27: warning: enumeration value 'CAN_FRAME_BMS_TEMP_4' not handled in switch [-Wswitch]
../Main_app/Src/cooler_left_app.c:117:27: warning: enumeration value 'CAN_FRAME_BMS_TEMP_5' not handled in switch [-Wswitch]
../Main_app/Src/cooler_left_app.c:117:27: warning: enumeration value 'CAN_FRAME_BMS_TEMP_6' not handled in switch [-Wswitch]
../Main_app/Src/cooler_left_app.c:117:27: warning: enumeration value 'CAN_FRAME_BMS_TEMP_7' not handled in switch [-Wswitch]
../Main_app/Src/cooler_left_app.c:117:27: warning: enumeration value 'CAN_FRAME_BMS_TEMP_8' not handled in switch [-Wswitch]
../Main_app/Src/cooler_left_app.c:117:27: warning: enumeration value 'CAN_FRAME_BMS_TEMP_9' not handled in switch [-Wswitch]
../Main_app/Src/cooler_left_app.c:117:27: warning: enumeration value 'CAN_FRAME_SET_SERVOS_ENGINE' not handled in switch [-Wswitch]
../Main_app/Src/cooler_left_app.c:117:27: warning: enumeration value 'CAN_FRAME_SAFE_STATE' not handled in switch [-Wswitch]
../Main_app/Src/cooler_left_app.c:117:27: warning: enumeration value 'CAN_FRAME_BATTERY_SET_FAN' not handled in switch [-Wswitch]
../Main_app/Src/cooler_left_app.c:117:27: warning: enumeration value 'CAN_FRAME_UNKNOWN' not handled in switch [-Wswitch]
arm-none-eabi-gcc -o "stm_f303k8_ioc.elf" @"objects.list"   -mcpu=cortex-m4 -T"E:\Pulpit\PCB\Plytki_chlodzenia_SOFTWARE\Cooling_left\stm_f303k8_ioc\STM32F303K8TX_FLASH.ld" --specs=nosys.specs -Wl,-Map="stm_f303k8_ioc.map" -Wl,--gc-sections -static --specs=nano.specs -mfpu=fpv4-sp-d16 -mfloat-abi=hard -mthumb -Wl,--start-group -lc -lm -Wl,--end-group
Finished building target: stm_f303k8_ioc.elf
 
arm-none-eabi-size  stm_f303k8_ioc.elf 
arm-none-eabi-objdump -h -S stm_f303k8_ioc.elf  > "stm_f303k8_ioc.list"
   text	   data	    bss	    dec	    hex	filename
  34852	     12	   5064	  39928	   9bf8	stm_f303k8_ioc.elf
Finished building: default.size.stdout
 
Finished building: stm_f303k8_ioc.list
 
19:47:40 **** Incremental Build of configuration Debug for project stm_f303k8_ioc ****
make -j16 all 
arm-none-eabi-gcc "../Main_app/Src/MY_LIB/MY_driver_fan.c" -mcpu=cortex-m4 -std=gnu11 -g3 -DDEBUG -DUSE_HAL_DRIVER -DSTM32F303x8 -c -I"E:/Pulpit/PCB/Plytki_chlodzenia_SOFTWARE/Cooling_left/stm_f303k8_ioc/Main_app/Inc/EKO_LIB" -I"E:/Pulpit/PCB/Plytki_chlodzenia_SOFTWARE/Cooling_left/stm_f303k8_ioc/Main_app/Inc/MY_LIB" -I"E:/Pulpit/PCB/Plytki_chlodzenia_SOFTWARE/Cooling_left/stm_f303k8_ioc/Main_app/Src/EKO_LIB" -I"E:/Pulpit/PCB/Plytki_chlodzenia_SOFTWARE/Cooling_left/stm_f303k8_ioc/Main_app/Src/MY_LIB" -I../Core/Inc -I../Drivers/STM32F3xx_HAL_Driver/Inc -I../Drivers/STM32F3xx_HAL_Driver/Inc/Legacy -I../Drivers/CMSIS/Device/ST/STM32F3xx/Include -I../Drivers/CMSIS/Include -I"E:/Pulpit/PCB/Plytki_chlodzenia_SOFTWARE/Cooling_left/stm_f303k8_ioc/Main_app/Inc" -I"E:/Pulpit/PCB/Plytki_chlodzenia_SOFTWARE/Cooling_left/stm_f303k8_ioc/Main_app/Src" -O0 -ffunction-sections -fdata-sections -Wall -fstack-usage -fcyclomatic-complexity -MMD -MP -MF"Main_app/Src/MY_LIB/MY_driver_fan.d" -MT"Main_app/Src/MY_LIB/MY_driver_fan.o" --specs=nano.specs -mfpu=fpv4-sp-d16 -mfloat-abi=hard -mthumb -o "Main_app/Src/MY_LIB/MY_driver_fan.o"
arm-none-eabi-gcc "../Main_app/Src/MY_LIB/MY_driver_i2c.c" -mcpu=cortex-m4 -std=gnu11 -g3 -DDEBUG -DUSE_HAL_DRIVER -DSTM32F303x8 -c -I"E:/Pulpit/PCB/Plytki_chlodzenia_SOFTWARE/Cooling_left/stm_f303k8_ioc/Main_app/Inc/EKO_LIB" -I"E:/Pulpit/PCB/Plytki_chlodzenia_SOFTWARE/Cooling_left/stm_f303k8_ioc/Main_app/Inc/MY_LIB" -I"E:/Pulpit/PCB/Plytki_chlodzenia_SOFTWARE/Cooling_left/stm_f303k8_ioc/Main_app/Src/EKO_LIB" -I"E:/Pulpit/PCB/Plytki_chlodzenia_SOFTWARE/Cooling_left/stm_f303k8_ioc/Main_app/Src/MY_LIB" -I../Core/Inc -I../Drivers/STM32F3xx_HAL_Driver/Inc -I../Drivers/STM32F3xx_HAL_Driver/Inc/Legacy -I../Drivers/CMSIS/Device/ST/STM32F3xx/Include -I../Drivers/CMSIS/Include -I"E:/Pulpit/PCB/Plytki_chlodzenia_SOFTWARE/Cooling_left/stm_f303k8_ioc/Main_app/Inc" -I"E:/Pulpit/PCB/Plytki_chlodzenia_SOFTWARE/Cooling_left/stm_f303k8_ioc/Main_app/Src" -O0 -ffunction-sections -fdata-sections -Wall -fstack-usage -fcyclomatic-complexity -MMD -MP -MF"Main_app/Src/MY_LIB/MY_driver_i2c.d" -MT"Main_app/Src/MY_LIB/MY_driver_i2c.o" --specs=nano.specs -mfpu=fpv4-sp-d16 -mfloat-abi=hard -mthumb -o "Main_app/Src/MY_LIB/MY_driver_i2c.o"
arm-none-eabi-gcc "../Main_app/Src/MY_LIB/MY_driver_serwo.c" -mcpu=cortex-m4 -std=gnu11 -g3 -DDEBUG -DUSE_HAL_DRIVER -DSTM32F303x8 -c -I"E:/Pulpit/PCB/Plytki_chlodzenia_SOFTWARE/Cooling_left/stm_f303k8_ioc/Main_app/Inc/EKO_LIB" -I"E:/Pulpit/PCB/Plytki_chlodzenia_SOFTWARE/Cooling_left/stm_f303k8_ioc/Main_app/Inc/MY_LIB" -I"E:/Pulpit/PCB/Plytki_chlodzenia_SOFTWARE/Cooling_left/stm_f303k8_ioc/Main_app/Src/EKO_LIB" -I"E:/Pulpit/PCB/Plytki_chlodzenia_SOFTWARE/Cooling_left/stm_f303k8_ioc/Main_app/Src/MY_LIB" -I../Core/Inc -I../Drivers/STM32F3xx_HAL_Driver/Inc -I../Drivers/STM32F3xx_HAL_Driver/Inc/Legacy -I../Drivers/CMSIS/Device/ST/STM32F3xx/Include -I../Drivers/CMSIS/Include -I"E:/Pulpit/PCB/Plytki_chlodzenia_SOFTWARE/Cooling_left/stm_f303k8_ioc/Main_app/Inc" -I"E:/Pulpit/PCB/Plytki_chlodzenia_SOFTWARE/Cooling_left/stm_f303k8_ioc/Main_app/Src" -O0 -ffunction-sections -fdata-sections -Wall -fstack-usage -fcyclomatic-complexity -MMD -MP -MF"Main_app/Src/MY_LIB/MY_driver_serwo.d" -MT"Main_app/Src/MY_LIB/MY_driver_serwo.o" --specs=nano.specs -mfpu=fpv4-sp-d16 -mfloat-abi=hard -mthumb -o "Main_app/Src/MY_LIB/MY_driver_serwo.o"
arm-none-eabi-gcc "../Main_app/Src/cooler_left_app.c" -mcpu=cortex-m4 -std=gnu11 -g3 -DDEBUG -DUSE_HAL_DRIVER -DSTM32F303x8 -c -I"E:/Pulpit/PCB/Plytki_chlodzenia_SOFTWARE/Cooling_left/stm_f303k8_ioc/Main_app/Inc/EKO_LIB" -I"E:/Pulpit/PCB/Plytki_chlodzenia_SOFTWARE/Cooling_left/stm_f303k8_ioc/Main_app/Inc/MY_LIB" -I"E:/Pulpit/PCB/Plytki_chlodzenia_SOFTWARE/Cooling_left/stm_f303k8_ioc/Main_app/Src/EKO_LIB" -I"E:/Pulpit/PCB/Plytki_chlodzenia_SOFTWARE/Cooling_left/stm_f303k8_ioc/Main_app/Src/MY_LIB" -I../Core/Inc -I../Drivers/STM32F3xx_HAL_Driver/Inc -I../Drivers/STM32F3xx_HAL_Driver/Inc/Legacy -I../Drivers/CMSIS/Device/ST/STM32F3xx/Include -I../Drivers/CMSIS/Include -I"E:/Pulpit/PCB/Plytki_chlodzenia_SOFTWARE/Cooling_left/stm_f303k8_ioc/Main_app/Inc" -I"E:/Pulpit/PCB/Plytki_chlodzenia_SOFTWARE/Cooling_left/stm_f303k8_ioc/Main_app/Src" -O0 -ffunction-sections -fdata-sections -Wall -fstack-usage -fcyclomatic-complexity -MMD -MP -MF"Main_app/Src/cooler_left_app.d" -MT"Main_app/Src/cooler_left_app.o" --specs=nano.specs -mfpu=fpv4-sp-d16 -mfloat-abi=hard -mthumb -o "Main_app/Src/cooler_left_app.o"
arm-none-eabi-gcc "../Main_app/Src/cooler_test.c" -mcpu=cortex-m4 -std=gnu11 -g3 -DDEBUG -DUSE_HAL_DRIVER -DSTM32F303x8 -c -I"E:/Pulpit/PCB/Plytki_chlodzenia_SOFTWARE/Cooling_left/stm_f303k8_ioc/Main_app/Inc/EKO_LIB" -I"E:/Pulpit/PCB/Plytki_chlodzenia_SOFTWARE/Cooling_left/stm_f303k8_ioc/Main_app/Inc/MY_LIB" -I"E:/Pulpit/PCB/Plytki_chlodzenia_SOFTWARE/Cooling_left/stm_f303k8_ioc/Main_app/Src/EKO_LIB" -I"E:/Pulpit/PCB/Plytki_chlodzenia_SOFTWARE/Cooling_left/stm_f303k8_ioc/Main_app/Src/MY_LIB" -I../Core/Inc -I../Drivers/STM32F3xx_HAL_Driver/Inc -I../Drivers/STM32F3xx_HAL_Driver/Inc/Legacy -I../Drivers/CMSIS/Device/ST/STM32F3xx/Include -I../Drivers/CMSIS/Include -I"E:/Pulpit/PCB/Plytki_chlodzenia_SOFTWARE/Cooling_left/stm_f303k8_ioc/Main_app/Inc" -I"E:/Pulpit/PCB/Plytki_chlodzenia_SOFTWARE/Cooling_left/stm_f303k8_ioc/Main_app/Src" -O0 -ffunction-sections -fdata-sections -Wall -fstack-usage -fcyclomatic-complexity -MMD -MP -MF"Main_app/Src/cooler_test.d" -MT"Main_app/Src/cooler_test.o" --specs=nano.specs -mfpu=fpv4-sp-d16 -mfloat-abi=hard -mthumb -o "Main_app/Src/cooler_test.o"
arm-none-eabi-gcc "../Core/Src/main.c" -mcpu=cortex-m4 -std=gnu11 -g3 -DDEBUG -DUSE_HAL_DRIVER -DSTM32F303x8 -c -I"E:/Pulpit/PCB/Plytki_chlodzenia_SOFTWARE/Cooling_left/stm_f303k8_ioc/Main_app/Inc/EKO_LIB" -I"E:/Pulpit/PCB/Plytki_chlodzenia_SOFTWARE/Cooling_left/stm_f303k8_ioc/Main_app/Inc" -I"E:/Pulpit/PCB/Plytki_chlodzenia_SOFTWARE/Cooling_left/stm_f303k8_ioc/Main_app/Src" -I"E:/Pulpit/PCB/Plytki_chlodzenia_SOFTWARE/Cooling_left/stm_f303k8_ioc/Main_app/Inc/MY_LIB" -I"E:/Pulpit/PCB/Plytki_chlodzenia_SOFTWARE/Cooling_left/stm_f303k8_ioc/Main_app/Src/EKO_LIB" -I"E:/Pulpit/PCB/Plytki_chlodzenia_SOFTWARE/Cooling_left/stm_f303k8_ioc/Main_app/Src/MY_LIB" -I../Core/Inc -I../Drivers/STM32F3xx_HAL_Driver/Inc -I../Drivers/STM32F3xx_HAL_Driver/Inc/Legacy -I../Drivers/CMSIS/Device/ST/STM32F3xx/Include -I../Drivers/CMSIS/Include -O0 -ffunction-sections -fdata-sections -Wall -fstack-usage -fcyclomatic-complexity -MMD -MP -MF"Core/Src/main.d" -MT"Core/Src/main.o" --specs=nano.specs -mfpu=fpv4-sp-d16 -mfloat-abi=hard -mthumb -o "Core/Src/main.o"
../Main_app/Src/MY_LIB/MY_driver_i2c.c: In function 'AM2320_StateMachine':
../Main_app/Src/MY_LIB/MY_driver_i2c.c:153:5: warning: enumeration value 'AM2320_IDLE' not handled in switch [-Wswitch]
  153 |     switch (am2320State)
      |     ^~~~~~
../Main_app/Src/cooler_left_app.c: In function 'COOLER_app':
../Main_app/Src/cooler_left_app.c:117:27: warning: enumeration value 'CAN_FRAME_BMS_TEMP_1' not handled in switch [-Wswitch]
  117 |                           switch(msg.name)
      |                           ^~~~~~
../Main_app/Src/cooler_left_app.c:117:27: warning: enumeration value 'CAN_FRAME_BMS_TEMP_2' not handled in switch [-Wswitch]
../Main_app/Src/cooler_left_app.c:117:27: warning: enumeration value 'CAN_FRAME_BMS_TEMP_3' not handled in switch [-Wswitch]
../Main_app/Src/cooler_left_app.c:117:27: warning: enumeration value 'CAN_FRAME_BMS_TEMP_4' not handled in switch [-Wswitch]
../Main_app/Src/cooler_left_app.c:117:27: warning: enumeration value 'CAN_FRAME_BMS_TEMP_5' not handled in switch [-Wswitch]
../Main_app/Src/cooler_left_app.c:117:27: warning: enumeration value 'CAN_FRAME_BMS_TEMP_6' not handled in switch [-Wswitch]
../Main_app/Src/cooler_left_app.c:117:27: warning: enumeration value 'CAN_FRAME_BMS_TEMP_7' not handled in switch [-Wswitch]
../Main_app/Src/cooler_left_app.c:117:27: warning: enumeration value 'CAN_FRAME_BMS_TEMP_8' not handled in switch [-Wswitch]
../Main_app/Src/cooler_left_app.c:117:27: warning: enumeration value 'CAN_FRAME_BMS_TEMP_9' not handled in switch [-Wswitch]
../Main_app/Src/cooler_left_app.c:117:27: warning: enumeration value 'CAN_FRAME_SET_SERVOS_ENGINE' not handled in switch [-Wswitch]
../Main_app/Src/cooler_left_app.c:117:27: warning: enumeration value 'CAN_FRAME_SAFE_STATE' not handled in switch [-Wswitch]
../Main_app/Src/cooler_left_app.c:117:27: warning: enumeration value 'CAN_FRAME_BATTERY_SET_FAN' not handled in switch [-Wswitch]
../Main_app/Src/cooler_left_app.c:117:27: warning: enumeration value 'CAN_FRAME_UNKNOWN' not handled in switch [-Wswitch]
arm-none-eabi-gcc -o "stm_f303k8_ioc.elf" @"objects.list"   -mcpu=cortex-m4 -T"E:\Pulpit\PCB\Plytki_chlodzenia_SOFTWARE\Cooling_left\stm_f303k8_ioc\STM32F303K8TX_FLASH.ld" --specs=nosys.specs -Wl,-Map="stm_f303k8_ioc.map" -Wl,--gc-sections -static --specs=nano.specs -mfpu=fpv4-sp-d16 -mfloat-abi=hard -mthumb -Wl,--start-group -lc -lm -Wl,--end-group
Finished building target: stm_f303k8_ioc.elf
 
arm-none-eabi-size  stm_f303k8_ioc.elf 
arm-none-eabi-objdump -h -S stm_f303k8_ioc.elf  > "stm_f303k8_ioc.list"
   text	   data	    bss	    dec	    hex	filename
  34852	     12	   5064	  39928	   9bf8	stm_f303k8_ioc.elf
Finished building: default.size.stdout
 
Finished building: stm_f303k8_ioc.list
 
19:47:47 **** Incremental Build of configuration Debug for project stm_f303k8_ioc ****
make -j16 all 
arm-none-eabi-gcc "../Main_app/Src/MY_LIB/MY_driver_fan.c" -mcpu=cortex-m4 -std=gnu11 -g3 -DDEBUG -DUSE_HAL_DRIVER -DSTM32F303x8 -c -I"E:/Pulpit/PCB/Plytki_chlodzenia_SOFTWARE/Cooling_left/stm_f303k8_ioc/Main_app/Inc/EKO_LIB" -I"E:/Pulpit/PCB/Plytki_chlodzenia_SOFTWARE/Cooling_left/stm_f303k8_ioc/Main_app/Inc/MY_LIB" -I"E:/Pulpit/PCB/Plytki_chlodzenia_SOFTWARE/Cooling_left/stm_f303k8_ioc/Main_app/Src/EKO_LIB" -I"E:/Pulpit/PCB/Plytki_chlodzenia_SOFTWARE/Cooling_left/stm_f303k8_ioc/Main_app/Src/MY_LIB" -I../Core/Inc -I../Drivers/STM32F3xx_HAL_Driver/Inc -I../Drivers/STM32F3xx_HAL_Driver/Inc/Legacy -I../Drivers/CMSIS/Device/ST/STM32F3xx/Include -I../Drivers/CMSIS/Include -I"E:/Pulpit/PCB/Plytki_chlodzenia_SOFTWARE/Cooling_left/stm_f303k8_ioc/Main_app/Inc" -I"E:/Pulpit/PCB/Plytki_chlodzenia_SOFTWARE/Cooling_left/stm_f303k8_ioc/Main_app/Src" -O0 -ffunction-sections -fdata-sections -Wall -fstack-usage -fcyclomatic-complexity -MMD -MP -MF"Main_app/Src/MY_LIB/MY_driver_fan.d" -MT"Main_app/Src/MY_LIB/MY_driver_fan.o" --specs=nano.specs -mfpu=fpv4-sp-d16 -mfloat-abi=hard -mthumb -o "Main_app/Src/MY_LIB/MY_driver_fan.o"
arm-none-eabi-gcc "../Main_app/Src/MY_LIB/MY_driver_i2c.c" -mcpu=cortex-m4 -std=gnu11 -g3 -DDEBUG -DUSE_HAL_DRIVER -DSTM32F303x8 -c -I"E:/Pulpit/PCB/Plytki_chlodzenia_SOFTWARE/Cooling_left/stm_f303k8_ioc/Main_app/Inc/EKO_LIB" -I"E:/Pulpit/PCB/Plytki_chlodzenia_SOFTWARE/Cooling_left/stm_f303k8_ioc/Main_app/Inc/MY_LIB" -I"E:/Pulpit/PCB/Plytki_chlodzenia_SOFTWARE/Cooling_left/stm_f303k8_ioc/Main_app/Src/EKO_LIB" -I"E:/Pulpit/PCB/Plytki_chlodzenia_SOFTWARE/Cooling_left/stm_f303k8_ioc/Main_app/Src/MY_LIB" -I../Core/Inc -I../Drivers/STM32F3xx_HAL_Driver/Inc -I../Drivers/STM32F3xx_HAL_Driver/Inc/Legacy -I../Drivers/CMSIS/Device/ST/STM32F3xx/Include -I../Drivers/CMSIS/Include -I"E:/Pulpit/PCB/Plytki_chlodzenia_SOFTWARE/Cooling_left/stm_f303k8_ioc/Main_app/Inc" -I"E:/Pulpit/PCB/Plytki_chlodzenia_SOFTWARE/Cooling_left/stm_f303k8_ioc/Main_app/Src" -O0 -ffunction-sections -fdata-sections -Wall -fstack-usage -fcyclomatic-complexity -MMD -MP -MF"Main_app/Src/MY_LIB/MY_driver_i2c.d" -MT"Main_app/Src/MY_LIB/MY_driver_i2c.o" --specs=nano.specs -mfpu=fpv4-sp-d16 -mfloat-abi=hard -mthumb -o "Main_app/Src/MY_LIB/MY_driver_i2c.o"
arm-none-eabi-gcc "../Main_app/Src/MY_LIB/MY_driver_serwo.c" -mcpu=cortex-m4 -std=gnu11 -g3 -DDEBUG -DUSE_HAL_DRIVER -DSTM32F303x8 -c -I"E:/Pulpit/PCB/Plytki_chlodzenia_SOFTWARE/Cooling_left/stm_f303k8_ioc/Main_app/Inc/EKO_LIB" -I"E:/Pulpit/PCB/Plytki_chlodzenia_SOFTWARE/Cooling_left/stm_f303k8_ioc/Main_app/Inc/MY_LIB" -I"E:/Pulpit/PCB/Plytki_chlodzenia_SOFTWARE/Cooling_left/stm_f303k8_ioc/Main_app/Src/EKO_LIB" -I"E:/Pulpit/PCB/Plytki_chlodzenia_SOFTWARE/Cooling_left/stm_f303k8_ioc/Main_app/Src/MY_LIB" -I../Core/Inc -I../Drivers/STM32F3xx_HAL_Driver/Inc -I../Drivers/STM32F3xx_HAL_Driver/Inc/Legacy -I../Drivers/CMSIS/Device/ST/STM32F3xx/Include -I../Drivers/CMSIS/Include -I"E:/Pulpit/PCB/Plytki_chlodzenia_SOFTWARE/Cooling_left/stm_f303k8_ioc/Main_app/Inc" -I"E:/Pulpit/PCB/Plytki_chlodzenia_SOFTWARE/Cooling_left/stm_f303k8_ioc/Main_app/Src" -O0 -ffunction-sections -fdata-sections -Wall -fstack-usage -fcyclomatic-complexity -MMD -MP -MF"Main_app/Src/MY_LIB/MY_driver_serwo.d" -MT"Main_app/Src/MY_LIB/MY_driver_serwo.o" --specs=nano.specs -mfpu=fpv4-sp-d16 -mfloat-abi=hard -mthumb -o "Main_app/Src/MY_LIB/MY_driver_serwo.o"
arm-none-eabi-gcc "../Main_app/Src/cooler_left_app.c" -mcpu=cortex-m4 -std=gnu11 -g3 -DDEBUG -DUSE_HAL_DRIVER -DSTM32F303x8 -c -I"E:/Pulpit/PCB/Plytki_chlodzenia_SOFTWARE/Cooling_left/stm_f303k8_ioc/Main_app/Inc/EKO_LIB" -I"E:/Pulpit/PCB/Plytki_chlodzenia_SOFTWARE/Cooling_left/stm_f303k8_ioc/Main_app/Inc/MY_LIB" -I"E:/Pulpit/PCB/Plytki_chlodzenia_SOFTWARE/Cooling_left/stm_f303k8_ioc/Main_app/Src/EKO_LIB" -I"E:/Pulpit/PCB/Plytki_chlodzenia_SOFTWARE/Cooling_left/stm_f303k8_ioc/Main_app/Src/MY_LIB" -I../Core/Inc -I../Drivers/STM32F3xx_HAL_Driver/Inc -I../Drivers/STM32F3xx_HAL_Driver/Inc/Legacy -I../Drivers/CMSIS/Device/ST/STM32F3xx/Include -I../Drivers/CMSIS/Include -I"E:/Pulpit/PCB/Plytki_chlodzenia_SOFTWARE/Cooling_left/stm_f303k8_ioc/Main_app/Inc" -I"E:/Pulpit/PCB/Plytki_chlodzenia_SOFTWARE/Cooling_left/stm_f303k8_ioc/Main_app/Src" -O0 -ffunction-sections -fdata-sections -Wall -fstack-usage -fcyclomatic-complexity -MMD -MP -MF"Main_app/Src/cooler_left_app.d" -MT"Main_app/Src/cooler_left_app.o" --specs=nano.specs -mfpu=fpv4-sp-d16 -mfloat-abi=hard -mthumb -o "Main_app/Src/cooler_left_app.o"
arm-none-eabi-gcc "../Main_app/Src/cooler_test.c" -mcpu=cortex-m4 -std=gnu11 -g3 -DDEBUG -DUSE_HAL_DRIVER -DSTM32F303x8 -c -I"E:/Pulpit/PCB/Plytki_chlodzenia_SOFTWARE/Cooling_left/stm_f303k8_ioc/Main_app/Inc/EKO_LIB" -I"E:/Pulpit/PCB/Plytki_chlodzenia_SOFTWARE/Cooling_left/stm_f303k8_ioc/Main_app/Inc/MY_LIB" -I"E:/Pulpit/PCB/Plytki_chlodzenia_SOFTWARE/Cooling_left/stm_f303k8_ioc/Main_app/Src/EKO_LIB" -I"E:/Pulpit/PCB/Plytki_chlodzenia_SOFTWARE/Cooling_left/stm_f303k8_ioc/Main_app/Src/MY_LIB" -I../Core/Inc -I../Drivers/STM32F3xx_HAL_Driver/Inc -I../Drivers/STM32F3xx_HAL_Driver/Inc/Legacy -I../Drivers/CMSIS/Device/ST/STM32F3xx/Include -I../Drivers/CMSIS/Include -I"E:/Pulpit/PCB/Plytki_chlodzenia_SOFTWARE/Cooling_left/stm_f303k8_ioc/Main_app/Inc" -I"E:/Pulpit/PCB/Plytki_chlodzenia_SOFTWARE/Cooling_left/stm_f303k8_ioc/Main_app/Src" -O0 -ffunction-sections -fdata-sections -Wall -fstack-usage -fcyclomatic-complexity -MMD -MP -MF"Main_app/Src/cooler_test.d" -MT"Main_app/Src/cooler_test.o" --specs=nano.specs -mfpu=fpv4-sp-d16 -mfloat-abi=hard -mthumb -o "Main_app/Src/cooler_test.o"
arm-none-eabi-gcc "../Core/Src/main.c" -mcpu=cortex-m4 -std=gnu11 -g3 -DDEBUG -DUSE_HAL_DRIVER -DSTM32F303x8 -c -I"E:/Pulpit/PCB/Plytki_chlodzenia_SOFTWARE/Cooling_left/stm_f303k8_ioc/Main_app/Inc/EKO_LIB" -I"E:/Pulpit/PCB/Plytki_chlodzenia_SOFTWARE/Cooling_left/stm_f303k8_ioc/Main_app/Inc" -I"E:/Pulpit/PCB/Plytki_chlodzenia_SOFTWARE/Cooling_left/stm_f303k8_ioc/Main_app/Src" -I"E:/Pulpit/PCB/Plytki_chlodzenia_SOFTWARE/Cooling_left/stm_f303k8_ioc/Main_app/Inc/MY_LIB" -I"E:/Pulpit/PCB/Plytki_chlodzenia_SOFTWARE/Cooling_left/stm_f303k8_ioc/Main_app/Src/EKO_LIB" -I"E:/Pulpit/PCB/Plytki_chlodzenia_SOFTWARE/Cooling_left/stm_f303k8_ioc/Main_app/Src/MY_LIB" -I../Core/Inc -I../Drivers/STM32F3xx_HAL_Driver/Inc -I../Drivers/STM32F3xx_HAL_Driver/Inc/Legacy -I../Drivers/CMSIS/Device/ST/STM32F3xx/Include -I../Drivers/CMSIS/Include -O0 -ffunction-sections -fdata-sections -Wall -fstack-usage -fcyclomatic-complexity -MMD -MP -MF"Core/Src/main.d" -MT"Core/Src/main.o" --specs=nano.specs -mfpu=fpv4-sp-d16 -mfloat-abi=hard -mthumb -o "Core/Src/main.o"
../Main_app/Src/MY_LIB/MY_driver_i2c.c: In function 'AM2320_StateMachine':
../Main_app/Src/MY_LIB/MY_driver_i2c.c:153:5: warning: enumeration value 'AM2320_IDLE' not handled in switch [-Wswitch]
  153 |     switch (am2320State)
      |     ^~~~~~
../Main_app/Src/cooler_left_app.c: In function 'COOLER_app':
../Main_app/Src/cooler_left_app.c:117:27: warning: enumeration value 'CAN_FRAME_BMS_TEMP_1' not handled in switch [-Wswitch]
  117 |                           switch(msg.name)
      |                           ^~~~~~
../Main_app/Src/cooler_left_app.c:117:27: warning: enumeration value 'CAN_FRAME_BMS_TEMP_2' not handled in switch [-Wswitch]
../Main_app/Src/cooler_left_app.c:117:27: warning: enumeration value 'CAN_FRAME_BMS_TEMP_3' not handled in switch [-Wswitch]
../Main_app/Src/cooler_left_app.c:117:27: warning: enumeration value 'CAN_FRAME_BMS_TEMP_4' not handled in switch [-Wswitch]
../Main_app/Src/cooler_left_app.c:117:27: warning: enumeration value 'CAN_FRAME_BMS_TEMP_5' not handled in switch [-Wswitch]
../Main_app/Src/cooler_left_app.c:117:27: warning: enumeration value 'CAN_FRAME_BMS_TEMP_6' not handled in switch [-Wswitch]
../Main_app/Src/cooler_left_app.c:117:27: warning: enumeration value 'CAN_FRAME_BMS_TEMP_7' not handled in switch [-Wswitch]
../Main_app/Src/cooler_left_app.c:117:27: warning: enumeration value 'CAN_FRAME_BMS_TEMP_8' not handled in switch [-Wswitch]
../Main_app/Src/cooler_left_app.c:117:27: warning: enumeration value 'CAN_FRAME_BMS_TEMP_9' not handled in switch [-Wswitch]
../Main_app/Src/cooler_left_app.c:117:27: warning: enumeration value 'CAN_FRAME_SET_SERVOS_ENGINE' not handled in switch [-Wswitch]
../Main_app/Src/cooler_left_app.c:117:27: warning: enumeration value 'CAN_FRAME_SAFE_STATE' not handled in switch [-Wswitch]
../Main_app/Src/cooler_left_app.c:117:27: warning: enumeration value 'CAN_FRAME_BATTERY_SET_FAN' not handled in switch [-Wswitch]
../Main_app/Src/cooler_left_app.c:117:27: warning: enumeration value 'CAN_FRAME_UNKNOWN' not handled in switch [-Wswitch]
arm-none-eabi-gcc -o "stm_f303k8_ioc.elf" @"objects.list"   -mcpu=cortex-m4 -T"E:\Pulpit\PCB\Plytki_chlodzenia_SOFTWARE\Cooling_left\stm_f303k8_ioc\STM32F303K8TX_FLASH.ld" --specs=nosys.specs -Wl,-Map="stm_f303k8_ioc.map" -Wl,--gc-sections -static --specs=nano.specs -mfpu=fpv4-sp-d16 -mfloat-abi=hard -mthumb -Wl,--start-group -lc -lm -Wl,--end-group
Finished building target: stm_f303k8_ioc.elf
 
arm-none-eabi-size  stm_f303k8_ioc.elf 
arm-none-eabi-objdump -h -S stm_f303k8_ioc.elf  > "stm_f303k8_ioc.list"
   text	   data	    bss	    dec	    hex	filename
  34852	     12	   5064	  39928	   9bf8	stm_f303k8_ioc.elf
Finished building: default.size.stdout
 
Finished building: stm_f303k8_ioc.list
 
19:48:23 **** Incremental Build of configuration Debug for project stm_f303k8_ioc ****
make -j16 all 
arm-none-eabi-gcc "../Main_app/Src/MY_LIB/MY_driver_fan.c" -mcpu=cortex-m4 -std=gnu11 -g3 -DDEBUG -DUSE_HAL_DRIVER -DSTM32F303x8 -c -I"E:/Pulpit/PCB/Plytki_chlodzenia_SOFTWARE/Cooling_left/stm_f303k8_ioc/Main_app/Inc/EKO_LIB" -I"E:/Pulpit/PCB/Plytki_chlodzenia_SOFTWARE/Cooling_left/stm_f303k8_ioc/Main_app/Inc/MY_LIB" -I"E:/Pulpit/PCB/Plytki_chlodzenia_SOFTWARE/Cooling_left/stm_f303k8_ioc/Main_app/Src/EKO_LIB" -I"E:/Pulpit/PCB/Plytki_chlodzenia_SOFTWARE/Cooling_left/stm_f303k8_ioc/Main_app/Src/MY_LIB" -I../Core/Inc -I../Drivers/STM32F3xx_HAL_Driver/Inc -I../Drivers/STM32F3xx_HAL_Driver/Inc/Legacy -I../Drivers/CMSIS/Device/ST/STM32F3xx/Include -I../Drivers/CMSIS/Include -I"E:/Pulpit/PCB/Plytki_chlodzenia_SOFTWARE/Cooling_left/stm_f303k8_ioc/Main_app/Inc" -I"E:/Pulpit/PCB/Plytki_chlodzenia_SOFTWARE/Cooling_left/stm_f303k8_ioc/Main_app/Src" -O0 -ffunction-sections -fdata-sections -Wall -fstack-usage -fcyclomatic-complexity -MMD -MP -MF"Main_app/Src/MY_LIB/MY_driver_fan.d" -MT"Main_app/Src/MY_LIB/MY_driver_fan.o" --specs=nano.specs -mfpu=fpv4-sp-d16 -mfloat-abi=hard -mthumb -o "Main_app/Src/MY_LIB/MY_driver_fan.o"
arm-none-eabi-gcc "../Main_app/Src/MY_LIB/MY_driver_i2c.c" -mcpu=cortex-m4 -std=gnu11 -g3 -DDEBUG -DUSE_HAL_DRIVER -DSTM32F303x8 -c -I"E:/Pulpit/PCB/Plytki_chlodzenia_SOFTWARE/Cooling_left/stm_f303k8_ioc/Main_app/Inc/EKO_LIB" -I"E:/Pulpit/PCB/Plytki_chlodzenia_SOFTWARE/Cooling_left/stm_f303k8_ioc/Main_app/Inc/MY_LIB" -I"E:/Pulpit/PCB/Plytki_chlodzenia_SOFTWARE/Cooling_left/stm_f303k8_ioc/Main_app/Src/EKO_LIB" -I"E:/Pulpit/PCB/Plytki_chlodzenia_SOFTWARE/Cooling_left/stm_f303k8_ioc/Main_app/Src/MY_LIB" -I../Core/Inc -I../Drivers/STM32F3xx_HAL_Driver/Inc -I../Drivers/STM32F3xx_HAL_Driver/Inc/Legacy -I../Drivers/CMSIS/Device/ST/STM32F3xx/Include -I../Drivers/CMSIS/Include -I"E:/Pulpit/PCB/Plytki_chlodzenia_SOFTWARE/Cooling_left/stm_f303k8_ioc/Main_app/Inc" -I"E:/Pulpit/PCB/Plytki_chlodzenia_SOFTWARE/Cooling_left/stm_f303k8_ioc/Main_app/Src" -O0 -ffunction-sections -fdata-sections -Wall -fstack-usage -fcyclomatic-complexity -MMD -MP -MF"Main_app/Src/MY_LIB/MY_driver_i2c.d" -MT"Main_app/Src/MY_LIB/MY_driver_i2c.o" --specs=nano.specs -mfpu=fpv4-sp-d16 -mfloat-abi=hard -mthumb -o "Main_app/Src/MY_LIB/MY_driver_i2c.o"
arm-none-eabi-gcc "../Main_app/Src/MY_LIB/MY_driver_serwo.c" -mcpu=cortex-m4 -std=gnu11 -g3 -DDEBUG -DUSE_HAL_DRIVER -DSTM32F303x8 -c -I"E:/Pulpit/PCB/Plytki_chlodzenia_SOFTWARE/Cooling_left/stm_f303k8_ioc/Main_app/Inc/EKO_LIB" -I"E:/Pulpit/PCB/Plytki_chlodzenia_SOFTWARE/Cooling_left/stm_f303k8_ioc/Main_app/Inc/MY_LIB" -I"E:/Pulpit/PCB/Plytki_chlodzenia_SOFTWARE/Cooling_left/stm_f303k8_ioc/Main_app/Src/EKO_LIB" -I"E:/Pulpit/PCB/Plytki_chlodzenia_SOFTWARE/Cooling_left/stm_f303k8_ioc/Main_app/Src/MY_LIB" -I../Core/Inc -I../Drivers/STM32F3xx_HAL_Driver/Inc -I../Drivers/STM32F3xx_HAL_Driver/Inc/Legacy -I../Drivers/CMSIS/Device/ST/STM32F3xx/Include -I../Drivers/CMSIS/Include -I"E:/Pulpit/PCB/Plytki_chlodzenia_SOFTWARE/Cooling_left/stm_f303k8_ioc/Main_app/Inc" -I"E:/Pulpit/PCB/Plytki_chlodzenia_SOFTWARE/Cooling_left/stm_f303k8_ioc/Main_app/Src" -O0 -ffunction-sections -fdata-sections -Wall -fstack-usage -fcyclomatic-complexity -MMD -MP -MF"Main_app/Src/MY_LIB/MY_driver_serwo.d" -MT"Main_app/Src/MY_LIB/MY_driver_serwo.o" --specs=nano.specs -mfpu=fpv4-sp-d16 -mfloat-abi=hard -mthumb -o "Main_app/Src/MY_LIB/MY_driver_serwo.o"
arm-none-eabi-gcc "../Main_app/Src/cooler_left_app.c" -mcpu=cortex-m4 -std=gnu11 -g3 -DDEBUG -DUSE_HAL_DRIVER -DSTM32F303x8 -c -I"E:/Pulpit/PCB/Plytki_chlodzenia_SOFTWARE/Cooling_left/stm_f303k8_ioc/Main_app/Inc/EKO_LIB" -I"E:/Pulpit/PCB/Plytki_chlodzenia_SOFTWARE/Cooling_left/stm_f303k8_ioc/Main_app/Inc/MY_LIB" -I"E:/Pulpit/PCB/Plytki_chlodzenia_SOFTWARE/Cooling_left/stm_f303k8_ioc/Main_app/Src/EKO_LIB" -I"E:/Pulpit/PCB/Plytki_chlodzenia_SOFTWARE/Cooling_left/stm_f303k8_ioc/Main_app/Src/MY_LIB" -I../Core/Inc -I../Drivers/STM32F3xx_HAL_Driver/Inc -I../Drivers/STM32F3xx_HAL_Driver/Inc/Legacy -I../Drivers/CMSIS/Device/ST/STM32F3xx/Include -I../Drivers/CMSIS/Include -I"E:/Pulpit/PCB/Plytki_chlodzenia_SOFTWARE/Cooling_left/stm_f303k8_ioc/Main_app/Inc" -I"E:/Pulpit/PCB/Plytki_chlodzenia_SOFTWARE/Cooling_left/stm_f303k8_ioc/Main_app/Src" -O0 -ffunction-sections -fdata-sections -Wall -fstack-usage -fcyclomatic-complexity -MMD -MP -MF"Main_app/Src/cooler_left_app.d" -MT"Main_app/Src/cooler_left_app.o" --specs=nano.specs -mfpu=fpv4-sp-d16 -mfloat-abi=hard -mthumb -o "Main_app/Src/cooler_left_app.o"
arm-none-eabi-gcc "../Main_app/Src/cooler_test.c" -mcpu=cortex-m4 -std=gnu11 -g3 -DDEBUG -DUSE_HAL_DRIVER -DSTM32F303x8 -c -I"E:/Pulpit/PCB/Plytki_chlodzenia_SOFTWARE/Cooling_left/stm_f303k8_ioc/Main_app/Inc/EKO_LIB" -I"E:/Pulpit/PCB/Plytki_chlodzenia_SOFTWARE/Cooling_left/stm_f303k8_ioc/Main_app/Inc/MY_LIB" -I"E:/Pulpit/PCB/Plytki_chlodzenia_SOFTWARE/Cooling_left/stm_f303k8_ioc/Main_app/Src/EKO_LIB" -I"E:/Pulpit/PCB/Plytki_chlodzenia_SOFTWARE/Cooling_left/stm_f303k8_ioc/Main_app/Src/MY_LIB" -I../Core/Inc -I../Drivers/STM32F3xx_HAL_Driver/Inc -I../Drivers/STM32F3xx_HAL_Driver/Inc/Legacy -I../Drivers/CMSIS/Device/ST/STM32F3xx/Include -I../Drivers/CMSIS/Include -I"E:/Pulpit/PCB/Plytki_chlodzenia_SOFTWARE/Cooling_left/stm_f303k8_ioc/Main_app/Inc" -I"E:/Pulpit/PCB/Plytki_chlodzenia_SOFTWARE/Cooling_left/stm_f303k8_ioc/Main_app/Src" -O0 -ffunction-sections -fdata-sections -Wall -fstack-usage -fcyclomatic-complexity -MMD -MP -MF"Main_app/Src/cooler_test.d" -MT"Main_app/Src/cooler_test.o" --specs=nano.specs -mfpu=fpv4-sp-d16 -mfloat-abi=hard -mthumb -o "Main_app/Src/cooler_test.o"
arm-none-eabi-gcc "../Core/Src/main.c" -mcpu=cortex-m4 -std=gnu11 -g3 -DDEBUG -DUSE_HAL_DRIVER -DSTM32F303x8 -c -I"E:/Pulpit/PCB/Plytki_chlodzenia_SOFTWARE/Cooling_left/stm_f303k8_ioc/Main_app/Inc/EKO_LIB" -I"E:/Pulpit/PCB/Plytki_chlodzenia_SOFTWARE/Cooling_left/stm_f303k8_ioc/Main_app/Inc" -I"E:/Pulpit/PCB/Plytki_chlodzenia_SOFTWARE/Cooling_left/stm_f303k8_ioc/Main_app/Src" -I"E:/Pulpit/PCB/Plytki_chlodzenia_SOFTWARE/Cooling_left/stm_f303k8_ioc/Main_app/Inc/MY_LIB" -I"E:/Pulpit/PCB/Plytki_chlodzenia_SOFTWARE/Cooling_left/stm_f303k8_ioc/Main_app/Src/EKO_LIB" -I"E:/Pulpit/PCB/Plytki_chlodzenia_SOFTWARE/Cooling_left/stm_f303k8_ioc/Main_app/Src/MY_LIB" -I../Core/Inc -I../Drivers/STM32F3xx_HAL_Driver/Inc -I../Drivers/STM32F3xx_HAL_Driver/Inc/Legacy -I../Drivers/CMSIS/Device/ST/STM32F3xx/Include -I../Drivers/CMSIS/Include -O0 -ffunction-sections -fdata-sections -Wall -fstack-usage -fcyclomatic-complexity -MMD -MP -MF"Core/Src/main.d" -MT"Core/Src/main.o" --specs=nano.specs -mfpu=fpv4-sp-d16 -mfloat-abi=hard -mthumb -o "Core/Src/main.o"
../Main_app/Src/MY_LIB/MY_driver_i2c.c: In function 'AM2320_StateMachine':
../Main_app/Src/MY_LIB/MY_driver_i2c.c:153:5: warning: enumeration value 'AM2320_IDLE' not handled in switch [-Wswitch]
  153 |     switch (am2320State)
      |     ^~~~~~
../Main_app/Src/cooler_left_app.c: In function 'COOLER_app':
../Main_app/Src/cooler_left_app.c:117:27: warning: enumeration value 'CAN_FRAME_BMS_TEMP_1' not handled in switch [-Wswitch]
  117 |                           switch(msg.name)
      |                           ^~~~~~
../Main_app/Src/cooler_left_app.c:117:27: warning: enumeration value 'CAN_FRAME_BMS_TEMP_2' not handled in switch [-Wswitch]
../Main_app/Src/cooler_left_app.c:117:27: warning: enumeration value 'CAN_FRAME_BMS_TEMP_3' not handled in switch [-Wswitch]
../Main_app/Src/cooler_left_app.c:117:27: warning: enumeration value 'CAN_FRAME_BMS_TEMP_4' not handled in switch [-Wswitch]
../Main_app/Src/cooler_left_app.c:117:27: warning: enumeration value 'CAN_FRAME_BMS_TEMP_5' not handled in switch [-Wswitch]
../Main_app/Src/cooler_left_app.c:117:27: warning: enumeration value 'CAN_FRAME_BMS_TEMP_6' not handled in switch [-Wswitch]
../Main_app/Src/cooler_left_app.c:117:27: warning: enumeration value 'CAN_FRAME_BMS_TEMP_7' not handled in switch [-Wswitch]
../Main_app/Src/cooler_left_app.c:117:27: warning: enumeration value 'CAN_FRAME_BMS_TEMP_8' not handled in switch [-Wswitch]
../Main_app/Src/cooler_left_app.c:117:27: warning: enumeration value 'CAN_FRAME_BMS_TEMP_9' not handled in switch [-Wswitch]
../Main_app/Src/cooler_left_app.c:117:27: warning: enumeration value 'CAN_FRAME_SET_SERVOS_ENGINE' not handled in switch [-Wswitch]
../Main_app/Src/cooler_left_app.c:117:27: warning: enumeration value 'CAN_FRAME_SAFE_STATE' not handled in switch [-Wswitch]
../Main_app/Src/cooler_left_app.c:117:27: warning: enumeration value 'CAN_FRAME_BATTERY_SET_FAN' not handled in switch [-Wswitch]
../Main_app/Src/cooler_left_app.c:117:27: warning: enumeration value 'CAN_FRAME_UNKNOWN' not handled in switch [-Wswitch]
arm-none-eabi-gcc -o "stm_f303k8_ioc.elf" @"objects.list"   -mcpu=cortex-m4 -T"E:\Pulpit\PCB\Plytki_chlodzenia_SOFTWARE\Cooling_left\stm_f303k8_ioc\STM32F303K8TX_FLASH.ld" --specs=nosys.specs -Wl,-Map="stm_f303k8_ioc.map" -Wl,--gc-sections -static --specs=nano.specs -mfpu=fpv4-sp-d16 -mfloat-abi=hard -mthumb -Wl,--start-group -lc -lm -Wl,--end-group
Finished building target: stm_f303k8_ioc.elf
 
arm-none-eabi-size  stm_f303k8_ioc.elf 
arm-none-eabi-objdump -h -S stm_f303k8_ioc.elf  > "stm_f303k8_ioc.list"
   text	   data	    bss	    dec	    hex	filename
  34852	     12	   5064	  39928	   9bf8	stm_f303k8_ioc.elf
Finished building: default.size.stdout
 
Finished building: stm_f303k8_ioc.list
 
19:48:54 **** Incremental Build of configuration Debug for project stm_f303k8_ioc ****
make -j16 all 
arm-none-eabi-gcc "../Main_app/Src/MY_LIB/MY_driver_fan.c" -mcpu=cortex-m4 -std=gnu11 -g3 -DDEBUG -DUSE_HAL_DRIVER -DSTM32F303x8 -c -I"E:/Pulpit/PCB/Plytki_chlodzenia_SOFTWARE/Cooling_left/stm_f303k8_ioc/Main_app/Inc/EKO_LIB" -I"E:/Pulpit/PCB/Plytki_chlodzenia_SOFTWARE/Cooling_left/stm_f303k8_ioc/Main_app/Inc/MY_LIB" -I"E:/Pulpit/PCB/Plytki_chlodzenia_SOFTWARE/Cooling_left/stm_f303k8_ioc/Main_app/Src/EKO_LIB" -I"E:/Pulpit/PCB/Plytki_chlodzenia_SOFTWARE/Cooling_left/stm_f303k8_ioc/Main_app/Src/MY_LIB" -I../Core/Inc -I../Drivers/STM32F3xx_HAL_Driver/Inc -I../Drivers/STM32F3xx_HAL_Driver/Inc/Legacy -I../Drivers/CMSIS/Device/ST/STM32F3xx/Include -I../Drivers/CMSIS/Include -I"E:/Pulpit/PCB/Plytki_chlodzenia_SOFTWARE/Cooling_left/stm_f303k8_ioc/Main_app/Inc" -I"E:/Pulpit/PCB/Plytki_chlodzenia_SOFTWARE/Cooling_left/stm_f303k8_ioc/Main_app/Src" -O0 -ffunction-sections -fdata-sections -Wall -fstack-usage -fcyclomatic-complexity -MMD -MP -MF"Main_app/Src/MY_LIB/MY_driver_fan.d" -MT"Main_app/Src/MY_LIB/MY_driver_fan.o" --specs=nano.specs -mfpu=fpv4-sp-d16 -mfloat-abi=hard -mthumb -o "Main_app/Src/MY_LIB/MY_driver_fan.o"
arm-none-eabi-gcc "../Main_app/Src/MY_LIB/MY_driver_i2c.c" -mcpu=cortex-m4 -std=gnu11 -g3 -DDEBUG -DUSE_HAL_DRIVER -DSTM32F303x8 -c -I"E:/Pulpit/PCB/Plytki_chlodzenia_SOFTWARE/Cooling_left/stm_f303k8_ioc/Main_app/Inc/EKO_LIB" -I"E:/Pulpit/PCB/Plytki_chlodzenia_SOFTWARE/Cooling_left/stm_f303k8_ioc/Main_app/Inc/MY_LIB" -I"E:/Pulpit/PCB/Plytki_chlodzenia_SOFTWARE/Cooling_left/stm_f303k8_ioc/Main_app/Src/EKO_LIB" -I"E:/Pulpit/PCB/Plytki_chlodzenia_SOFTWARE/Cooling_left/stm_f303k8_ioc/Main_app/Src/MY_LIB" -I../Core/Inc -I../Drivers/STM32F3xx_HAL_Driver/Inc -I../Drivers/STM32F3xx_HAL_Driver/Inc/Legacy -I../Drivers/CMSIS/Device/ST/STM32F3xx/Include -I../Drivers/CMSIS/Include -I"E:/Pulpit/PCB/Plytki_chlodzenia_SOFTWARE/Cooling_left/stm_f303k8_ioc/Main_app/Inc" -I"E:/Pulpit/PCB/Plytki_chlodzenia_SOFTWARE/Cooling_left/stm_f303k8_ioc/Main_app/Src" -O0 -ffunction-sections -fdata-sections -Wall -fstack-usage -fcyclomatic-complexity -MMD -MP -MF"Main_app/Src/MY_LIB/MY_driver_i2c.d" -MT"Main_app/Src/MY_LIB/MY_driver_i2c.o" --specs=nano.specs -mfpu=fpv4-sp-d16 -mfloat-abi=hard -mthumb -o "Main_app/Src/MY_LIB/MY_driver_i2c.o"
arm-none-eabi-gcc "../Main_app/Src/MY_LIB/MY_driver_serwo.c" -mcpu=cortex-m4 -std=gnu11 -g3 -DDEBUG -DUSE_HAL_DRIVER -DSTM32F303x8 -c -I"E:/Pulpit/PCB/Plytki_chlodzenia_SOFTWARE/Cooling_left/stm_f303k8_ioc/Main_app/Inc/EKO_LIB" -I"E:/Pulpit/PCB/Plytki_chlodzenia_SOFTWARE/Cooling_left/stm_f303k8_ioc/Main_app/Inc/MY_LIB" -I"E:/Pulpit/PCB/Plytki_chlodzenia_SOFTWARE/Cooling_left/stm_f303k8_ioc/Main_app/Src/EKO_LIB" -I"E:/Pulpit/PCB/Plytki_chlodzenia_SOFTWARE/Cooling_left/stm_f303k8_ioc/Main_app/Src/MY_LIB" -I../Core/Inc -I../Drivers/STM32F3xx_HAL_Driver/Inc -I../Drivers/STM32F3xx_HAL_Driver/Inc/Legacy -I../Drivers/CMSIS/Device/ST/STM32F3xx/Include -I../Drivers/CMSIS/Include -I"E:/Pulpit/PCB/Plytki_chlodzenia_SOFTWARE/Cooling_left/stm_f303k8_ioc/Main_app/Inc" -I"E:/Pulpit/PCB/Plytki_chlodzenia_SOFTWARE/Cooling_left/stm_f303k8_ioc/Main_app/Src" -O0 -ffunction-sections -fdata-sections -Wall -fstack-usage -fcyclomatic-complexity -MMD -MP -MF"Main_app/Src/MY_LIB/MY_driver_serwo.d" -MT"Main_app/Src/MY_LIB/MY_driver_serwo.o" --specs=nano.specs -mfpu=fpv4-sp-d16 -mfloat-abi=hard -mthumb -o "Main_app/Src/MY_LIB/MY_driver_serwo.o"
arm-none-eabi-gcc "../Main_app/Src/cooler_left_app.c" -mcpu=cortex-m4 -std=gnu11 -g3 -DDEBUG -DUSE_HAL_DRIVER -DSTM32F303x8 -c -I"E:/Pulpit/PCB/Plytki_chlodzenia_SOFTWARE/Cooling_left/stm_f303k8_ioc/Main_app/Inc/EKO_LIB" -I"E:/Pulpit/PCB/Plytki_chlodzenia_SOFTWARE/Cooling_left/stm_f303k8_ioc/Main_app/Inc/MY_LIB" -I"E:/Pulpit/PCB/Plytki_chlodzenia_SOFTWARE/Cooling_left/stm_f303k8_ioc/Main_app/Src/EKO_LIB" -I"E:/Pulpit/PCB/Plytki_chlodzenia_SOFTWARE/Cooling_left/stm_f303k8_ioc/Main_app/Src/MY_LIB" -I../Core/Inc -I../Drivers/STM32F3xx_HAL_Driver/Inc -I../Drivers/STM32F3xx_HAL_Driver/Inc/Legacy -I../Drivers/CMSIS/Device/ST/STM32F3xx/Include -I../Drivers/CMSIS/Include -I"E:/Pulpit/PCB/Plytki_chlodzenia_SOFTWARE/Cooling_left/stm_f303k8_ioc/Main_app/Inc" -I"E:/Pulpit/PCB/Plytki_chlodzenia_SOFTWARE/Cooling_left/stm_f303k8_ioc/Main_app/Src" -O0 -ffunction-sections -fdata-sections -Wall -fstack-usage -fcyclomatic-complexity -MMD -MP -MF"Main_app/Src/cooler_left_app.d" -MT"Main_app/Src/cooler_left_app.o" --specs=nano.specs -mfpu=fpv4-sp-d16 -mfloat-abi=hard -mthumb -o "Main_app/Src/cooler_left_app.o"
arm-none-eabi-gcc "../Main_app/Src/cooler_test.c" -mcpu=cortex-m4 -std=gnu11 -g3 -DDEBUG -DUSE_HAL_DRIVER -DSTM32F303x8 -c -I"E:/Pulpit/PCB/Plytki_chlodzenia_SOFTWARE/Cooling_left/stm_f303k8_ioc/Main_app/Inc/EKO_LIB" -I"E:/Pulpit/PCB/Plytki_chlodzenia_SOFTWARE/Cooling_left/stm_f303k8_ioc/Main_app/Inc/MY_LIB" -I"E:/Pulpit/PCB/Plytki_chlodzenia_SOFTWARE/Cooling_left/stm_f303k8_ioc/Main_app/Src/EKO_LIB" -I"E:/Pulpit/PCB/Plytki_chlodzenia_SOFTWARE/Cooling_left/stm_f303k8_ioc/Main_app/Src/MY_LIB" -I../Core/Inc -I../Drivers/STM32F3xx_HAL_Driver/Inc -I../Drivers/STM32F3xx_HAL_Driver/Inc/Legacy -I../Drivers/CMSIS/Device/ST/STM32F3xx/Include -I../Drivers/CMSIS/Include -I"E:/Pulpit/PCB/Plytki_chlodzenia_SOFTWARE/Cooling_left/stm_f303k8_ioc/Main_app/Inc" -I"E:/Pulpit/PCB/Plytki_chlodzenia_SOFTWARE/Cooling_left/stm_f303k8_ioc/Main_app/Src" -O0 -ffunction-sections -fdata-sections -Wall -fstack-usage -fcyclomatic-complexity -MMD -MP -MF"Main_app/Src/cooler_test.d" -MT"Main_app/Src/cooler_test.o" --specs=nano.specs -mfpu=fpv4-sp-d16 -mfloat-abi=hard -mthumb -o "Main_app/Src/cooler_test.o"
arm-none-eabi-gcc "../Core/Src/main.c" -mcpu=cortex-m4 -std=gnu11 -g3 -DDEBUG -DUSE_HAL_DRIVER -DSTM32F303x8 -c -I"E:/Pulpit/PCB/Plytki_chlodzenia_SOFTWARE/Cooling_left/stm_f303k8_ioc/Main_app/Inc/EKO_LIB" -I"E:/Pulpit/PCB/Plytki_chlodzenia_SOFTWARE/Cooling_left/stm_f303k8_ioc/Main_app/Inc" -I"E:/Pulpit/PCB/Plytki_chlodzenia_SOFTWARE/Cooling_left/stm_f303k8_ioc/Main_app/Src" -I"E:/Pulpit/PCB/Plytki_chlodzenia_SOFTWARE/Cooling_left/stm_f303k8_ioc/Main_app/Inc/MY_LIB" -I"E:/Pulpit/PCB/Plytki_chlodzenia_SOFTWARE/Cooling_left/stm_f303k8_ioc/Main_app/Src/EKO_LIB" -I"E:/Pulpit/PCB/Plytki_chlodzenia_SOFTWARE/Cooling_left/stm_f303k8_ioc/Main_app/Src/MY_LIB" -I../Core/Inc -I../Drivers/STM32F3xx_HAL_Driver/Inc -I../Drivers/STM32F3xx_HAL_Driver/Inc/Legacy -I../Drivers/CMSIS/Device/ST/STM32F3xx/Include -I../Drivers/CMSIS/Include -O0 -ffunction-sections -fdata-sections -Wall -fstack-usage -fcyclomatic-complexity -MMD -MP -MF"Core/Src/main.d" -MT"Core/Src/main.o" --specs=nano.specs -mfpu=fpv4-sp-d16 -mfloat-abi=hard -mthumb -o "Core/Src/main.o"
../Main_app/Src/MY_LIB/MY_driver_i2c.c: In function 'AM2320_StateMachine':
../Main_app/Src/MY_LIB/MY_driver_i2c.c:153:5: warning: enumeration value 'AM2320_IDLE' not handled in switch [-Wswitch]
  153 |     switch (am2320State)
      |     ^~~~~~
../Main_app/Src/cooler_left_app.c: In function 'COOLER_app':
../Main_app/Src/cooler_left_app.c:117:27: warning: enumeration value 'CAN_FRAME_BMS_TEMP_1' not handled in switch [-Wswitch]
  117 |                           switch(msg.name)
      |                           ^~~~~~
../Main_app/Src/cooler_left_app.c:117:27: warning: enumeration value 'CAN_FRAME_BMS_TEMP_2' not handled in switch [-Wswitch]
../Main_app/Src/cooler_left_app.c:117:27: warning: enumeration value 'CAN_FRAME_BMS_TEMP_3' not handled in switch [-Wswitch]
../Main_app/Src/cooler_left_app.c:117:27: warning: enumeration value 'CAN_FRAME_BMS_TEMP_4' not handled in switch [-Wswitch]
../Main_app/Src/cooler_left_app.c:117:27: warning: enumeration value 'CAN_FRAME_BMS_TEMP_5' not handled in switch [-Wswitch]
../Main_app/Src/cooler_left_app.c:117:27: warning: enumeration value 'CAN_FRAME_BMS_TEMP_6' not handled in switch [-Wswitch]
../Main_app/Src/cooler_left_app.c:117:27: warning: enumeration value 'CAN_FRAME_BMS_TEMP_7' not handled in switch [-Wswitch]
../Main_app/Src/cooler_left_app.c:117:27: warning: enumeration value 'CAN_FRAME_BMS_TEMP_8' not handled in switch [-Wswitch]
../Main_app/Src/cooler_left_app.c:117:27: warning: enumeration value 'CAN_FRAME_BMS_TEMP_9' not handled in switch [-Wswitch]
../Main_app/Src/cooler_left_app.c:117:27: warning: enumeration value 'CAN_FRAME_SET_SERVOS_ENGINE' not handled in switch [-Wswitch]
../Main_app/Src/cooler_left_app.c:117:27: warning: enumeration value 'CAN_FRAME_SAFE_STATE' not handled in switch [-Wswitch]
../Main_app/Src/cooler_left_app.c:117:27: warning: enumeration value 'CAN_FRAME_BATTERY_SET_FAN' not handled in switch [-Wswitch]
../Main_app/Src/cooler_left_app.c:117:27: warning: enumeration value 'CAN_FRAME_UNKNOWN' not handled in switch [-Wswitch]
arm-none-eabi-gcc -o "stm_f303k8_ioc.elf" @"objects.list"   -mcpu=cortex-m4 -T"E:\Pulpit\PCB\Plytki_chlodzenia_SOFTWARE\Cooling_left\stm_f303k8_ioc\STM32F303K8TX_FLASH.ld" --specs=nosys.specs -Wl,-Map="stm_f303k8_ioc.map" -Wl,--gc-sections -static --specs=nano.specs -mfpu=fpv4-sp-d16 -mfloat-abi=hard -mthumb -Wl,--start-group -lc -lm -Wl,--end-group
Finished building target: stm_f303k8_ioc.elf
 
arm-none-eabi-size  stm_f303k8_ioc.elf 
arm-none-eabi-objdump -h -S stm_f303k8_ioc.elf  > "stm_f303k8_ioc.list"
   text	   data	    bss	    dec	    hex	filename
  34852	     12	   5064	  39928	   9bf8	stm_f303k8_ioc.elf
Finished building: default.size.stdout
 
Finished building: stm_f303k8_ioc.list
 
19:52:03 **** Incremental Build of configuration Debug for project stm_f303k8_ioc ****
make -j16 all 
arm-none-eabi-gcc "../Main_app/Src/MY_LIB/MY_driver_fan.c" -mcpu=cortex-m4 -std=gnu11 -g3 -DDEBUG -DUSE_HAL_DRIVER -DSTM32F303x8 -c -I"E:/Pulpit/PCB/Plytki_chlodzenia_SOFTWARE/Cooling_left/stm_f303k8_ioc/Main_app/Inc/EKO_LIB" -I"E:/Pulpit/PCB/Plytki_chlodzenia_SOFTWARE/Cooling_left/stm_f303k8_ioc/Main_app/Inc/MY_LIB" -I"E:/Pulpit/PCB/Plytki_chlodzenia_SOFTWARE/Cooling_left/stm_f303k8_ioc/Main_app/Src/EKO_LIB" -I"E:/Pulpit/PCB/Plytki_chlodzenia_SOFTWARE/Cooling_left/stm_f303k8_ioc/Main_app/Src/MY_LIB" -I../Core/Inc -I../Drivers/STM32F3xx_HAL_Driver/Inc -I../Drivers/STM32F3xx_HAL_Driver/Inc/Legacy -I../Drivers/CMSIS/Device/ST/STM32F3xx/Include -I../Drivers/CMSIS/Include -I"E:/Pulpit/PCB/Plytki_chlodzenia_SOFTWARE/Cooling_left/stm_f303k8_ioc/Main_app/Inc" -I"E:/Pulpit/PCB/Plytki_chlodzenia_SOFTWARE/Cooling_left/stm_f303k8_ioc/Main_app/Src" -O0 -ffunction-sections -fdata-sections -Wall -fstack-usage -fcyclomatic-complexity -MMD -MP -MF"Main_app/Src/MY_LIB/MY_driver_fan.d" -MT"Main_app/Src/MY_LIB/MY_driver_fan.o" --specs=nano.specs -mfpu=fpv4-sp-d16 -mfloat-abi=hard -mthumb -o "Main_app/Src/MY_LIB/MY_driver_fan.o"
arm-none-eabi-gcc "../Main_app/Src/MY_LIB/MY_driver_i2c.c" -mcpu=cortex-m4 -std=gnu11 -g3 -DDEBUG -DUSE_HAL_DRIVER -DSTM32F303x8 -c -I"E:/Pulpit/PCB/Plytki_chlodzenia_SOFTWARE/Cooling_left/stm_f303k8_ioc/Main_app/Inc/EKO_LIB" -I"E:/Pulpit/PCB/Plytki_chlodzenia_SOFTWARE/Cooling_left/stm_f303k8_ioc/Main_app/Inc/MY_LIB" -I"E:/Pulpit/PCB/Plytki_chlodzenia_SOFTWARE/Cooling_left/stm_f303k8_ioc/Main_app/Src/EKO_LIB" -I"E:/Pulpit/PCB/Plytki_chlodzenia_SOFTWARE/Cooling_left/stm_f303k8_ioc/Main_app/Src/MY_LIB" -I../Core/Inc -I../Drivers/STM32F3xx_HAL_Driver/Inc -I../Drivers/STM32F3xx_HAL_Driver/Inc/Legacy -I../Drivers/CMSIS/Device/ST/STM32F3xx/Include -I../Drivers/CMSIS/Include -I"E:/Pulpit/PCB/Plytki_chlodzenia_SOFTWARE/Cooling_left/stm_f303k8_ioc/Main_app/Inc" -I"E:/Pulpit/PCB/Plytki_chlodzenia_SOFTWARE/Cooling_left/stm_f303k8_ioc/Main_app/Src" -O0 -ffunction-sections -fdata-sections -Wall -fstack-usage -fcyclomatic-complexity -MMD -MP -MF"Main_app/Src/MY_LIB/MY_driver_i2c.d" -MT"Main_app/Src/MY_LIB/MY_driver_i2c.o" --specs=nano.specs -mfpu=fpv4-sp-d16 -mfloat-abi=hard -mthumb -o "Main_app/Src/MY_LIB/MY_driver_i2c.o"
arm-none-eabi-gcc "../Main_app/Src/MY_LIB/MY_driver_serwo.c" -mcpu=cortex-m4 -std=gnu11 -g3 -DDEBUG -DUSE_HAL_DRIVER -DSTM32F303x8 -c -I"E:/Pulpit/PCB/Plytki_chlodzenia_SOFTWARE/Cooling_left/stm_f303k8_ioc/Main_app/Inc/EKO_LIB" -I"E:/Pulpit/PCB/Plytki_chlodzenia_SOFTWARE/Cooling_left/stm_f303k8_ioc/Main_app/Inc/MY_LIB" -I"E:/Pulpit/PCB/Plytki_chlodzenia_SOFTWARE/Cooling_left/stm_f303k8_ioc/Main_app/Src/EKO_LIB" -I"E:/Pulpit/PCB/Plytki_chlodzenia_SOFTWARE/Cooling_left/stm_f303k8_ioc/Main_app/Src/MY_LIB" -I../Core/Inc -I../Drivers/STM32F3xx_HAL_Driver/Inc -I../Drivers/STM32F3xx_HAL_Driver/Inc/Legacy -I../Drivers/CMSIS/Device/ST/STM32F3xx/Include -I../Drivers/CMSIS/Include -I"E:/Pulpit/PCB/Plytki_chlodzenia_SOFTWARE/Cooling_left/stm_f303k8_ioc/Main_app/Inc" -I"E:/Pulpit/PCB/Plytki_chlodzenia_SOFTWARE/Cooling_left/stm_f303k8_ioc/Main_app/Src" -O0 -ffunction-sections -fdata-sections -Wall -fstack-usage -fcyclomatic-complexity -MMD -MP -MF"Main_app/Src/MY_LIB/MY_driver_serwo.d" -MT"Main_app/Src/MY_LIB/MY_driver_serwo.o" --specs=nano.specs -mfpu=fpv4-sp-d16 -mfloat-abi=hard -mthumb -o "Main_app/Src/MY_LIB/MY_driver_serwo.o"
arm-none-eabi-gcc "../Main_app/Src/cooler_left_app.c" -mcpu=cortex-m4 -std=gnu11 -g3 -DDEBUG -DUSE_HAL_DRIVER -DSTM32F303x8 -c -I"E:/Pulpit/PCB/Plytki_chlodzenia_SOFTWARE/Cooling_left/stm_f303k8_ioc/Main_app/Inc/EKO_LIB" -I"E:/Pulpit/PCB/Plytki_chlodzenia_SOFTWARE/Cooling_left/stm_f303k8_ioc/Main_app/Inc/MY_LIB" -I"E:/Pulpit/PCB/Plytki_chlodzenia_SOFTWARE/Cooling_left/stm_f303k8_ioc/Main_app/Src/EKO_LIB" -I"E:/Pulpit/PCB/Plytki_chlodzenia_SOFTWARE/Cooling_left/stm_f303k8_ioc/Main_app/Src/MY_LIB" -I../Core/Inc -I../Drivers/STM32F3xx_HAL_Driver/Inc -I../Drivers/STM32F3xx_HAL_Driver/Inc/Legacy -I../Drivers/CMSIS/Device/ST/STM32F3xx/Include -I../Drivers/CMSIS/Include -I"E:/Pulpit/PCB/Plytki_chlodzenia_SOFTWARE/Cooling_left/stm_f303k8_ioc/Main_app/Inc" -I"E:/Pulpit/PCB/Plytki_chlodzenia_SOFTWARE/Cooling_left/stm_f303k8_ioc/Main_app/Src" -O0 -ffunction-sections -fdata-sections -Wall -fstack-usage -fcyclomatic-complexity -MMD -MP -MF"Main_app/Src/cooler_left_app.d" -MT"Main_app/Src/cooler_left_app.o" --specs=nano.specs -mfpu=fpv4-sp-d16 -mfloat-abi=hard -mthumb -o "Main_app/Src/cooler_left_app.o"
arm-none-eabi-gcc "../Main_app/Src/cooler_test.c" -mcpu=cortex-m4 -std=gnu11 -g3 -DDEBUG -DUSE_HAL_DRIVER -DSTM32F303x8 -c -I"E:/Pulpit/PCB/Plytki_chlodzenia_SOFTWARE/Cooling_left/stm_f303k8_ioc/Main_app/Inc/EKO_LIB" -I"E:/Pulpit/PCB/Plytki_chlodzenia_SOFTWARE/Cooling_left/stm_f303k8_ioc/Main_app/Inc/MY_LIB" -I"E:/Pulpit/PCB/Plytki_chlodzenia_SOFTWARE/Cooling_left/stm_f303k8_ioc/Main_app/Src/EKO_LIB" -I"E:/Pulpit/PCB/Plytki_chlodzenia_SOFTWARE/Cooling_left/stm_f303k8_ioc/Main_app/Src/MY_LIB" -I../Core/Inc -I../Drivers/STM32F3xx_HAL_Driver/Inc -I../Drivers/STM32F3xx_HAL_Driver/Inc/Legacy -I../Drivers/CMSIS/Device/ST/STM32F3xx/Include -I../Drivers/CMSIS/Include -I"E:/Pulpit/PCB/Plytki_chlodzenia_SOFTWARE/Cooling_left/stm_f303k8_ioc/Main_app/Inc" -I"E:/Pulpit/PCB/Plytki_chlodzenia_SOFTWARE/Cooling_left/stm_f303k8_ioc/Main_app/Src" -O0 -ffunction-sections -fdata-sections -Wall -fstack-usage -fcyclomatic-complexity -MMD -MP -MF"Main_app/Src/cooler_test.d" -MT"Main_app/Src/cooler_test.o" --specs=nano.specs -mfpu=fpv4-sp-d16 -mfloat-abi=hard -mthumb -o "Main_app/Src/cooler_test.o"
arm-none-eabi-gcc "../Core/Src/main.c" -mcpu=cortex-m4 -std=gnu11 -g3 -DDEBUG -DUSE_HAL_DRIVER -DSTM32F303x8 -c -I"E:/Pulpit/PCB/Plytki_chlodzenia_SOFTWARE/Cooling_left/stm_f303k8_ioc/Main_app/Inc/EKO_LIB" -I"E:/Pulpit/PCB/Plytki_chlodzenia_SOFTWARE/Cooling_left/stm_f303k8_ioc/Main_app/Inc" -I"E:/Pulpit/PCB/Plytki_chlodzenia_SOFTWARE/Cooling_left/stm_f303k8_ioc/Main_app/Src" -I"E:/Pulpit/PCB/Plytki_chlodzenia_SOFTWARE/Cooling_left/stm_f303k8_ioc/Main_app/Inc/MY_LIB" -I"E:/Pulpit/PCB/Plytki_chlodzenia_SOFTWARE/Cooling_left/stm_f303k8_ioc/Main_app/Src/EKO_LIB" -I"E:/Pulpit/PCB/Plytki_chlodzenia_SOFTWARE/Cooling_left/stm_f303k8_ioc/Main_app/Src/MY_LIB" -I../Core/Inc -I../Drivers/STM32F3xx_HAL_Driver/Inc -I../Drivers/STM32F3xx_HAL_Driver/Inc/Legacy -I../Drivers/CMSIS/Device/ST/STM32F3xx/Include -I../Drivers/CMSIS/Include -O0 -ffunction-sections -fdata-sections -Wall -fstack-usage -fcyclomatic-complexity -MMD -MP -MF"Core/Src/main.d" -MT"Core/Src/main.o" --specs=nano.specs -mfpu=fpv4-sp-d16 -mfloat-abi=hard -mthumb -o "Core/Src/main.o"
../Main_app/Src/MY_LIB/MY_driver_i2c.c: In function 'AM2320_StateMachine':
../Main_app/Src/MY_LIB/MY_driver_i2c.c:153:5: warning: enumeration value 'AM2320_IDLE' not handled in switch [-Wswitch]
  153 |     switch (am2320State)
      |     ^~~~~~
../Main_app/Src/cooler_left_app.c: In function 'COOLER_app':
../Main_app/Src/cooler_left_app.c:117:27: warning: enumeration value 'CAN_FRAME_BMS_TEMP_1' not handled in switch [-Wswitch]
  117 |                           switch(msg.name)
      |                           ^~~~~~
../Main_app/Src/cooler_left_app.c:117:27: warning: enumeration value 'CAN_FRAME_BMS_TEMP_2' not handled in switch [-Wswitch]
../Main_app/Src/cooler_left_app.c:117:27: warning: enumeration value 'CAN_FRAME_BMS_TEMP_3' not handled in switch [-Wswitch]
../Main_app/Src/cooler_left_app.c:117:27: warning: enumeration value 'CAN_FRAME_BMS_TEMP_4' not handled in switch [-Wswitch]
../Main_app/Src/cooler_left_app.c:117:27: warning: enumeration value 'CAN_FRAME_BMS_TEMP_5' not handled in switch [-Wswitch]
../Main_app/Src/cooler_left_app.c:117:27: warning: enumeration value 'CAN_FRAME_BMS_TEMP_6' not handled in switch [-Wswitch]
../Main_app/Src/cooler_left_app.c:117:27: warning: enumeration value 'CAN_FRAME_BMS_TEMP_7' not handled in switch [-Wswitch]
../Main_app/Src/cooler_left_app.c:117:27: warning: enumeration value 'CAN_FRAME_BMS_TEMP_8' not handled in switch [-Wswitch]
../Main_app/Src/cooler_left_app.c:117:27: warning: enumeration value 'CAN_FRAME_BMS_TEMP_9' not handled in switch [-Wswitch]
../Main_app/Src/cooler_left_app.c:117:27: warning: enumeration value 'CAN_FRAME_SET_SERVOS_ENGINE' not handled in switch [-Wswitch]
../Main_app/Src/cooler_left_app.c:117:27: warning: enumeration value 'CAN_FRAME_SAFE_STATE' not handled in switch [-Wswitch]
../Main_app/Src/cooler_left_app.c:117:27: warning: enumeration value 'CAN_FRAME_BATTERY_SET_FAN' not handled in switch [-Wswitch]
../Main_app/Src/cooler_left_app.c:117:27: warning: enumeration value 'CAN_FRAME_UNKNOWN' not handled in switch [-Wswitch]
arm-none-eabi-gcc -o "stm_f303k8_ioc.elf" @"objects.list"   -mcpu=cortex-m4 -T"E:\Pulpit\PCB\Plytki_chlodzenia_SOFTWARE\Cooling_left\stm_f303k8_ioc\STM32F303K8TX_FLASH.ld" --specs=nosys.specs -Wl,-Map="stm_f303k8_ioc.map" -Wl,--gc-sections -static --specs=nano.specs -mfpu=fpv4-sp-d16 -mfloat-abi=hard -mthumb -Wl,--start-group -lc -lm -Wl,--end-group
Finished building target: stm_f303k8_ioc.elf
 
arm-none-eabi-size  stm_f303k8_ioc.elf 
arm-none-eabi-objdump -h -S stm_f303k8_ioc.elf  > "stm_f303k8_ioc.list"
   text	   data	    bss	    dec	    hex	filename
  34852	     12	   5064	  39928	   9bf8	stm_f303k8_ioc.elf
Finished building: default.size.stdout
 
Finished building: stm_f303k8_ioc.list
 
19:52:24 **** Incremental Build of configuration Debug for project stm_f303k8_ioc ****
make -j16 all 
arm-none-eabi-gcc "../Main_app/Src/MY_LIB/MY_driver_fan.c" -mcpu=cortex-m4 -std=gnu11 -g3 -DDEBUG -DUSE_HAL_DRIVER -DSTM32F303x8 -c -I"E:/Pulpit/PCB/Plytki_chlodzenia_SOFTWARE/Cooling_left/stm_f303k8_ioc/Main_app/Inc/EKO_LIB" -I"E:/Pulpit/PCB/Plytki_chlodzenia_SOFTWARE/Cooling_left/stm_f303k8_ioc/Main_app/Inc/MY_LIB" -I"E:/Pulpit/PCB/Plytki_chlodzenia_SOFTWARE/Cooling_left/stm_f303k8_ioc/Main_app/Src/EKO_LIB" -I"E:/Pulpit/PCB/Plytki_chlodzenia_SOFTWARE/Cooling_left/stm_f303k8_ioc/Main_app/Src/MY_LIB" -I../Core/Inc -I../Drivers/STM32F3xx_HAL_Driver/Inc -I../Drivers/STM32F3xx_HAL_Driver/Inc/Legacy -I../Drivers/CMSIS/Device/ST/STM32F3xx/Include -I../Drivers/CMSIS/Include -I"E:/Pulpit/PCB/Plytki_chlodzenia_SOFTWARE/Cooling_left/stm_f303k8_ioc/Main_app/Inc" -I"E:/Pulpit/PCB/Plytki_chlodzenia_SOFTWARE/Cooling_left/stm_f303k8_ioc/Main_app/Src" -O0 -ffunction-sections -fdata-sections -Wall -fstack-usage -fcyclomatic-complexity -MMD -MP -MF"Main_app/Src/MY_LIB/MY_driver_fan.d" -MT"Main_app/Src/MY_LIB/MY_driver_fan.o" --specs=nano.specs -mfpu=fpv4-sp-d16 -mfloat-abi=hard -mthumb -o "Main_app/Src/MY_LIB/MY_driver_fan.o"
arm-none-eabi-gcc "../Main_app/Src/MY_LIB/MY_driver_i2c.c" -mcpu=cortex-m4 -std=gnu11 -g3 -DDEBUG -DUSE_HAL_DRIVER -DSTM32F303x8 -c -I"E:/Pulpit/PCB/Plytki_chlodzenia_SOFTWARE/Cooling_left/stm_f303k8_ioc/Main_app/Inc/EKO_LIB" -I"E:/Pulpit/PCB/Plytki_chlodzenia_SOFTWARE/Cooling_left/stm_f303k8_ioc/Main_app/Inc/MY_LIB" -I"E:/Pulpit/PCB/Plytki_chlodzenia_SOFTWARE/Cooling_left/stm_f303k8_ioc/Main_app/Src/EKO_LIB" -I"E:/Pulpit/PCB/Plytki_chlodzenia_SOFTWARE/Cooling_left/stm_f303k8_ioc/Main_app/Src/MY_LIB" -I../Core/Inc -I../Drivers/STM32F3xx_HAL_Driver/Inc -I../Drivers/STM32F3xx_HAL_Driver/Inc/Legacy -I../Drivers/CMSIS/Device/ST/STM32F3xx/Include -I../Drivers/CMSIS/Include -I"E:/Pulpit/PCB/Plytki_chlodzenia_SOFTWARE/Cooling_left/stm_f303k8_ioc/Main_app/Inc" -I"E:/Pulpit/PCB/Plytki_chlodzenia_SOFTWARE/Cooling_left/stm_f303k8_ioc/Main_app/Src" -O0 -ffunction-sections -fdata-sections -Wall -fstack-usage -fcyclomatic-complexity -MMD -MP -MF"Main_app/Src/MY_LIB/MY_driver_i2c.d" -MT"Main_app/Src/MY_LIB/MY_driver_i2c.o" --specs=nano.specs -mfpu=fpv4-sp-d16 -mfloat-abi=hard -mthumb -o "Main_app/Src/MY_LIB/MY_driver_i2c.o"
arm-none-eabi-gcc "../Main_app/Src/MY_LIB/MY_driver_serwo.c" -mcpu=cortex-m4 -std=gnu11 -g3 -DDEBUG -DUSE_HAL_DRIVER -DSTM32F303x8 -c -I"E:/Pulpit/PCB/Plytki_chlodzenia_SOFTWARE/Cooling_left/stm_f303k8_ioc/Main_app/Inc/EKO_LIB" -I"E:/Pulpit/PCB/Plytki_chlodzenia_SOFTWARE/Cooling_left/stm_f303k8_ioc/Main_app/Inc/MY_LIB" -I"E:/Pulpit/PCB/Plytki_chlodzenia_SOFTWARE/Cooling_left/stm_f303k8_ioc/Main_app/Src/EKO_LIB" -I"E:/Pulpit/PCB/Plytki_chlodzenia_SOFTWARE/Cooling_left/stm_f303k8_ioc/Main_app/Src/MY_LIB" -I../Core/Inc -I../Drivers/STM32F3xx_HAL_Driver/Inc -I../Drivers/STM32F3xx_HAL_Driver/Inc/Legacy -I../Drivers/CMSIS/Device/ST/STM32F3xx/Include -I../Drivers/CMSIS/Include -I"E:/Pulpit/PCB/Plytki_chlodzenia_SOFTWARE/Cooling_left/stm_f303k8_ioc/Main_app/Inc" -I"E:/Pulpit/PCB/Plytki_chlodzenia_SOFTWARE/Cooling_left/stm_f303k8_ioc/Main_app/Src" -O0 -ffunction-sections -fdata-sections -Wall -fstack-usage -fcyclomatic-complexity -MMD -MP -MF"Main_app/Src/MY_LIB/MY_driver_serwo.d" -MT"Main_app/Src/MY_LIB/MY_driver_serwo.o" --specs=nano.specs -mfpu=fpv4-sp-d16 -mfloat-abi=hard -mthumb -o "Main_app/Src/MY_LIB/MY_driver_serwo.o"
arm-none-eabi-gcc "../Main_app/Src/cooler_left_app.c" -mcpu=cortex-m4 -std=gnu11 -g3 -DDEBUG -DUSE_HAL_DRIVER -DSTM32F303x8 -c -I"E:/Pulpit/PCB/Plytki_chlodzenia_SOFTWARE/Cooling_left/stm_f303k8_ioc/Main_app/Inc/EKO_LIB" -I"E:/Pulpit/PCB/Plytki_chlodzenia_SOFTWARE/Cooling_left/stm_f303k8_ioc/Main_app/Inc/MY_LIB" -I"E:/Pulpit/PCB/Plytki_chlodzenia_SOFTWARE/Cooling_left/stm_f303k8_ioc/Main_app/Src/EKO_LIB" -I"E:/Pulpit/PCB/Plytki_chlodzenia_SOFTWARE/Cooling_left/stm_f303k8_ioc/Main_app/Src/MY_LIB" -I../Core/Inc -I../Drivers/STM32F3xx_HAL_Driver/Inc -I../Drivers/STM32F3xx_HAL_Driver/Inc/Legacy -I../Drivers/CMSIS/Device/ST/STM32F3xx/Include -I../Drivers/CMSIS/Include -I"E:/Pulpit/PCB/Plytki_chlodzenia_SOFTWARE/Cooling_left/stm_f303k8_ioc/Main_app/Inc" -I"E:/Pulpit/PCB/Plytki_chlodzenia_SOFTWARE/Cooling_left/stm_f303k8_ioc/Main_app/Src" -O0 -ffunction-sections -fdata-sections -Wall -fstack-usage -fcyclomatic-complexity -MMD -MP -MF"Main_app/Src/cooler_left_app.d" -MT"Main_app/Src/cooler_left_app.o" --specs=nano.specs -mfpu=fpv4-sp-d16 -mfloat-abi=hard -mthumb -o "Main_app/Src/cooler_left_app.o"
arm-none-eabi-gcc "../Main_app/Src/cooler_test.c" -mcpu=cortex-m4 -std=gnu11 -g3 -DDEBUG -DUSE_HAL_DRIVER -DSTM32F303x8 -c -I"E:/Pulpit/PCB/Plytki_chlodzenia_SOFTWARE/Cooling_left/stm_f303k8_ioc/Main_app/Inc/EKO_LIB" -I"E:/Pulpit/PCB/Plytki_chlodzenia_SOFTWARE/Cooling_left/stm_f303k8_ioc/Main_app/Inc/MY_LIB" -I"E:/Pulpit/PCB/Plytki_chlodzenia_SOFTWARE/Cooling_left/stm_f303k8_ioc/Main_app/Src/EKO_LIB" -I"E:/Pulpit/PCB/Plytki_chlodzenia_SOFTWARE/Cooling_left/stm_f303k8_ioc/Main_app/Src/MY_LIB" -I../Core/Inc -I../Drivers/STM32F3xx_HAL_Driver/Inc -I../Drivers/STM32F3xx_HAL_Driver/Inc/Legacy -I../Drivers/CMSIS/Device/ST/STM32F3xx/Include -I../Drivers/CMSIS/Include -I"E:/Pulpit/PCB/Plytki_chlodzenia_SOFTWARE/Cooling_left/stm_f303k8_ioc/Main_app/Inc" -I"E:/Pulpit/PCB/Plytki_chlodzenia_SOFTWARE/Cooling_left/stm_f303k8_ioc/Main_app/Src" -O0 -ffunction-sections -fdata-sections -Wall -fstack-usage -fcyclomatic-complexity -MMD -MP -MF"Main_app/Src/cooler_test.d" -MT"Main_app/Src/cooler_test.o" --specs=nano.specs -mfpu=fpv4-sp-d16 -mfloat-abi=hard -mthumb -o "Main_app/Src/cooler_test.o"
arm-none-eabi-gcc "../Core/Src/main.c" -mcpu=cortex-m4 -std=gnu11 -g3 -DDEBUG -DUSE_HAL_DRIVER -DSTM32F303x8 -c -I"E:/Pulpit/PCB/Plytki_chlodzenia_SOFTWARE/Cooling_left/stm_f303k8_ioc/Main_app/Inc/EKO_LIB" -I"E:/Pulpit/PCB/Plytki_chlodzenia_SOFTWARE/Cooling_left/stm_f303k8_ioc/Main_app/Inc" -I"E:/Pulpit/PCB/Plytki_chlodzenia_SOFTWARE/Cooling_left/stm_f303k8_ioc/Main_app/Src" -I"E:/Pulpit/PCB/Plytki_chlodzenia_SOFTWARE/Cooling_left/stm_f303k8_ioc/Main_app/Inc/MY_LIB" -I"E:/Pulpit/PCB/Plytki_chlodzenia_SOFTWARE/Cooling_left/stm_f303k8_ioc/Main_app/Src/EKO_LIB" -I"E:/Pulpit/PCB/Plytki_chlodzenia_SOFTWARE/Cooling_left/stm_f303k8_ioc/Main_app/Src/MY_LIB" -I../Core/Inc -I../Drivers/STM32F3xx_HAL_Driver/Inc -I../Drivers/STM32F3xx_HAL_Driver/Inc/Legacy -I../Drivers/CMSIS/Device/ST/STM32F3xx/Include -I../Drivers/CMSIS/Include -O0 -ffunction-sections -fdata-sections -Wall -fstack-usage -fcyclomatic-complexity -MMD -MP -MF"Core/Src/main.d" -MT"Core/Src/main.o" --specs=nano.specs -mfpu=fpv4-sp-d16 -mfloat-abi=hard -mthumb -o "Core/Src/main.o"
../Main_app/Src/MY_LIB/MY_driver_i2c.c: In function 'AM2320_StateMachine':
../Main_app/Src/MY_LIB/MY_driver_i2c.c:153:5: warning: enumeration value 'AM2320_IDLE' not handled in switch [-Wswitch]
  153 |     switch (am2320State)
      |     ^~~~~~
../Main_app/Src/cooler_left_app.c: In function 'COOLER_app':
../Main_app/Src/cooler_left_app.c:117:27: warning: enumeration value 'CAN_FRAME_BMS_TEMP_1' not handled in switch [-Wswitch]
  117 |                           switch(msg.name)
      |                           ^~~~~~
../Main_app/Src/cooler_left_app.c:117:27: warning: enumeration value 'CAN_FRAME_BMS_TEMP_2' not handled in switch [-Wswitch]
../Main_app/Src/cooler_left_app.c:117:27: warning: enumeration value 'CAN_FRAME_BMS_TEMP_3' not handled in switch [-Wswitch]
../Main_app/Src/cooler_left_app.c:117:27: warning: enumeration value 'CAN_FRAME_BMS_TEMP_4' not handled in switch [-Wswitch]
../Main_app/Src/cooler_left_app.c:117:27: warning: enumeration value 'CAN_FRAME_BMS_TEMP_5' not handled in switch [-Wswitch]
../Main_app/Src/cooler_left_app.c:117:27: warning: enumeration value 'CAN_FRAME_BMS_TEMP_6' not handled in switch [-Wswitch]
../Main_app/Src/cooler_left_app.c:117:27: warning: enumeration value 'CAN_FRAME_BMS_TEMP_7' not handled in switch [-Wswitch]
../Main_app/Src/cooler_left_app.c:117:27: warning: enumeration value 'CAN_FRAME_BMS_TEMP_8' not handled in switch [-Wswitch]
../Main_app/Src/cooler_left_app.c:117:27: warning: enumeration value 'CAN_FRAME_BMS_TEMP_9' not handled in switch [-Wswitch]
../Main_app/Src/cooler_left_app.c:117:27: warning: enumeration value 'CAN_FRAME_SET_SERVOS_ENGINE' not handled in switch [-Wswitch]
../Main_app/Src/cooler_left_app.c:117:27: warning: enumeration value 'CAN_FRAME_SAFE_STATE' not handled in switch [-Wswitch]
../Main_app/Src/cooler_left_app.c:117:27: warning: enumeration value 'CAN_FRAME_BATTERY_SET_FAN' not handled in switch [-Wswitch]
../Main_app/Src/cooler_left_app.c:117:27: warning: enumeration value 'CAN_FRAME_UNKNOWN' not handled in switch [-Wswitch]
arm-none-eabi-gcc -o "stm_f303k8_ioc.elf" @"objects.list"   -mcpu=cortex-m4 -T"E:\Pulpit\PCB\Plytki_chlodzenia_SOFTWARE\Cooling_left\stm_f303k8_ioc\STM32F303K8TX_FLASH.ld" --specs=nosys.specs -Wl,-Map="stm_f303k8_ioc.map" -Wl,--gc-sections -static --specs=nano.specs -mfpu=fpv4-sp-d16 -mfloat-abi=hard -mthumb -Wl,--start-group -lc -lm -Wl,--end-group
Finished building target: stm_f303k8_ioc.elf
 
arm-none-eabi-size  stm_f303k8_ioc.elf 
arm-none-eabi-objdump -h -S stm_f303k8_ioc.elf  > "stm_f303k8_ioc.list"
   text	   data	    bss	    dec	    hex	filename
  34852	     12	   5064	  39928	   9bf8	stm_f303k8_ioc.elf
Finished building: default.size.stdout
 
Finished building: stm_f303k8_ioc.list
 
19:52:43 **** Incremental Build of configuration Debug for project stm_f303k8_ioc ****
make -j16 all 
arm-none-eabi-gcc "../Main_app/Src/MY_LIB/MY_driver_fan.c" -mcpu=cortex-m4 -std=gnu11 -g3 -DDEBUG -DUSE_HAL_DRIVER -DSTM32F303x8 -c -I"E:/Pulpit/PCB/Plytki_chlodzenia_SOFTWARE/Cooling_left/stm_f303k8_ioc/Main_app/Inc/EKO_LIB" -I"E:/Pulpit/PCB/Plytki_chlodzenia_SOFTWARE/Cooling_left/stm_f303k8_ioc/Main_app/Inc/MY_LIB" -I"E:/Pulpit/PCB/Plytki_chlodzenia_SOFTWARE/Cooling_left/stm_f303k8_ioc/Main_app/Src/EKO_LIB" -I"E:/Pulpit/PCB/Plytki_chlodzenia_SOFTWARE/Cooling_left/stm_f303k8_ioc/Main_app/Src/MY_LIB" -I../Core/Inc -I../Drivers/STM32F3xx_HAL_Driver/Inc -I../Drivers/STM32F3xx_HAL_Driver/Inc/Legacy -I../Drivers/CMSIS/Device/ST/STM32F3xx/Include -I../Drivers/CMSIS/Include -I"E:/Pulpit/PCB/Plytki_chlodzenia_SOFTWARE/Cooling_left/stm_f303k8_ioc/Main_app/Inc" -I"E:/Pulpit/PCB/Plytki_chlodzenia_SOFTWARE/Cooling_left/stm_f303k8_ioc/Main_app/Src" -O0 -ffunction-sections -fdata-sections -Wall -fstack-usage -fcyclomatic-complexity -MMD -MP -MF"Main_app/Src/MY_LIB/MY_driver_fan.d" -MT"Main_app/Src/MY_LIB/MY_driver_fan.o" --specs=nano.specs -mfpu=fpv4-sp-d16 -mfloat-abi=hard -mthumb -o "Main_app/Src/MY_LIB/MY_driver_fan.o"
arm-none-eabi-gcc "../Main_app/Src/MY_LIB/MY_driver_i2c.c" -mcpu=cortex-m4 -std=gnu11 -g3 -DDEBUG -DUSE_HAL_DRIVER -DSTM32F303x8 -c -I"E:/Pulpit/PCB/Plytki_chlodzenia_SOFTWARE/Cooling_left/stm_f303k8_ioc/Main_app/Inc/EKO_LIB" -I"E:/Pulpit/PCB/Plytki_chlodzenia_SOFTWARE/Cooling_left/stm_f303k8_ioc/Main_app/Inc/MY_LIB" -I"E:/Pulpit/PCB/Plytki_chlodzenia_SOFTWARE/Cooling_left/stm_f303k8_ioc/Main_app/Src/EKO_LIB" -I"E:/Pulpit/PCB/Plytki_chlodzenia_SOFTWARE/Cooling_left/stm_f303k8_ioc/Main_app/Src/MY_LIB" -I../Core/Inc -I../Drivers/STM32F3xx_HAL_Driver/Inc -I../Drivers/STM32F3xx_HAL_Driver/Inc/Legacy -I../Drivers/CMSIS/Device/ST/STM32F3xx/Include -I../Drivers/CMSIS/Include -I"E:/Pulpit/PCB/Plytki_chlodzenia_SOFTWARE/Cooling_left/stm_f303k8_ioc/Main_app/Inc" -I"E:/Pulpit/PCB/Plytki_chlodzenia_SOFTWARE/Cooling_left/stm_f303k8_ioc/Main_app/Src" -O0 -ffunction-sections -fdata-sections -Wall -fstack-usage -fcyclomatic-complexity -MMD -MP -MF"Main_app/Src/MY_LIB/MY_driver_i2c.d" -MT"Main_app/Src/MY_LIB/MY_driver_i2c.o" --specs=nano.specs -mfpu=fpv4-sp-d16 -mfloat-abi=hard -mthumb -o "Main_app/Src/MY_LIB/MY_driver_i2c.o"
arm-none-eabi-gcc "../Main_app/Src/MY_LIB/MY_driver_serwo.c" -mcpu=cortex-m4 -std=gnu11 -g3 -DDEBUG -DUSE_HAL_DRIVER -DSTM32F303x8 -c -I"E:/Pulpit/PCB/Plytki_chlodzenia_SOFTWARE/Cooling_left/stm_f303k8_ioc/Main_app/Inc/EKO_LIB" -I"E:/Pulpit/PCB/Plytki_chlodzenia_SOFTWARE/Cooling_left/stm_f303k8_ioc/Main_app/Inc/MY_LIB" -I"E:/Pulpit/PCB/Plytki_chlodzenia_SOFTWARE/Cooling_left/stm_f303k8_ioc/Main_app/Src/EKO_LIB" -I"E:/Pulpit/PCB/Plytki_chlodzenia_SOFTWARE/Cooling_left/stm_f303k8_ioc/Main_app/Src/MY_LIB" -I../Core/Inc -I../Drivers/STM32F3xx_HAL_Driver/Inc -I../Drivers/STM32F3xx_HAL_Driver/Inc/Legacy -I../Drivers/CMSIS/Device/ST/STM32F3xx/Include -I../Drivers/CMSIS/Include -I"E:/Pulpit/PCB/Plytki_chlodzenia_SOFTWARE/Cooling_left/stm_f303k8_ioc/Main_app/Inc" -I"E:/Pulpit/PCB/Plytki_chlodzenia_SOFTWARE/Cooling_left/stm_f303k8_ioc/Main_app/Src" -O0 -ffunction-sections -fdata-sections -Wall -fstack-usage -fcyclomatic-complexity -MMD -MP -MF"Main_app/Src/MY_LIB/MY_driver_serwo.d" -MT"Main_app/Src/MY_LIB/MY_driver_serwo.o" --specs=nano.specs -mfpu=fpv4-sp-d16 -mfloat-abi=hard -mthumb -o "Main_app/Src/MY_LIB/MY_driver_serwo.o"
arm-none-eabi-gcc "../Main_app/Src/cooler_left_app.c" -mcpu=cortex-m4 -std=gnu11 -g3 -DDEBUG -DUSE_HAL_DRIVER -DSTM32F303x8 -c -I"E:/Pulpit/PCB/Plytki_chlodzenia_SOFTWARE/Cooling_left/stm_f303k8_ioc/Main_app/Inc/EKO_LIB" -I"E:/Pulpit/PCB/Plytki_chlodzenia_SOFTWARE/Cooling_left/stm_f303k8_ioc/Main_app/Inc/MY_LIB" -I"E:/Pulpit/PCB/Plytki_chlodzenia_SOFTWARE/Cooling_left/stm_f303k8_ioc/Main_app/Src/EKO_LIB" -I"E:/Pulpit/PCB/Plytki_chlodzenia_SOFTWARE/Cooling_left/stm_f303k8_ioc/Main_app/Src/MY_LIB" -I../Core/Inc -I../Drivers/STM32F3xx_HAL_Driver/Inc -I../Drivers/STM32F3xx_HAL_Driver/Inc/Legacy -I../Drivers/CMSIS/Device/ST/STM32F3xx/Include -I../Drivers/CMSIS/Include -I"E:/Pulpit/PCB/Plytki_chlodzenia_SOFTWARE/Cooling_left/stm_f303k8_ioc/Main_app/Inc" -I"E:/Pulpit/PCB/Plytki_chlodzenia_SOFTWARE/Cooling_left/stm_f303k8_ioc/Main_app/Src" -O0 -ffunction-sections -fdata-sections -Wall -fstack-usage -fcyclomatic-complexity -MMD -MP -MF"Main_app/Src/cooler_left_app.d" -MT"Main_app/Src/cooler_left_app.o" --specs=nano.specs -mfpu=fpv4-sp-d16 -mfloat-abi=hard -mthumb -o "Main_app/Src/cooler_left_app.o"
arm-none-eabi-gcc "../Main_app/Src/cooler_test.c" -mcpu=cortex-m4 -std=gnu11 -g3 -DDEBUG -DUSE_HAL_DRIVER -DSTM32F303x8 -c -I"E:/Pulpit/PCB/Plytki_chlodzenia_SOFTWARE/Cooling_left/stm_f303k8_ioc/Main_app/Inc/EKO_LIB" -I"E:/Pulpit/PCB/Plytki_chlodzenia_SOFTWARE/Cooling_left/stm_f303k8_ioc/Main_app/Inc/MY_LIB" -I"E:/Pulpit/PCB/Plytki_chlodzenia_SOFTWARE/Cooling_left/stm_f303k8_ioc/Main_app/Src/EKO_LIB" -I"E:/Pulpit/PCB/Plytki_chlodzenia_SOFTWARE/Cooling_left/stm_f303k8_ioc/Main_app/Src/MY_LIB" -I../Core/Inc -I../Drivers/STM32F3xx_HAL_Driver/Inc -I../Drivers/STM32F3xx_HAL_Driver/Inc/Legacy -I../Drivers/CMSIS/Device/ST/STM32F3xx/Include -I../Drivers/CMSIS/Include -I"E:/Pulpit/PCB/Plytki_chlodzenia_SOFTWARE/Cooling_left/stm_f303k8_ioc/Main_app/Inc" -I"E:/Pulpit/PCB/Plytki_chlodzenia_SOFTWARE/Cooling_left/stm_f303k8_ioc/Main_app/Src" -O0 -ffunction-sections -fdata-sections -Wall -fstack-usage -fcyclomatic-complexity -MMD -MP -MF"Main_app/Src/cooler_test.d" -MT"Main_app/Src/cooler_test.o" --specs=nano.specs -mfpu=fpv4-sp-d16 -mfloat-abi=hard -mthumb -o "Main_app/Src/cooler_test.o"
arm-none-eabi-gcc "../Core/Src/main.c" -mcpu=cortex-m4 -std=gnu11 -g3 -DDEBUG -DUSE_HAL_DRIVER -DSTM32F303x8 -c -I"E:/Pulpit/PCB/Plytki_chlodzenia_SOFTWARE/Cooling_left/stm_f303k8_ioc/Main_app/Inc/EKO_LIB" -I"E:/Pulpit/PCB/Plytki_chlodzenia_SOFTWARE/Cooling_left/stm_f303k8_ioc/Main_app/Inc" -I"E:/Pulpit/PCB/Plytki_chlodzenia_SOFTWARE/Cooling_left/stm_f303k8_ioc/Main_app/Src" -I"E:/Pulpit/PCB/Plytki_chlodzenia_SOFTWARE/Cooling_left/stm_f303k8_ioc/Main_app/Inc/MY_LIB" -I"E:/Pulpit/PCB/Plytki_chlodzenia_SOFTWARE/Cooling_left/stm_f303k8_ioc/Main_app/Src/EKO_LIB" -I"E:/Pulpit/PCB/Plytki_chlodzenia_SOFTWARE/Cooling_left/stm_f303k8_ioc/Main_app/Src/MY_LIB" -I../Core/Inc -I../Drivers/STM32F3xx_HAL_Driver/Inc -I../Drivers/STM32F3xx_HAL_Driver/Inc/Legacy -I../Drivers/CMSIS/Device/ST/STM32F3xx/Include -I../Drivers/CMSIS/Include -O0 -ffunction-sections -fdata-sections -Wall -fstack-usage -fcyclomatic-complexity -MMD -MP -MF"Core/Src/main.d" -MT"Core/Src/main.o" --specs=nano.specs -mfpu=fpv4-sp-d16 -mfloat-abi=hard -mthumb -o "Core/Src/main.o"
../Main_app/Src/MY_LIB/MY_driver_i2c.c: In function 'AM2320_StateMachine':
../Main_app/Src/MY_LIB/MY_driver_i2c.c:153:5: warning: enumeration value 'AM2320_IDLE' not handled in switch [-Wswitch]
  153 |     switch (am2320State)
      |     ^~~~~~
../Main_app/Src/cooler_left_app.c: In function 'COOLER_app':
../Main_app/Src/cooler_left_app.c:117:27: warning: enumeration value 'CAN_FRAME_BMS_TEMP_1' not handled in switch [-Wswitch]
  117 |                           switch(msg.name)
      |                           ^~~~~~
../Main_app/Src/cooler_left_app.c:117:27: warning: enumeration value 'CAN_FRAME_BMS_TEMP_2' not handled in switch [-Wswitch]
../Main_app/Src/cooler_left_app.c:117:27: warning: enumeration value 'CAN_FRAME_BMS_TEMP_3' not handled in switch [-Wswitch]
../Main_app/Src/cooler_left_app.c:117:27: warning: enumeration value 'CAN_FRAME_BMS_TEMP_4' not handled in switch [-Wswitch]
../Main_app/Src/cooler_left_app.c:117:27: warning: enumeration value 'CAN_FRAME_BMS_TEMP_5' not handled in switch [-Wswitch]
../Main_app/Src/cooler_left_app.c:117:27: warning: enumeration value 'CAN_FRAME_BMS_TEMP_6' not handled in switch [-Wswitch]
../Main_app/Src/cooler_left_app.c:117:27: warning: enumeration value 'CAN_FRAME_BMS_TEMP_7' not handled in switch [-Wswitch]
../Main_app/Src/cooler_left_app.c:117:27: warning: enumeration value 'CAN_FRAME_BMS_TEMP_8' not handled in switch [-Wswitch]
../Main_app/Src/cooler_left_app.c:117:27: warning: enumeration value 'CAN_FRAME_BMS_TEMP_9' not handled in switch [-Wswitch]
../Main_app/Src/cooler_left_app.c:117:27: warning: enumeration value 'CAN_FRAME_SET_SERVOS_ENGINE' not handled in switch [-Wswitch]
../Main_app/Src/cooler_left_app.c:117:27: warning: enumeration value 'CAN_FRAME_SAFE_STATE' not handled in switch [-Wswitch]
../Main_app/Src/cooler_left_app.c:117:27: warning: enumeration value 'CAN_FRAME_BATTERY_SET_FAN' not handled in switch [-Wswitch]
../Main_app/Src/cooler_left_app.c:117:27: warning: enumeration value 'CAN_FRAME_UNKNOWN' not handled in switch [-Wswitch]
arm-none-eabi-gcc -o "stm_f303k8_ioc.elf" @"objects.list"   -mcpu=cortex-m4 -T"E:\Pulpit\PCB\Plytki_chlodzenia_SOFTWARE\Cooling_left\stm_f303k8_ioc\STM32F303K8TX_FLASH.ld" --specs=nosys.specs -Wl,-Map="stm_f303k8_ioc.map" -Wl,--gc-sections -static --specs=nano.specs -mfpu=fpv4-sp-d16 -mfloat-abi=hard -mthumb -Wl,--start-group -lc -lm -Wl,--end-group
Finished building target: stm_f303k8_ioc.elf
 
arm-none-eabi-size  stm_f303k8_ioc.elf 
arm-none-eabi-objdump -h -S stm_f303k8_ioc.elf  > "stm_f303k8_ioc.list"
   text	   data	    bss	    dec	    hex	filename
  34852	     12	   5064	  39928	   9bf8	stm_f303k8_ioc.elf
Finished building: default.size.stdout
 
Finished building: stm_f303k8_ioc.list
 
19:53:41 **** Incremental Build of configuration Debug for project stm_f303k8_ioc ****
make -j16 all 
arm-none-eabi-gcc "../Main_app/Src/MY_LIB/MY_driver_fan.c" -mcpu=cortex-m4 -std=gnu11 -g3 -DDEBUG -DUSE_HAL_DRIVER -DSTM32F303x8 -c -I"E:/Pulpit/PCB/Plytki_chlodzenia_SOFTWARE/Cooling_left/stm_f303k8_ioc/Main_app/Inc/EKO_LIB" -I"E:/Pulpit/PCB/Plytki_chlodzenia_SOFTWARE/Cooling_left/stm_f303k8_ioc/Main_app/Inc/MY_LIB" -I"E:/Pulpit/PCB/Plytki_chlodzenia_SOFTWARE/Cooling_left/stm_f303k8_ioc/Main_app/Src/EKO_LIB" -I"E:/Pulpit/PCB/Plytki_chlodzenia_SOFTWARE/Cooling_left/stm_f303k8_ioc/Main_app/Src/MY_LIB" -I../Core/Inc -I../Drivers/STM32F3xx_HAL_Driver/Inc -I../Drivers/STM32F3xx_HAL_Driver/Inc/Legacy -I../Drivers/CMSIS/Device/ST/STM32F3xx/Include -I../Drivers/CMSIS/Include -I"E:/Pulpit/PCB/Plytki_chlodzenia_SOFTWARE/Cooling_left/stm_f303k8_ioc/Main_app/Inc" -I"E:/Pulpit/PCB/Plytki_chlodzenia_SOFTWARE/Cooling_left/stm_f303k8_ioc/Main_app/Src" -O0 -ffunction-sections -fdata-sections -Wall -fstack-usage -fcyclomatic-complexity -MMD -MP -MF"Main_app/Src/MY_LIB/MY_driver_fan.d" -MT"Main_app/Src/MY_LIB/MY_driver_fan.o" --specs=nano.specs -mfpu=fpv4-sp-d16 -mfloat-abi=hard -mthumb -o "Main_app/Src/MY_LIB/MY_driver_fan.o"
arm-none-eabi-gcc "../Main_app/Src/MY_LIB/MY_driver_i2c.c" -mcpu=cortex-m4 -std=gnu11 -g3 -DDEBUG -DUSE_HAL_DRIVER -DSTM32F303x8 -c -I"E:/Pulpit/PCB/Plytki_chlodzenia_SOFTWARE/Cooling_left/stm_f303k8_ioc/Main_app/Inc/EKO_LIB" -I"E:/Pulpit/PCB/Plytki_chlodzenia_SOFTWARE/Cooling_left/stm_f303k8_ioc/Main_app/Inc/MY_LIB" -I"E:/Pulpit/PCB/Plytki_chlodzenia_SOFTWARE/Cooling_left/stm_f303k8_ioc/Main_app/Src/EKO_LIB" -I"E:/Pulpit/PCB/Plytki_chlodzenia_SOFTWARE/Cooling_left/stm_f303k8_ioc/Main_app/Src/MY_LIB" -I../Core/Inc -I../Drivers/STM32F3xx_HAL_Driver/Inc -I../Drivers/STM32F3xx_HAL_Driver/Inc/Legacy -I../Drivers/CMSIS/Device/ST/STM32F3xx/Include -I../Drivers/CMSIS/Include -I"E:/Pulpit/PCB/Plytki_chlodzenia_SOFTWARE/Cooling_left/stm_f303k8_ioc/Main_app/Inc" -I"E:/Pulpit/PCB/Plytki_chlodzenia_SOFTWARE/Cooling_left/stm_f303k8_ioc/Main_app/Src" -O0 -ffunction-sections -fdata-sections -Wall -fstack-usage -fcyclomatic-complexity -MMD -MP -MF"Main_app/Src/MY_LIB/MY_driver_i2c.d" -MT"Main_app/Src/MY_LIB/MY_driver_i2c.o" --specs=nano.specs -mfpu=fpv4-sp-d16 -mfloat-abi=hard -mthumb -o "Main_app/Src/MY_LIB/MY_driver_i2c.o"
arm-none-eabi-gcc "../Main_app/Src/MY_LIB/MY_driver_serwo.c" -mcpu=cortex-m4 -std=gnu11 -g3 -DDEBUG -DUSE_HAL_DRIVER -DSTM32F303x8 -c -I"E:/Pulpit/PCB/Plytki_chlodzenia_SOFTWARE/Cooling_left/stm_f303k8_ioc/Main_app/Inc/EKO_LIB" -I"E:/Pulpit/PCB/Plytki_chlodzenia_SOFTWARE/Cooling_left/stm_f303k8_ioc/Main_app/Inc/MY_LIB" -I"E:/Pulpit/PCB/Plytki_chlodzenia_SOFTWARE/Cooling_left/stm_f303k8_ioc/Main_app/Src/EKO_LIB" -I"E:/Pulpit/PCB/Plytki_chlodzenia_SOFTWARE/Cooling_left/stm_f303k8_ioc/Main_app/Src/MY_LIB" -I../Core/Inc -I../Drivers/STM32F3xx_HAL_Driver/Inc -I../Drivers/STM32F3xx_HAL_Driver/Inc/Legacy -I../Drivers/CMSIS/Device/ST/STM32F3xx/Include -I../Drivers/CMSIS/Include -I"E:/Pulpit/PCB/Plytki_chlodzenia_SOFTWARE/Cooling_left/stm_f303k8_ioc/Main_app/Inc" -I"E:/Pulpit/PCB/Plytki_chlodzenia_SOFTWARE/Cooling_left/stm_f303k8_ioc/Main_app/Src" -O0 -ffunction-sections -fdata-sections -Wall -fstack-usage -fcyclomatic-complexity -MMD -MP -MF"Main_app/Src/MY_LIB/MY_driver_serwo.d" -MT"Main_app/Src/MY_LIB/MY_driver_serwo.o" --specs=nano.specs -mfpu=fpv4-sp-d16 -mfloat-abi=hard -mthumb -o "Main_app/Src/MY_LIB/MY_driver_serwo.o"
arm-none-eabi-gcc "../Main_app/Src/cooler_left_app.c" -mcpu=cortex-m4 -std=gnu11 -g3 -DDEBUG -DUSE_HAL_DRIVER -DSTM32F303x8 -c -I"E:/Pulpit/PCB/Plytki_chlodzenia_SOFTWARE/Cooling_left/stm_f303k8_ioc/Main_app/Inc/EKO_LIB" -I"E:/Pulpit/PCB/Plytki_chlodzenia_SOFTWARE/Cooling_left/stm_f303k8_ioc/Main_app/Inc/MY_LIB" -I"E:/Pulpit/PCB/Plytki_chlodzenia_SOFTWARE/Cooling_left/stm_f303k8_ioc/Main_app/Src/EKO_LIB" -I"E:/Pulpit/PCB/Plytki_chlodzenia_SOFTWARE/Cooling_left/stm_f303k8_ioc/Main_app/Src/MY_LIB" -I../Core/Inc -I../Drivers/STM32F3xx_HAL_Driver/Inc -I../Drivers/STM32F3xx_HAL_Driver/Inc/Legacy -I../Drivers/CMSIS/Device/ST/STM32F3xx/Include -I../Drivers/CMSIS/Include -I"E:/Pulpit/PCB/Plytki_chlodzenia_SOFTWARE/Cooling_left/stm_f303k8_ioc/Main_app/Inc" -I"E:/Pulpit/PCB/Plytki_chlodzenia_SOFTWARE/Cooling_left/stm_f303k8_ioc/Main_app/Src" -O0 -ffunction-sections -fdata-sections -Wall -fstack-usage -fcyclomatic-complexity -MMD -MP -MF"Main_app/Src/cooler_left_app.d" -MT"Main_app/Src/cooler_left_app.o" --specs=nano.specs -mfpu=fpv4-sp-d16 -mfloat-abi=hard -mthumb -o "Main_app/Src/cooler_left_app.o"
arm-none-eabi-gcc "../Main_app/Src/cooler_test.c" -mcpu=cortex-m4 -std=gnu11 -g3 -DDEBUG -DUSE_HAL_DRIVER -DSTM32F303x8 -c -I"E:/Pulpit/PCB/Plytki_chlodzenia_SOFTWARE/Cooling_left/stm_f303k8_ioc/Main_app/Inc/EKO_LIB" -I"E:/Pulpit/PCB/Plytki_chlodzenia_SOFTWARE/Cooling_left/stm_f303k8_ioc/Main_app/Inc/MY_LIB" -I"E:/Pulpit/PCB/Plytki_chlodzenia_SOFTWARE/Cooling_left/stm_f303k8_ioc/Main_app/Src/EKO_LIB" -I"E:/Pulpit/PCB/Plytki_chlodzenia_SOFTWARE/Cooling_left/stm_f303k8_ioc/Main_app/Src/MY_LIB" -I../Core/Inc -I../Drivers/STM32F3xx_HAL_Driver/Inc -I../Drivers/STM32F3xx_HAL_Driver/Inc/Legacy -I../Drivers/CMSIS/Device/ST/STM32F3xx/Include -I../Drivers/CMSIS/Include -I"E:/Pulpit/PCB/Plytki_chlodzenia_SOFTWARE/Cooling_left/stm_f303k8_ioc/Main_app/Inc" -I"E:/Pulpit/PCB/Plytki_chlodzenia_SOFTWARE/Cooling_left/stm_f303k8_ioc/Main_app/Src" -O0 -ffunction-sections -fdata-sections -Wall -fstack-usage -fcyclomatic-complexity -MMD -MP -MF"Main_app/Src/cooler_test.d" -MT"Main_app/Src/cooler_test.o" --specs=nano.specs -mfpu=fpv4-sp-d16 -mfloat-abi=hard -mthumb -o "Main_app/Src/cooler_test.o"
arm-none-eabi-gcc "../Core/Src/main.c" -mcpu=cortex-m4 -std=gnu11 -g3 -DDEBUG -DUSE_HAL_DRIVER -DSTM32F303x8 -c -I"E:/Pulpit/PCB/Plytki_chlodzenia_SOFTWARE/Cooling_left/stm_f303k8_ioc/Main_app/Inc/EKO_LIB" -I"E:/Pulpit/PCB/Plytki_chlodzenia_SOFTWARE/Cooling_left/stm_f303k8_ioc/Main_app/Inc" -I"E:/Pulpit/PCB/Plytki_chlodzenia_SOFTWARE/Cooling_left/stm_f303k8_ioc/Main_app/Src" -I"E:/Pulpit/PCB/Plytki_chlodzenia_SOFTWARE/Cooling_left/stm_f303k8_ioc/Main_app/Inc/MY_LIB" -I"E:/Pulpit/PCB/Plytki_chlodzenia_SOFTWARE/Cooling_left/stm_f303k8_ioc/Main_app/Src/EKO_LIB" -I"E:/Pulpit/PCB/Plytki_chlodzenia_SOFTWARE/Cooling_left/stm_f303k8_ioc/Main_app/Src/MY_LIB" -I../Core/Inc -I../Drivers/STM32F3xx_HAL_Driver/Inc -I../Drivers/STM32F3xx_HAL_Driver/Inc/Legacy -I../Drivers/CMSIS/Device/ST/STM32F3xx/Include -I../Drivers/CMSIS/Include -O0 -ffunction-sections -fdata-sections -Wall -fstack-usage -fcyclomatic-complexity -MMD -MP -MF"Core/Src/main.d" -MT"Core/Src/main.o" --specs=nano.specs -mfpu=fpv4-sp-d16 -mfloat-abi=hard -mthumb -o "Core/Src/main.o"
../Main_app/Src/MY_LIB/MY_driver_i2c.c: In function 'AM2320_StateMachine':
../Main_app/Src/MY_LIB/MY_driver_i2c.c:153:5: warning: enumeration value 'AM2320_IDLE' not handled in switch [-Wswitch]
  153 |     switch (am2320State)
      |     ^~~~~~
../Main_app/Src/cooler_left_app.c: In function 'COOLER_app':
../Main_app/Src/cooler_left_app.c:117:27: warning: enumeration value 'CAN_FRAME_BMS_TEMP_1' not handled in switch [-Wswitch]
  117 |                           switch(msg.name)
      |                           ^~~~~~
../Main_app/Src/cooler_left_app.c:117:27: warning: enumeration value 'CAN_FRAME_BMS_TEMP_2' not handled in switch [-Wswitch]
../Main_app/Src/cooler_left_app.c:117:27: warning: enumeration value 'CAN_FRAME_BMS_TEMP_3' not handled in switch [-Wswitch]
../Main_app/Src/cooler_left_app.c:117:27: warning: enumeration value 'CAN_FRAME_BMS_TEMP_4' not handled in switch [-Wswitch]
../Main_app/Src/cooler_left_app.c:117:27: warning: enumeration value 'CAN_FRAME_BMS_TEMP_5' not handled in switch [-Wswitch]
../Main_app/Src/cooler_left_app.c:117:27: warning: enumeration value 'CAN_FRAME_BMS_TEMP_6' not handled in switch [-Wswitch]
../Main_app/Src/cooler_left_app.c:117:27: warning: enumeration value 'CAN_FRAME_BMS_TEMP_7' not handled in switch [-Wswitch]
../Main_app/Src/cooler_left_app.c:117:27: warning: enumeration value 'CAN_FRAME_BMS_TEMP_8' not handled in switch [-Wswitch]
../Main_app/Src/cooler_left_app.c:117:27: warning: enumeration value 'CAN_FRAME_BMS_TEMP_9' not handled in switch [-Wswitch]
../Main_app/Src/cooler_left_app.c:117:27: warning: enumeration value 'CAN_FRAME_SET_SERVOS_ENGINE' not handled in switch [-Wswitch]
../Main_app/Src/cooler_left_app.c:117:27: warning: enumeration value 'CAN_FRAME_SAFE_STATE' not handled in switch [-Wswitch]
../Main_app/Src/cooler_left_app.c:117:27: warning: enumeration value 'CAN_FRAME_BATTERY_SET_FAN' not handled in switch [-Wswitch]
../Main_app/Src/cooler_left_app.c:117:27: warning: enumeration value 'CAN_FRAME_UNKNOWN' not handled in switch [-Wswitch]
arm-none-eabi-gcc -o "stm_f303k8_ioc.elf" @"objects.list"   -mcpu=cortex-m4 -T"E:\Pulpit\PCB\Plytki_chlodzenia_SOFTWARE\Cooling_left\stm_f303k8_ioc\STM32F303K8TX_FLASH.ld" --specs=nosys.specs -Wl,-Map="stm_f303k8_ioc.map" -Wl,--gc-sections -static --specs=nano.specs -mfpu=fpv4-sp-d16 -mfloat-abi=hard -mthumb -Wl,--start-group -lc -lm -Wl,--end-group
Finished building target: stm_f303k8_ioc.elf
 
arm-none-eabi-size  stm_f303k8_ioc.elf 
arm-none-eabi-objdump -h -S stm_f303k8_ioc.elf  > "stm_f303k8_ioc.list"
   text	   data	    bss	    dec	    hex	filename
  34852	     12	   5064	  39928	   9bf8	stm_f303k8_ioc.elf
Finished building: default.size.stdout
 
Finished building: stm_f303k8_ioc.list
 
19:54:20 **** Incremental Build of configuration Debug for project stm_f303k8_ioc ****
make -j16 all 
arm-none-eabi-gcc "../Main_app/Src/MY_LIB/MY_driver_fan.c" -mcpu=cortex-m4 -std=gnu11 -g3 -DDEBUG -DUSE_HAL_DRIVER -DSTM32F303x8 -c -I"E:/Pulpit/PCB/Plytki_chlodzenia_SOFTWARE/Cooling_left/stm_f303k8_ioc/Main_app/Inc/EKO_LIB" -I"E:/Pulpit/PCB/Plytki_chlodzenia_SOFTWARE/Cooling_left/stm_f303k8_ioc/Main_app/Inc/MY_LIB" -I"E:/Pulpit/PCB/Plytki_chlodzenia_SOFTWARE/Cooling_left/stm_f303k8_ioc/Main_app/Src/EKO_LIB" -I"E:/Pulpit/PCB/Plytki_chlodzenia_SOFTWARE/Cooling_left/stm_f303k8_ioc/Main_app/Src/MY_LIB" -I../Core/Inc -I../Drivers/STM32F3xx_HAL_Driver/Inc -I../Drivers/STM32F3xx_HAL_Driver/Inc/Legacy -I../Drivers/CMSIS/Device/ST/STM32F3xx/Include -I../Drivers/CMSIS/Include -I"E:/Pulpit/PCB/Plytki_chlodzenia_SOFTWARE/Cooling_left/stm_f303k8_ioc/Main_app/Inc" -I"E:/Pulpit/PCB/Plytki_chlodzenia_SOFTWARE/Cooling_left/stm_f303k8_ioc/Main_app/Src" -O0 -ffunction-sections -fdata-sections -Wall -fstack-usage -fcyclomatic-complexity -MMD -MP -MF"Main_app/Src/MY_LIB/MY_driver_fan.d" -MT"Main_app/Src/MY_LIB/MY_driver_fan.o" --specs=nano.specs -mfpu=fpv4-sp-d16 -mfloat-abi=hard -mthumb -o "Main_app/Src/MY_LIB/MY_driver_fan.o"
arm-none-eabi-gcc "../Main_app/Src/MY_LIB/MY_driver_i2c.c" -mcpu=cortex-m4 -std=gnu11 -g3 -DDEBUG -DUSE_HAL_DRIVER -DSTM32F303x8 -c -I"E:/Pulpit/PCB/Plytki_chlodzenia_SOFTWARE/Cooling_left/stm_f303k8_ioc/Main_app/Inc/EKO_LIB" -I"E:/Pulpit/PCB/Plytki_chlodzenia_SOFTWARE/Cooling_left/stm_f303k8_ioc/Main_app/Inc/MY_LIB" -I"E:/Pulpit/PCB/Plytki_chlodzenia_SOFTWARE/Cooling_left/stm_f303k8_ioc/Main_app/Src/EKO_LIB" -I"E:/Pulpit/PCB/Plytki_chlodzenia_SOFTWARE/Cooling_left/stm_f303k8_ioc/Main_app/Src/MY_LIB" -I../Core/Inc -I../Drivers/STM32F3xx_HAL_Driver/Inc -I../Drivers/STM32F3xx_HAL_Driver/Inc/Legacy -I../Drivers/CMSIS/Device/ST/STM32F3xx/Include -I../Drivers/CMSIS/Include -I"E:/Pulpit/PCB/Plytki_chlodzenia_SOFTWARE/Cooling_left/stm_f303k8_ioc/Main_app/Inc" -I"E:/Pulpit/PCB/Plytki_chlodzenia_SOFTWARE/Cooling_left/stm_f303k8_ioc/Main_app/Src" -O0 -ffunction-sections -fdata-sections -Wall -fstack-usage -fcyclomatic-complexity -MMD -MP -MF"Main_app/Src/MY_LIB/MY_driver_i2c.d" -MT"Main_app/Src/MY_LIB/MY_driver_i2c.o" --specs=nano.specs -mfpu=fpv4-sp-d16 -mfloat-abi=hard -mthumb -o "Main_app/Src/MY_LIB/MY_driver_i2c.o"
arm-none-eabi-gcc "../Main_app/Src/MY_LIB/MY_driver_serwo.c" -mcpu=cortex-m4 -std=gnu11 -g3 -DDEBUG -DUSE_HAL_DRIVER -DSTM32F303x8 -c -I"E:/Pulpit/PCB/Plytki_chlodzenia_SOFTWARE/Cooling_left/stm_f303k8_ioc/Main_app/Inc/EKO_LIB" -I"E:/Pulpit/PCB/Plytki_chlodzenia_SOFTWARE/Cooling_left/stm_f303k8_ioc/Main_app/Inc/MY_LIB" -I"E:/Pulpit/PCB/Plytki_chlodzenia_SOFTWARE/Cooling_left/stm_f303k8_ioc/Main_app/Src/EKO_LIB" -I"E:/Pulpit/PCB/Plytki_chlodzenia_SOFTWARE/Cooling_left/stm_f303k8_ioc/Main_app/Src/MY_LIB" -I../Core/Inc -I../Drivers/STM32F3xx_HAL_Driver/Inc -I../Drivers/STM32F3xx_HAL_Driver/Inc/Legacy -I../Drivers/CMSIS/Device/ST/STM32F3xx/Include -I../Drivers/CMSIS/Include -I"E:/Pulpit/PCB/Plytki_chlodzenia_SOFTWARE/Cooling_left/stm_f303k8_ioc/Main_app/Inc" -I"E:/Pulpit/PCB/Plytki_chlodzenia_SOFTWARE/Cooling_left/stm_f303k8_ioc/Main_app/Src" -O0 -ffunction-sections -fdata-sections -Wall -fstack-usage -fcyclomatic-complexity -MMD -MP -MF"Main_app/Src/MY_LIB/MY_driver_serwo.d" -MT"Main_app/Src/MY_LIB/MY_driver_serwo.o" --specs=nano.specs -mfpu=fpv4-sp-d16 -mfloat-abi=hard -mthumb -o "Main_app/Src/MY_LIB/MY_driver_serwo.o"
arm-none-eabi-gcc "../Main_app/Src/cooler_left_app.c" -mcpu=cortex-m4 -std=gnu11 -g3 -DDEBUG -DUSE_HAL_DRIVER -DSTM32F303x8 -c -I"E:/Pulpit/PCB/Plytki_chlodzenia_SOFTWARE/Cooling_left/stm_f303k8_ioc/Main_app/Inc/EKO_LIB" -I"E:/Pulpit/PCB/Plytki_chlodzenia_SOFTWARE/Cooling_left/stm_f303k8_ioc/Main_app/Inc/MY_LIB" -I"E:/Pulpit/PCB/Plytki_chlodzenia_SOFTWARE/Cooling_left/stm_f303k8_ioc/Main_app/Src/EKO_LIB" -I"E:/Pulpit/PCB/Plytki_chlodzenia_SOFTWARE/Cooling_left/stm_f303k8_ioc/Main_app/Src/MY_LIB" -I../Core/Inc -I../Drivers/STM32F3xx_HAL_Driver/Inc -I../Drivers/STM32F3xx_HAL_Driver/Inc/Legacy -I../Drivers/CMSIS/Device/ST/STM32F3xx/Include -I../Drivers/CMSIS/Include -I"E:/Pulpit/PCB/Plytki_chlodzenia_SOFTWARE/Cooling_left/stm_f303k8_ioc/Main_app/Inc" -I"E:/Pulpit/PCB/Plytki_chlodzenia_SOFTWARE/Cooling_left/stm_f303k8_ioc/Main_app/Src" -O0 -ffunction-sections -fdata-sections -Wall -fstack-usage -fcyclomatic-complexity -MMD -MP -MF"Main_app/Src/cooler_left_app.d" -MT"Main_app/Src/cooler_left_app.o" --specs=nano.specs -mfpu=fpv4-sp-d16 -mfloat-abi=hard -mthumb -o "Main_app/Src/cooler_left_app.o"
arm-none-eabi-gcc "../Main_app/Src/cooler_test.c" -mcpu=cortex-m4 -std=gnu11 -g3 -DDEBUG -DUSE_HAL_DRIVER -DSTM32F303x8 -c -I"E:/Pulpit/PCB/Plytki_chlodzenia_SOFTWARE/Cooling_left/stm_f303k8_ioc/Main_app/Inc/EKO_LIB" -I"E:/Pulpit/PCB/Plytki_chlodzenia_SOFTWARE/Cooling_left/stm_f303k8_ioc/Main_app/Inc/MY_LIB" -I"E:/Pulpit/PCB/Plytki_chlodzenia_SOFTWARE/Cooling_left/stm_f303k8_ioc/Main_app/Src/EKO_LIB" -I"E:/Pulpit/PCB/Plytki_chlodzenia_SOFTWARE/Cooling_left/stm_f303k8_ioc/Main_app/Src/MY_LIB" -I../Core/Inc -I../Drivers/STM32F3xx_HAL_Driver/Inc -I../Drivers/STM32F3xx_HAL_Driver/Inc/Legacy -I../Drivers/CMSIS/Device/ST/STM32F3xx/Include -I../Drivers/CMSIS/Include -I"E:/Pulpit/PCB/Plytki_chlodzenia_SOFTWARE/Cooling_left/stm_f303k8_ioc/Main_app/Inc" -I"E:/Pulpit/PCB/Plytki_chlodzenia_SOFTWARE/Cooling_left/stm_f303k8_ioc/Main_app/Src" -O0 -ffunction-sections -fdata-sections -Wall -fstack-usage -fcyclomatic-complexity -MMD -MP -MF"Main_app/Src/cooler_test.d" -MT"Main_app/Src/cooler_test.o" --specs=nano.specs -mfpu=fpv4-sp-d16 -mfloat-abi=hard -mthumb -o "Main_app/Src/cooler_test.o"
arm-none-eabi-gcc "../Core/Src/main.c" -mcpu=cortex-m4 -std=gnu11 -g3 -DDEBUG -DUSE_HAL_DRIVER -DSTM32F303x8 -c -I"E:/Pulpit/PCB/Plytki_chlodzenia_SOFTWARE/Cooling_left/stm_f303k8_ioc/Main_app/Inc/EKO_LIB" -I"E:/Pulpit/PCB/Plytki_chlodzenia_SOFTWARE/Cooling_left/stm_f303k8_ioc/Main_app/Inc" -I"E:/Pulpit/PCB/Plytki_chlodzenia_SOFTWARE/Cooling_left/stm_f303k8_ioc/Main_app/Src" -I"E:/Pulpit/PCB/Plytki_chlodzenia_SOFTWARE/Cooling_left/stm_f303k8_ioc/Main_app/Inc/MY_LIB" -I"E:/Pulpit/PCB/Plytki_chlodzenia_SOFTWARE/Cooling_left/stm_f303k8_ioc/Main_app/Src/EKO_LIB" -I"E:/Pulpit/PCB/Plytki_chlodzenia_SOFTWARE/Cooling_left/stm_f303k8_ioc/Main_app/Src/MY_LIB" -I../Core/Inc -I../Drivers/STM32F3xx_HAL_Driver/Inc -I../Drivers/STM32F3xx_HAL_Driver/Inc/Legacy -I../Drivers/CMSIS/Device/ST/STM32F3xx/Include -I../Drivers/CMSIS/Include -O0 -ffunction-sections -fdata-sections -Wall -fstack-usage -fcyclomatic-complexity -MMD -MP -MF"Core/Src/main.d" -MT"Core/Src/main.o" --specs=nano.specs -mfpu=fpv4-sp-d16 -mfloat-abi=hard -mthumb -o "Core/Src/main.o"
../Main_app/Src/MY_LIB/MY_driver_i2c.c: In function 'AM2320_StateMachine':
../Main_app/Src/MY_LIB/MY_driver_i2c.c:153:5: warning: enumeration value 'AM2320_IDLE' not handled in switch [-Wswitch]
  153 |     switch (am2320State)
      |     ^~~~~~
../Main_app/Src/cooler_left_app.c: In function 'COOLER_app':
../Main_app/Src/cooler_left_app.c:117:27: warning: enumeration value 'CAN_FRAME_BMS_TEMP_1' not handled in switch [-Wswitch]
  117 |                           switch(msg.name)
      |                           ^~~~~~
../Main_app/Src/cooler_left_app.c:117:27: warning: enumeration value 'CAN_FRAME_BMS_TEMP_2' not handled in switch [-Wswitch]
../Main_app/Src/cooler_left_app.c:117:27: warning: enumeration value 'CAN_FRAME_BMS_TEMP_3' not handled in switch [-Wswitch]
../Main_app/Src/cooler_left_app.c:117:27: warning: enumeration value 'CAN_FRAME_BMS_TEMP_4' not handled in switch [-Wswitch]
../Main_app/Src/cooler_left_app.c:117:27: warning: enumeration value 'CAN_FRAME_BMS_TEMP_5' not handled in switch [-Wswitch]
../Main_app/Src/cooler_left_app.c:117:27: warning: enumeration value 'CAN_FRAME_BMS_TEMP_6' not handled in switch [-Wswitch]
../Main_app/Src/cooler_left_app.c:117:27: warning: enumeration value 'CAN_FRAME_BMS_TEMP_7' not handled in switch [-Wswitch]
../Main_app/Src/cooler_left_app.c:117:27: warning: enumeration value 'CAN_FRAME_BMS_TEMP_8' not handled in switch [-Wswitch]
../Main_app/Src/cooler_left_app.c:117:27: warning: enumeration value 'CAN_FRAME_BMS_TEMP_9' not handled in switch [-Wswitch]
../Main_app/Src/cooler_left_app.c:117:27: warning: enumeration value 'CAN_FRAME_SET_SERVOS_ENGINE' not handled in switch [-Wswitch]
../Main_app/Src/cooler_left_app.c:117:27: warning: enumeration value 'CAN_FRAME_SAFE_STATE' not handled in switch [-Wswitch]
../Main_app/Src/cooler_left_app.c:117:27: warning: enumeration value 'CAN_FRAME_BATTERY_SET_FAN' not handled in switch [-Wswitch]
../Main_app/Src/cooler_left_app.c:117:27: warning: enumeration value 'CAN_FRAME_UNKNOWN' not handled in switch [-Wswitch]
arm-none-eabi-gcc -o "stm_f303k8_ioc.elf" @"objects.list"   -mcpu=cortex-m4 -T"E:\Pulpit\PCB\Plytki_chlodzenia_SOFTWARE\Cooling_left\stm_f303k8_ioc\STM32F303K8TX_FLASH.ld" --specs=nosys.specs -Wl,-Map="stm_f303k8_ioc.map" -Wl,--gc-sections -static --specs=nano.specs -mfpu=fpv4-sp-d16 -mfloat-abi=hard -mthumb -Wl,--start-group -lc -lm -Wl,--end-group
Finished building target: stm_f303k8_ioc.elf
 
arm-none-eabi-size  stm_f303k8_ioc.elf 
arm-none-eabi-objdump -h -S stm_f303k8_ioc.elf  > "stm_f303k8_ioc.list"
   text	   data	    bss	    dec	    hex	filename
  34852	     12	   5064	  39928	   9bf8	stm_f303k8_ioc.elf
Finished building: default.size.stdout
 
Finished building: stm_f303k8_ioc.list
 
19:55:32 **** Incremental Build of configuration Debug for project stm_f303k8_ioc ****
make -j16 all 
arm-none-eabi-gcc "../Main_app/Src/MY_LIB/MY_driver_fan.c" -mcpu=cortex-m4 -std=gnu11 -g3 -DDEBUG -DUSE_HAL_DRIVER -DSTM32F303x8 -c -I"E:/Pulpit/PCB/Plytki_chlodzenia_SOFTWARE/Cooling_left/stm_f303k8_ioc/Main_app/Inc/EKO_LIB" -I"E:/Pulpit/PCB/Plytki_chlodzenia_SOFTWARE/Cooling_left/stm_f303k8_ioc/Main_app/Inc/MY_LIB" -I"E:/Pulpit/PCB/Plytki_chlodzenia_SOFTWARE/Cooling_left/stm_f303k8_ioc/Main_app/Src/EKO_LIB" -I"E:/Pulpit/PCB/Plytki_chlodzenia_SOFTWARE/Cooling_left/stm_f303k8_ioc/Main_app/Src/MY_LIB" -I../Core/Inc -I../Drivers/STM32F3xx_HAL_Driver/Inc -I../Drivers/STM32F3xx_HAL_Driver/Inc/Legacy -I../Drivers/CMSIS/Device/ST/STM32F3xx/Include -I../Drivers/CMSIS/Include -I"E:/Pulpit/PCB/Plytki_chlodzenia_SOFTWARE/Cooling_left/stm_f303k8_ioc/Main_app/Inc" -I"E:/Pulpit/PCB/Plytki_chlodzenia_SOFTWARE/Cooling_left/stm_f303k8_ioc/Main_app/Src" -O0 -ffunction-sections -fdata-sections -Wall -fstack-usage -fcyclomatic-complexity -MMD -MP -MF"Main_app/Src/MY_LIB/MY_driver_fan.d" -MT"Main_app/Src/MY_LIB/MY_driver_fan.o" --specs=nano.specs -mfpu=fpv4-sp-d16 -mfloat-abi=hard -mthumb -o "Main_app/Src/MY_LIB/MY_driver_fan.o"
arm-none-eabi-gcc "../Main_app/Src/MY_LIB/MY_driver_i2c.c" -mcpu=cortex-m4 -std=gnu11 -g3 -DDEBUG -DUSE_HAL_DRIVER -DSTM32F303x8 -c -I"E:/Pulpit/PCB/Plytki_chlodzenia_SOFTWARE/Cooling_left/stm_f303k8_ioc/Main_app/Inc/EKO_LIB" -I"E:/Pulpit/PCB/Plytki_chlodzenia_SOFTWARE/Cooling_left/stm_f303k8_ioc/Main_app/Inc/MY_LIB" -I"E:/Pulpit/PCB/Plytki_chlodzenia_SOFTWARE/Cooling_left/stm_f303k8_ioc/Main_app/Src/EKO_LIB" -I"E:/Pulpit/PCB/Plytki_chlodzenia_SOFTWARE/Cooling_left/stm_f303k8_ioc/Main_app/Src/MY_LIB" -I../Core/Inc -I../Drivers/STM32F3xx_HAL_Driver/Inc -I../Drivers/STM32F3xx_HAL_Driver/Inc/Legacy -I../Drivers/CMSIS/Device/ST/STM32F3xx/Include -I../Drivers/CMSIS/Include -I"E:/Pulpit/PCB/Plytki_chlodzenia_SOFTWARE/Cooling_left/stm_f303k8_ioc/Main_app/Inc" -I"E:/Pulpit/PCB/Plytki_chlodzenia_SOFTWARE/Cooling_left/stm_f303k8_ioc/Main_app/Src" -O0 -ffunction-sections -fdata-sections -Wall -fstack-usage -fcyclomatic-complexity -MMD -MP -MF"Main_app/Src/MY_LIB/MY_driver_i2c.d" -MT"Main_app/Src/MY_LIB/MY_driver_i2c.o" --specs=nano.specs -mfpu=fpv4-sp-d16 -mfloat-abi=hard -mthumb -o "Main_app/Src/MY_LIB/MY_driver_i2c.o"
arm-none-eabi-gcc "../Main_app/Src/MY_LIB/MY_driver_serwo.c" -mcpu=cortex-m4 -std=gnu11 -g3 -DDEBUG -DUSE_HAL_DRIVER -DSTM32F303x8 -c -I"E:/Pulpit/PCB/Plytki_chlodzenia_SOFTWARE/Cooling_left/stm_f303k8_ioc/Main_app/Inc/EKO_LIB" -I"E:/Pulpit/PCB/Plytki_chlodzenia_SOFTWARE/Cooling_left/stm_f303k8_ioc/Main_app/Inc/MY_LIB" -I"E:/Pulpit/PCB/Plytki_chlodzenia_SOFTWARE/Cooling_left/stm_f303k8_ioc/Main_app/Src/EKO_LIB" -I"E:/Pulpit/PCB/Plytki_chlodzenia_SOFTWARE/Cooling_left/stm_f303k8_ioc/Main_app/Src/MY_LIB" -I../Core/Inc -I../Drivers/STM32F3xx_HAL_Driver/Inc -I../Drivers/STM32F3xx_HAL_Driver/Inc/Legacy -I../Drivers/CMSIS/Device/ST/STM32F3xx/Include -I../Drivers/CMSIS/Include -I"E:/Pulpit/PCB/Plytki_chlodzenia_SOFTWARE/Cooling_left/stm_f303k8_ioc/Main_app/Inc" -I"E:/Pulpit/PCB/Plytki_chlodzenia_SOFTWARE/Cooling_left/stm_f303k8_ioc/Main_app/Src" -O0 -ffunction-sections -fdata-sections -Wall -fstack-usage -fcyclomatic-complexity -MMD -MP -MF"Main_app/Src/MY_LIB/MY_driver_serwo.d" -MT"Main_app/Src/MY_LIB/MY_driver_serwo.o" --specs=nano.specs -mfpu=fpv4-sp-d16 -mfloat-abi=hard -mthumb -o "Main_app/Src/MY_LIB/MY_driver_serwo.o"
arm-none-eabi-gcc "../Main_app/Src/EKO_LIB/can_driver.c" -mcpu=cortex-m4 -std=gnu11 -g3 -DDEBUG -DUSE_HAL_DRIVER -DSTM32F303x8 -c -I"E:/Pulpit/PCB/Plytki_chlodzenia_SOFTWARE/Cooling_left/stm_f303k8_ioc/Main_app/Inc/EKO_LIB" -I"E:/Pulpit/PCB/Plytki_chlodzenia_SOFTWARE/Cooling_left/stm_f303k8_ioc/Main_app/Inc/MY_LIB" -I"E:/Pulpit/PCB/Plytki_chlodzenia_SOFTWARE/Cooling_left/stm_f303k8_ioc/Main_app/Src/EKO_LIB" -I"E:/Pulpit/PCB/Plytki_chlodzenia_SOFTWARE/Cooling_left/stm_f303k8_ioc/Main_app/Src/MY_LIB" -I../Core/Inc -I../Drivers/STM32F3xx_HAL_Driver/Inc -I../Drivers/STM32F3xx_HAL_Driver/Inc/Legacy -I../Drivers/CMSIS/Device/ST/STM32F3xx/Include -I../Drivers/CMSIS/Include -I"E:/Pulpit/PCB/Plytki_chlodzenia_SOFTWARE/Cooling_left/stm_f303k8_ioc/Main_app/Inc" -I"E:/Pulpit/PCB/Plytki_chlodzenia_SOFTWARE/Cooling_left/stm_f303k8_ioc/Main_app/Src" -O0 -ffunction-sections -fdata-sections -Wall -fstack-usage -fcyclomatic-complexity -MMD -MP -MF"Main_app/Src/EKO_LIB/can_driver.d" -MT"Main_app/Src/EKO_LIB/can_driver.o" --specs=nano.specs -mfpu=fpv4-sp-d16 -mfloat-abi=hard -mthumb -o "Main_app/Src/EKO_LIB/can_driver.o"
arm-none-eabi-gcc "../Main_app/Src/cooler_left_app.c" -mcpu=cortex-m4 -std=gnu11 -g3 -DDEBUG -DUSE_HAL_DRIVER -DSTM32F303x8 -c -I"E:/Pulpit/PCB/Plytki_chlodzenia_SOFTWARE/Cooling_left/stm_f303k8_ioc/Main_app/Inc/EKO_LIB" -I"E:/Pulpit/PCB/Plytki_chlodzenia_SOFTWARE/Cooling_left/stm_f303k8_ioc/Main_app/Inc/MY_LIB" -I"E:/Pulpit/PCB/Plytki_chlodzenia_SOFTWARE/Cooling_left/stm_f303k8_ioc/Main_app/Src/EKO_LIB" -I"E:/Pulpit/PCB/Plytki_chlodzenia_SOFTWARE/Cooling_left/stm_f303k8_ioc/Main_app/Src/MY_LIB" -I../Core/Inc -I../Drivers/STM32F3xx_HAL_Driver/Inc -I../Drivers/STM32F3xx_HAL_Driver/Inc/Legacy -I../Drivers/CMSIS/Device/ST/STM32F3xx/Include -I../Drivers/CMSIS/Include -I"E:/Pulpit/PCB/Plytki_chlodzenia_SOFTWARE/Cooling_left/stm_f303k8_ioc/Main_app/Inc" -I"E:/Pulpit/PCB/Plytki_chlodzenia_SOFTWARE/Cooling_left/stm_f303k8_ioc/Main_app/Src" -O0 -ffunction-sections -fdata-sections -Wall -fstack-usage -fcyclomatic-complexity -MMD -MP -MF"Main_app/Src/cooler_left_app.d" -MT"Main_app/Src/cooler_left_app.o" --specs=nano.specs -mfpu=fpv4-sp-d16 -mfloat-abi=hard -mthumb -o "Main_app/Src/cooler_left_app.o"
arm-none-eabi-gcc "../Main_app/Src/cooler_test.c" -mcpu=cortex-m4 -std=gnu11 -g3 -DDEBUG -DUSE_HAL_DRIVER -DSTM32F303x8 -c -I"E:/Pulpit/PCB/Plytki_chlodzenia_SOFTWARE/Cooling_left/stm_f303k8_ioc/Main_app/Inc/EKO_LIB" -I"E:/Pulpit/PCB/Plytki_chlodzenia_SOFTWARE/Cooling_left/stm_f303k8_ioc/Main_app/Inc/MY_LIB" -I"E:/Pulpit/PCB/Plytki_chlodzenia_SOFTWARE/Cooling_left/stm_f303k8_ioc/Main_app/Src/EKO_LIB" -I"E:/Pulpit/PCB/Plytki_chlodzenia_SOFTWARE/Cooling_left/stm_f303k8_ioc/Main_app/Src/MY_LIB" -I../Core/Inc -I../Drivers/STM32F3xx_HAL_Driver/Inc -I../Drivers/STM32F3xx_HAL_Driver/Inc/Legacy -I../Drivers/CMSIS/Device/ST/STM32F3xx/Include -I../Drivers/CMSIS/Include -I"E:/Pulpit/PCB/Plytki_chlodzenia_SOFTWARE/Cooling_left/stm_f303k8_ioc/Main_app/Inc" -I"E:/Pulpit/PCB/Plytki_chlodzenia_SOFTWARE/Cooling_left/stm_f303k8_ioc/Main_app/Src" -O0 -ffunction-sections -fdata-sections -Wall -fstack-usage -fcyclomatic-complexity -MMD -MP -MF"Main_app/Src/cooler_test.d" -MT"Main_app/Src/cooler_test.o" --specs=nano.specs -mfpu=fpv4-sp-d16 -mfloat-abi=hard -mthumb -o "Main_app/Src/cooler_test.o"
arm-none-eabi-gcc "../Core/Src/main.c" -mcpu=cortex-m4 -std=gnu11 -g3 -DDEBUG -DUSE_HAL_DRIVER -DSTM32F303x8 -c -I"E:/Pulpit/PCB/Plytki_chlodzenia_SOFTWARE/Cooling_left/stm_f303k8_ioc/Main_app/Inc/EKO_LIB" -I"E:/Pulpit/PCB/Plytki_chlodzenia_SOFTWARE/Cooling_left/stm_f303k8_ioc/Main_app/Inc" -I"E:/Pulpit/PCB/Plytki_chlodzenia_SOFTWARE/Cooling_left/stm_f303k8_ioc/Main_app/Src" -I"E:/Pulpit/PCB/Plytki_chlodzenia_SOFTWARE/Cooling_left/stm_f303k8_ioc/Main_app/Inc/MY_LIB" -I"E:/Pulpit/PCB/Plytki_chlodzenia_SOFTWARE/Cooling_left/stm_f303k8_ioc/Main_app/Src/EKO_LIB" -I"E:/Pulpit/PCB/Plytki_chlodzenia_SOFTWARE/Cooling_left/stm_f303k8_ioc/Main_app/Src/MY_LIB" -I../Core/Inc -I../Drivers/STM32F3xx_HAL_Driver/Inc -I../Drivers/STM32F3xx_HAL_Driver/Inc/Legacy -I../Drivers/CMSIS/Device/ST/STM32F3xx/Include -I../Drivers/CMSIS/Include -O0 -ffunction-sections -fdata-sections -Wall -fstack-usage -fcyclomatic-complexity -MMD -MP -MF"Core/Src/main.d" -MT"Core/Src/main.o" --specs=nano.specs -mfpu=fpv4-sp-d16 -mfloat-abi=hard -mthumb -o "Core/Src/main.o"
../Main_app/Src/MY_LIB/MY_driver_i2c.c: In function 'AM2320_StateMachine':
../Main_app/Src/MY_LIB/MY_driver_i2c.c:153:5: warning: enumeration value 'AM2320_IDLE' not handled in switch [-Wswitch]
  153 |     switch (am2320State)
      |     ^~~~~~
../Main_app/Src/cooler_left_app.c: In function 'COOLER_app':
../Main_app/Src/cooler_left_app.c:117:27: warning: enumeration value 'CAN_FRAME_BMS_TEMP_1' not handled in switch [-Wswitch]
  117 |                           switch(msg.name)
      |                           ^~~~~~
../Main_app/Src/cooler_left_app.c:117:27: warning: enumeration value 'CAN_FRAME_BMS_TEMP_2' not handled in switch [-Wswitch]
../Main_app/Src/cooler_left_app.c:117:27: warning: enumeration value 'CAN_FRAME_BMS_TEMP_3' not handled in switch [-Wswitch]
../Main_app/Src/cooler_left_app.c:117:27: warning: enumeration value 'CAN_FRAME_BMS_TEMP_4' not handled in switch [-Wswitch]
../Main_app/Src/cooler_left_app.c:117:27: warning: enumeration value 'CAN_FRAME_BMS_TEMP_5' not handled in switch [-Wswitch]
../Main_app/Src/cooler_left_app.c:117:27: warning: enumeration value 'CAN_FRAME_BMS_TEMP_6' not handled in switch [-Wswitch]
../Main_app/Src/cooler_left_app.c:117:27: warning: enumeration value 'CAN_FRAME_BMS_TEMP_7' not handled in switch [-Wswitch]
../Main_app/Src/cooler_left_app.c:117:27: warning: enumeration value 'CAN_FRAME_BMS_TEMP_8' not handled in switch [-Wswitch]
../Main_app/Src/cooler_left_app.c:117:27: warning: enumeration value 'CAN_FRAME_BMS_TEMP_9' not handled in switch [-Wswitch]
../Main_app/Src/cooler_left_app.c:117:27: warning: enumeration value 'CAN_FRAME_SET_SERVOS_ENGINE' not handled in switch [-Wswitch]
../Main_app/Src/cooler_left_app.c:117:27: warning: enumeration value 'CAN_FRAME_SAFE_STATE' not handled in switch [-Wswitch]
../Main_app/Src/cooler_left_app.c:117:27: warning: enumeration value 'CAN_FRAME_BATTERY_SET_FAN' not handled in switch [-Wswitch]
../Main_app/Src/cooler_left_app.c:117:27: warning: enumeration value 'CAN_FRAME_UNKNOWN' not handled in switch [-Wswitch]
arm-none-eabi-gcc -o "stm_f303k8_ioc.elf" @"objects.list"   -mcpu=cortex-m4 -T"E:\Pulpit\PCB\Plytki_chlodzenia_SOFTWARE\Cooling_left\stm_f303k8_ioc\STM32F303K8TX_FLASH.ld" --specs=nosys.specs -Wl,-Map="stm_f303k8_ioc.map" -Wl,--gc-sections -static --specs=nano.specs -mfpu=fpv4-sp-d16 -mfloat-abi=hard -mthumb -Wl,--start-group -lc -lm -Wl,--end-group
Finished building target: stm_f303k8_ioc.elf
 
arm-none-eabi-size  stm_f303k8_ioc.elf 
arm-none-eabi-objdump -h -S stm_f303k8_ioc.elf  > "stm_f303k8_ioc.list"
   text	   data	    bss	    dec	    hex	filename
  34860	     12	   5064	  39936	   9c00	stm_f303k8_ioc.elf
Finished building: default.size.stdout
 
Finished building: stm_f303k8_ioc.list
 
19:56:37 **** Incremental Build of configuration Debug for project stm_f303k8_ioc ****
make -j16 all 
arm-none-eabi-gcc "../Main_app/Src/MY_LIB/MY_driver_fan.c" -mcpu=cortex-m4 -std=gnu11 -g3 -DDEBUG -DUSE_HAL_DRIVER -DSTM32F303x8 -c -I"E:/Pulpit/PCB/Plytki_chlodzenia_SOFTWARE/Cooling_left/stm_f303k8_ioc/Main_app/Inc/EKO_LIB" -I"E:/Pulpit/PCB/Plytki_chlodzenia_SOFTWARE/Cooling_left/stm_f303k8_ioc/Main_app/Inc/MY_LIB" -I"E:/Pulpit/PCB/Plytki_chlodzenia_SOFTWARE/Cooling_left/stm_f303k8_ioc/Main_app/Src/EKO_LIB" -I"E:/Pulpit/PCB/Plytki_chlodzenia_SOFTWARE/Cooling_left/stm_f303k8_ioc/Main_app/Src/MY_LIB" -I../Core/Inc -I../Drivers/STM32F3xx_HAL_Driver/Inc -I../Drivers/STM32F3xx_HAL_Driver/Inc/Legacy -I../Drivers/CMSIS/Device/ST/STM32F3xx/Include -I../Drivers/CMSIS/Include -I"E:/Pulpit/PCB/Plytki_chlodzenia_SOFTWARE/Cooling_left/stm_f303k8_ioc/Main_app/Inc" -I"E:/Pulpit/PCB/Plytki_chlodzenia_SOFTWARE/Cooling_left/stm_f303k8_ioc/Main_app/Src" -O0 -ffunction-sections -fdata-sections -Wall -fstack-usage -fcyclomatic-complexity -MMD -MP -MF"Main_app/Src/MY_LIB/MY_driver_fan.d" -MT"Main_app/Src/MY_LIB/MY_driver_fan.o" --specs=nano.specs -mfpu=fpv4-sp-d16 -mfloat-abi=hard -mthumb -o "Main_app/Src/MY_LIB/MY_driver_fan.o"
arm-none-eabi-gcc "../Main_app/Src/MY_LIB/MY_driver_i2c.c" -mcpu=cortex-m4 -std=gnu11 -g3 -DDEBUG -DUSE_HAL_DRIVER -DSTM32F303x8 -c -I"E:/Pulpit/PCB/Plytki_chlodzenia_SOFTWARE/Cooling_left/stm_f303k8_ioc/Main_app/Inc/EKO_LIB" -I"E:/Pulpit/PCB/Plytki_chlodzenia_SOFTWARE/Cooling_left/stm_f303k8_ioc/Main_app/Inc/MY_LIB" -I"E:/Pulpit/PCB/Plytki_chlodzenia_SOFTWARE/Cooling_left/stm_f303k8_ioc/Main_app/Src/EKO_LIB" -I"E:/Pulpit/PCB/Plytki_chlodzenia_SOFTWARE/Cooling_left/stm_f303k8_ioc/Main_app/Src/MY_LIB" -I../Core/Inc -I../Drivers/STM32F3xx_HAL_Driver/Inc -I../Drivers/STM32F3xx_HAL_Driver/Inc/Legacy -I../Drivers/CMSIS/Device/ST/STM32F3xx/Include -I../Drivers/CMSIS/Include -I"E:/Pulpit/PCB/Plytki_chlodzenia_SOFTWARE/Cooling_left/stm_f303k8_ioc/Main_app/Inc" -I"E:/Pulpit/PCB/Plytki_chlodzenia_SOFTWARE/Cooling_left/stm_f303k8_ioc/Main_app/Src" -O0 -ffunction-sections -fdata-sections -Wall -fstack-usage -fcyclomatic-complexity -MMD -MP -MF"Main_app/Src/MY_LIB/MY_driver_i2c.d" -MT"Main_app/Src/MY_LIB/MY_driver_i2c.o" --specs=nano.specs -mfpu=fpv4-sp-d16 -mfloat-abi=hard -mthumb -o "Main_app/Src/MY_LIB/MY_driver_i2c.o"
arm-none-eabi-gcc "../Main_app/Src/MY_LIB/MY_driver_serwo.c" -mcpu=cortex-m4 -std=gnu11 -g3 -DDEBUG -DUSE_HAL_DRIVER -DSTM32F303x8 -c -I"E:/Pulpit/PCB/Plytki_chlodzenia_SOFTWARE/Cooling_left/stm_f303k8_ioc/Main_app/Inc/EKO_LIB" -I"E:/Pulpit/PCB/Plytki_chlodzenia_SOFTWARE/Cooling_left/stm_f303k8_ioc/Main_app/Inc/MY_LIB" -I"E:/Pulpit/PCB/Plytki_chlodzenia_SOFTWARE/Cooling_left/stm_f303k8_ioc/Main_app/Src/EKO_LIB" -I"E:/Pulpit/PCB/Plytki_chlodzenia_SOFTWARE/Cooling_left/stm_f303k8_ioc/Main_app/Src/MY_LIB" -I../Core/Inc -I../Drivers/STM32F3xx_HAL_Driver/Inc -I../Drivers/STM32F3xx_HAL_Driver/Inc/Legacy -I../Drivers/CMSIS/Device/ST/STM32F3xx/Include -I../Drivers/CMSIS/Include -I"E:/Pulpit/PCB/Plytki_chlodzenia_SOFTWARE/Cooling_left/stm_f303k8_ioc/Main_app/Inc" -I"E:/Pulpit/PCB/Plytki_chlodzenia_SOFTWARE/Cooling_left/stm_f303k8_ioc/Main_app/Src" -O0 -ffunction-sections -fdata-sections -Wall -fstack-usage -fcyclomatic-complexity -MMD -MP -MF"Main_app/Src/MY_LIB/MY_driver_serwo.d" -MT"Main_app/Src/MY_LIB/MY_driver_serwo.o" --specs=nano.specs -mfpu=fpv4-sp-d16 -mfloat-abi=hard -mthumb -o "Main_app/Src/MY_LIB/MY_driver_serwo.o"
arm-none-eabi-gcc "../Main_app/Src/EKO_LIB/can_driver.c" -mcpu=cortex-m4 -std=gnu11 -g3 -DDEBUG -DUSE_HAL_DRIVER -DSTM32F303x8 -c -I"E:/Pulpit/PCB/Plytki_chlodzenia_SOFTWARE/Cooling_left/stm_f303k8_ioc/Main_app/Inc/EKO_LIB" -I"E:/Pulpit/PCB/Plytki_chlodzenia_SOFTWARE/Cooling_left/stm_f303k8_ioc/Main_app/Inc/MY_LIB" -I"E:/Pulpit/PCB/Plytki_chlodzenia_SOFTWARE/Cooling_left/stm_f303k8_ioc/Main_app/Src/EKO_LIB" -I"E:/Pulpit/PCB/Plytki_chlodzenia_SOFTWARE/Cooling_left/stm_f303k8_ioc/Main_app/Src/MY_LIB" -I../Core/Inc -I../Drivers/STM32F3xx_HAL_Driver/Inc -I../Drivers/STM32F3xx_HAL_Driver/Inc/Legacy -I../Drivers/CMSIS/Device/ST/STM32F3xx/Include -I../Drivers/CMSIS/Include -I"E:/Pulpit/PCB/Plytki_chlodzenia_SOFTWARE/Cooling_left/stm_f303k8_ioc/Main_app/Inc" -I"E:/Pulpit/PCB/Plytki_chlodzenia_SOFTWARE/Cooling_left/stm_f303k8_ioc/Main_app/Src" -O0 -ffunction-sections -fdata-sections -Wall -fstack-usage -fcyclomatic-complexity -MMD -MP -MF"Main_app/Src/EKO_LIB/can_driver.d" -MT"Main_app/Src/EKO_LIB/can_driver.o" --specs=nano.specs -mfpu=fpv4-sp-d16 -mfloat-abi=hard -mthumb -o "Main_app/Src/EKO_LIB/can_driver.o"
arm-none-eabi-gcc "../Main_app/Src/cooler_left_app.c" -mcpu=cortex-m4 -std=gnu11 -g3 -DDEBUG -DUSE_HAL_DRIVER -DSTM32F303x8 -c -I"E:/Pulpit/PCB/Plytki_chlodzenia_SOFTWARE/Cooling_left/stm_f303k8_ioc/Main_app/Inc/EKO_LIB" -I"E:/Pulpit/PCB/Plytki_chlodzenia_SOFTWARE/Cooling_left/stm_f303k8_ioc/Main_app/Inc/MY_LIB" -I"E:/Pulpit/PCB/Plytki_chlodzenia_SOFTWARE/Cooling_left/stm_f303k8_ioc/Main_app/Src/EKO_LIB" -I"E:/Pulpit/PCB/Plytki_chlodzenia_SOFTWARE/Cooling_left/stm_f303k8_ioc/Main_app/Src/MY_LIB" -I../Core/Inc -I../Drivers/STM32F3xx_HAL_Driver/Inc -I../Drivers/STM32F3xx_HAL_Driver/Inc/Legacy -I../Drivers/CMSIS/Device/ST/STM32F3xx/Include -I../Drivers/CMSIS/Include -I"E:/Pulpit/PCB/Plytki_chlodzenia_SOFTWARE/Cooling_left/stm_f303k8_ioc/Main_app/Inc" -I"E:/Pulpit/PCB/Plytki_chlodzenia_SOFTWARE/Cooling_left/stm_f303k8_ioc/Main_app/Src" -O0 -ffunction-sections -fdata-sections -Wall -fstack-usage -fcyclomatic-complexity -MMD -MP -MF"Main_app/Src/cooler_left_app.d" -MT"Main_app/Src/cooler_left_app.o" --specs=nano.specs -mfpu=fpv4-sp-d16 -mfloat-abi=hard -mthumb -o "Main_app/Src/cooler_left_app.o"
arm-none-eabi-gcc "../Main_app/Src/cooler_test.c" -mcpu=cortex-m4 -std=gnu11 -g3 -DDEBUG -DUSE_HAL_DRIVER -DSTM32F303x8 -c -I"E:/Pulpit/PCB/Plytki_chlodzenia_SOFTWARE/Cooling_left/stm_f303k8_ioc/Main_app/Inc/EKO_LIB" -I"E:/Pulpit/PCB/Plytki_chlodzenia_SOFTWARE/Cooling_left/stm_f303k8_ioc/Main_app/Inc/MY_LIB" -I"E:/Pulpit/PCB/Plytki_chlodzenia_SOFTWARE/Cooling_left/stm_f303k8_ioc/Main_app/Src/EKO_LIB" -I"E:/Pulpit/PCB/Plytki_chlodzenia_SOFTWARE/Cooling_left/stm_f303k8_ioc/Main_app/Src/MY_LIB" -I../Core/Inc -I../Drivers/STM32F3xx_HAL_Driver/Inc -I../Drivers/STM32F3xx_HAL_Driver/Inc/Legacy -I../Drivers/CMSIS/Device/ST/STM32F3xx/Include -I../Drivers/CMSIS/Include -I"E:/Pulpit/PCB/Plytki_chlodzenia_SOFTWARE/Cooling_left/stm_f303k8_ioc/Main_app/Inc" -I"E:/Pulpit/PCB/Plytki_chlodzenia_SOFTWARE/Cooling_left/stm_f303k8_ioc/Main_app/Src" -O0 -ffunction-sections -fdata-sections -Wall -fstack-usage -fcyclomatic-complexity -MMD -MP -MF"Main_app/Src/cooler_test.d" -MT"Main_app/Src/cooler_test.o" --specs=nano.specs -mfpu=fpv4-sp-d16 -mfloat-abi=hard -mthumb -o "Main_app/Src/cooler_test.o"
arm-none-eabi-gcc "../Core/Src/main.c" -mcpu=cortex-m4 -std=gnu11 -g3 -DDEBUG -DUSE_HAL_DRIVER -DSTM32F303x8 -c -I"E:/Pulpit/PCB/Plytki_chlodzenia_SOFTWARE/Cooling_left/stm_f303k8_ioc/Main_app/Inc/EKO_LIB" -I"E:/Pulpit/PCB/Plytki_chlodzenia_SOFTWARE/Cooling_left/stm_f303k8_ioc/Main_app/Inc" -I"E:/Pulpit/PCB/Plytki_chlodzenia_SOFTWARE/Cooling_left/stm_f303k8_ioc/Main_app/Src" -I"E:/Pulpit/PCB/Plytki_chlodzenia_SOFTWARE/Cooling_left/stm_f303k8_ioc/Main_app/Inc/MY_LIB" -I"E:/Pulpit/PCB/Plytki_chlodzenia_SOFTWARE/Cooling_left/stm_f303k8_ioc/Main_app/Src/EKO_LIB" -I"E:/Pulpit/PCB/Plytki_chlodzenia_SOFTWARE/Cooling_left/stm_f303k8_ioc/Main_app/Src/MY_LIB" -I../Core/Inc -I../Drivers/STM32F3xx_HAL_Driver/Inc -I../Drivers/STM32F3xx_HAL_Driver/Inc/Legacy -I../Drivers/CMSIS/Device/ST/STM32F3xx/Include -I../Drivers/CMSIS/Include -O0 -ffunction-sections -fdata-sections -Wall -fstack-usage -fcyclomatic-complexity -MMD -MP -MF"Core/Src/main.d" -MT"Core/Src/main.o" --specs=nano.specs -mfpu=fpv4-sp-d16 -mfloat-abi=hard -mthumb -o "Core/Src/main.o"
../Main_app/Src/MY_LIB/MY_driver_i2c.c: In function 'AM2320_StateMachine':
../Main_app/Src/MY_LIB/MY_driver_i2c.c:153:5: warning: enumeration value 'AM2320_IDLE' not handled in switch [-Wswitch]
  153 |     switch (am2320State)
      |     ^~~~~~
../Main_app/Src/cooler_left_app.c: In function 'COOLER_app':
../Main_app/Src/cooler_left_app.c:117:27: warning: enumeration value 'CAN_FRAME_BMS_TEMP_1' not handled in switch [-Wswitch]
  117 |                           switch(msg.name)
      |                           ^~~~~~
../Main_app/Src/cooler_left_app.c:117:27: warning: enumeration value 'CAN_FRAME_BMS_TEMP_2' not handled in switch [-Wswitch]
../Main_app/Src/cooler_left_app.c:117:27: warning: enumeration value 'CAN_FRAME_BMS_TEMP_3' not handled in switch [-Wswitch]
../Main_app/Src/cooler_left_app.c:117:27: warning: enumeration value 'CAN_FRAME_BMS_TEMP_4' not handled in switch [-Wswitch]
../Main_app/Src/cooler_left_app.c:117:27: warning: enumeration value 'CAN_FRAME_BMS_TEMP_5' not handled in switch [-Wswitch]
../Main_app/Src/cooler_left_app.c:117:27: warning: enumeration value 'CAN_FRAME_BMS_TEMP_6' not handled in switch [-Wswitch]
../Main_app/Src/cooler_left_app.c:117:27: warning: enumeration value 'CAN_FRAME_BMS_TEMP_7' not handled in switch [-Wswitch]
../Main_app/Src/cooler_left_app.c:117:27: warning: enumeration value 'CAN_FRAME_BMS_TEMP_8' not handled in switch [-Wswitch]
../Main_app/Src/cooler_left_app.c:117:27: warning: enumeration value 'CAN_FRAME_BMS_TEMP_9' not handled in switch [-Wswitch]
../Main_app/Src/cooler_left_app.c:117:27: warning: enumeration value 'CAN_FRAME_SET_SERVOS_ENGINE' not handled in switch [-Wswitch]
../Main_app/Src/cooler_left_app.c:117:27: warning: enumeration value 'CAN_FRAME_SAFE_STATE' not handled in switch [-Wswitch]
../Main_app/Src/cooler_left_app.c:117:27: warning: enumeration value 'CAN_FRAME_BATTERY_SET_FAN' not handled in switch [-Wswitch]
../Main_app/Src/cooler_left_app.c:117:27: warning: enumeration value 'CAN_FRAME_UNKNOWN' not handled in switch [-Wswitch]
arm-none-eabi-gcc -o "stm_f303k8_ioc.elf" @"objects.list"   -mcpu=cortex-m4 -T"E:\Pulpit\PCB\Plytki_chlodzenia_SOFTWARE\Cooling_left\stm_f303k8_ioc\STM32F303K8TX_FLASH.ld" --specs=nosys.specs -Wl,-Map="stm_f303k8_ioc.map" -Wl,--gc-sections -static --specs=nano.specs -mfpu=fpv4-sp-d16 -mfloat-abi=hard -mthumb -Wl,--start-group -lc -lm -Wl,--end-group
Finished building target: stm_f303k8_ioc.elf
 
arm-none-eabi-size  stm_f303k8_ioc.elf 
arm-none-eabi-objdump -h -S stm_f303k8_ioc.elf  > "stm_f303k8_ioc.list"
   text	   data	    bss	    dec	    hex	filename
  34852	     12	   5064	  39928	   9bf8	stm_f303k8_ioc.elf
Finished building: default.size.stdout
 
Finished building: stm_f303k8_ioc.list
 
19:57:11 **** Incremental Build of configuration Debug for project stm_f303k8_ioc ****
make -j16 all 
arm-none-eabi-gcc "../Main_app/Src/MY_LIB/MY_driver_fan.c" -mcpu=cortex-m4 -std=gnu11 -g3 -DDEBUG -DUSE_HAL_DRIVER -DSTM32F303x8 -c -I"E:/Pulpit/PCB/Plytki_chlodzenia_SOFTWARE/Cooling_left/stm_f303k8_ioc/Main_app/Inc/EKO_LIB" -I"E:/Pulpit/PCB/Plytki_chlodzenia_SOFTWARE/Cooling_left/stm_f303k8_ioc/Main_app/Inc/MY_LIB" -I"E:/Pulpit/PCB/Plytki_chlodzenia_SOFTWARE/Cooling_left/stm_f303k8_ioc/Main_app/Src/EKO_LIB" -I"E:/Pulpit/PCB/Plytki_chlodzenia_SOFTWARE/Cooling_left/stm_f303k8_ioc/Main_app/Src/MY_LIB" -I../Core/Inc -I../Drivers/STM32F3xx_HAL_Driver/Inc -I../Drivers/STM32F3xx_HAL_Driver/Inc/Legacy -I../Drivers/CMSIS/Device/ST/STM32F3xx/Include -I../Drivers/CMSIS/Include -I"E:/Pulpit/PCB/Plytki_chlodzenia_SOFTWARE/Cooling_left/stm_f303k8_ioc/Main_app/Inc" -I"E:/Pulpit/PCB/Plytki_chlodzenia_SOFTWARE/Cooling_left/stm_f303k8_ioc/Main_app/Src" -O0 -ffunction-sections -fdata-sections -Wall -fstack-usage -fcyclomatic-complexity -MMD -MP -MF"Main_app/Src/MY_LIB/MY_driver_fan.d" -MT"Main_app/Src/MY_LIB/MY_driver_fan.o" --specs=nano.specs -mfpu=fpv4-sp-d16 -mfloat-abi=hard -mthumb -o "Main_app/Src/MY_LIB/MY_driver_fan.o"
arm-none-eabi-gcc "../Main_app/Src/MY_LIB/MY_driver_i2c.c" -mcpu=cortex-m4 -std=gnu11 -g3 -DDEBUG -DUSE_HAL_DRIVER -DSTM32F303x8 -c -I"E:/Pulpit/PCB/Plytki_chlodzenia_SOFTWARE/Cooling_left/stm_f303k8_ioc/Main_app/Inc/EKO_LIB" -I"E:/Pulpit/PCB/Plytki_chlodzenia_SOFTWARE/Cooling_left/stm_f303k8_ioc/Main_app/Inc/MY_LIB" -I"E:/Pulpit/PCB/Plytki_chlodzenia_SOFTWARE/Cooling_left/stm_f303k8_ioc/Main_app/Src/EKO_LIB" -I"E:/Pulpit/PCB/Plytki_chlodzenia_SOFTWARE/Cooling_left/stm_f303k8_ioc/Main_app/Src/MY_LIB" -I../Core/Inc -I../Drivers/STM32F3xx_HAL_Driver/Inc -I../Drivers/STM32F3xx_HAL_Driver/Inc/Legacy -I../Drivers/CMSIS/Device/ST/STM32F3xx/Include -I../Drivers/CMSIS/Include -I"E:/Pulpit/PCB/Plytki_chlodzenia_SOFTWARE/Cooling_left/stm_f303k8_ioc/Main_app/Inc" -I"E:/Pulpit/PCB/Plytki_chlodzenia_SOFTWARE/Cooling_left/stm_f303k8_ioc/Main_app/Src" -O0 -ffunction-sections -fdata-sections -Wall -fstack-usage -fcyclomatic-complexity -MMD -MP -MF"Main_app/Src/MY_LIB/MY_driver_i2c.d" -MT"Main_app/Src/MY_LIB/MY_driver_i2c.o" --specs=nano.specs -mfpu=fpv4-sp-d16 -mfloat-abi=hard -mthumb -o "Main_app/Src/MY_LIB/MY_driver_i2c.o"
arm-none-eabi-gcc "../Main_app/Src/MY_LIB/MY_driver_serwo.c" -mcpu=cortex-m4 -std=gnu11 -g3 -DDEBUG -DUSE_HAL_DRIVER -DSTM32F303x8 -c -I"E:/Pulpit/PCB/Plytki_chlodzenia_SOFTWARE/Cooling_left/stm_f303k8_ioc/Main_app/Inc/EKO_LIB" -I"E:/Pulpit/PCB/Plytki_chlodzenia_SOFTWARE/Cooling_left/stm_f303k8_ioc/Main_app/Inc/MY_LIB" -I"E:/Pulpit/PCB/Plytki_chlodzenia_SOFTWARE/Cooling_left/stm_f303k8_ioc/Main_app/Src/EKO_LIB" -I"E:/Pulpit/PCB/Plytki_chlodzenia_SOFTWARE/Cooling_left/stm_f303k8_ioc/Main_app/Src/MY_LIB" -I../Core/Inc -I../Drivers/STM32F3xx_HAL_Driver/Inc -I../Drivers/STM32F3xx_HAL_Driver/Inc/Legacy -I../Drivers/CMSIS/Device/ST/STM32F3xx/Include -I../Drivers/CMSIS/Include -I"E:/Pulpit/PCB/Plytki_chlodzenia_SOFTWARE/Cooling_left/stm_f303k8_ioc/Main_app/Inc" -I"E:/Pulpit/PCB/Plytki_chlodzenia_SOFTWARE/Cooling_left/stm_f303k8_ioc/Main_app/Src" -O0 -ffunction-sections -fdata-sections -Wall -fstack-usage -fcyclomatic-complexity -MMD -MP -MF"Main_app/Src/MY_LIB/MY_driver_serwo.d" -MT"Main_app/Src/MY_LIB/MY_driver_serwo.o" --specs=nano.specs -mfpu=fpv4-sp-d16 -mfloat-abi=hard -mthumb -o "Main_app/Src/MY_LIB/MY_driver_serwo.o"
arm-none-eabi-gcc "../Main_app/Src/EKO_LIB/can_driver.c" -mcpu=cortex-m4 -std=gnu11 -g3 -DDEBUG -DUSE_HAL_DRIVER -DSTM32F303x8 -c -I"E:/Pulpit/PCB/Plytki_chlodzenia_SOFTWARE/Cooling_left/stm_f303k8_ioc/Main_app/Inc/EKO_LIB" -I"E:/Pulpit/PCB/Plytki_chlodzenia_SOFTWARE/Cooling_left/stm_f303k8_ioc/Main_app/Inc/MY_LIB" -I"E:/Pulpit/PCB/Plytki_chlodzenia_SOFTWARE/Cooling_left/stm_f303k8_ioc/Main_app/Src/EKO_LIB" -I"E:/Pulpit/PCB/Plytki_chlodzenia_SOFTWARE/Cooling_left/stm_f303k8_ioc/Main_app/Src/MY_LIB" -I../Core/Inc -I../Drivers/STM32F3xx_HAL_Driver/Inc -I../Drivers/STM32F3xx_HAL_Driver/Inc/Legacy -I../Drivers/CMSIS/Device/ST/STM32F3xx/Include -I../Drivers/CMSIS/Include -I"E:/Pulpit/PCB/Plytki_chlodzenia_SOFTWARE/Cooling_left/stm_f303k8_ioc/Main_app/Inc" -I"E:/Pulpit/PCB/Plytki_chlodzenia_SOFTWARE/Cooling_left/stm_f303k8_ioc/Main_app/Src" -O0 -ffunction-sections -fdata-sections -Wall -fstack-usage -fcyclomatic-complexity -MMD -MP -MF"Main_app/Src/EKO_LIB/can_driver.d" -MT"Main_app/Src/EKO_LIB/can_driver.o" --specs=nano.specs -mfpu=fpv4-sp-d16 -mfloat-abi=hard -mthumb -o "Main_app/Src/EKO_LIB/can_driver.o"
arm-none-eabi-gcc "../Main_app/Src/cooler_left_app.c" -mcpu=cortex-m4 -std=gnu11 -g3 -DDEBUG -DUSE_HAL_DRIVER -DSTM32F303x8 -c -I"E:/Pulpit/PCB/Plytki_chlodzenia_SOFTWARE/Cooling_left/stm_f303k8_ioc/Main_app/Inc/EKO_LIB" -I"E:/Pulpit/PCB/Plytki_chlodzenia_SOFTWARE/Cooling_left/stm_f303k8_ioc/Main_app/Inc/MY_LIB" -I"E:/Pulpit/PCB/Plytki_chlodzenia_SOFTWARE/Cooling_left/stm_f303k8_ioc/Main_app/Src/EKO_LIB" -I"E:/Pulpit/PCB/Plytki_chlodzenia_SOFTWARE/Cooling_left/stm_f303k8_ioc/Main_app/Src/MY_LIB" -I../Core/Inc -I../Drivers/STM32F3xx_HAL_Driver/Inc -I../Drivers/STM32F3xx_HAL_Driver/Inc/Legacy -I../Drivers/CMSIS/Device/ST/STM32F3xx/Include -I../Drivers/CMSIS/Include -I"E:/Pulpit/PCB/Plytki_chlodzenia_SOFTWARE/Cooling_left/stm_f303k8_ioc/Main_app/Inc" -I"E:/Pulpit/PCB/Plytki_chlodzenia_SOFTWARE/Cooling_left/stm_f303k8_ioc/Main_app/Src" -O0 -ffunction-sections -fdata-sections -Wall -fstack-usage -fcyclomatic-complexity -MMD -MP -MF"Main_app/Src/cooler_left_app.d" -MT"Main_app/Src/cooler_left_app.o" --specs=nano.specs -mfpu=fpv4-sp-d16 -mfloat-abi=hard -mthumb -o "Main_app/Src/cooler_left_app.o"
arm-none-eabi-gcc "../Main_app/Src/cooler_test.c" -mcpu=cortex-m4 -std=gnu11 -g3 -DDEBUG -DUSE_HAL_DRIVER -DSTM32F303x8 -c -I"E:/Pulpit/PCB/Plytki_chlodzenia_SOFTWARE/Cooling_left/stm_f303k8_ioc/Main_app/Inc/EKO_LIB" -I"E:/Pulpit/PCB/Plytki_chlodzenia_SOFTWARE/Cooling_left/stm_f303k8_ioc/Main_app/Inc/MY_LIB" -I"E:/Pulpit/PCB/Plytki_chlodzenia_SOFTWARE/Cooling_left/stm_f303k8_ioc/Main_app/Src/EKO_LIB" -I"E:/Pulpit/PCB/Plytki_chlodzenia_SOFTWARE/Cooling_left/stm_f303k8_ioc/Main_app/Src/MY_LIB" -I../Core/Inc -I../Drivers/STM32F3xx_HAL_Driver/Inc -I../Drivers/STM32F3xx_HAL_Driver/Inc/Legacy -I../Drivers/CMSIS/Device/ST/STM32F3xx/Include -I../Drivers/CMSIS/Include -I"E:/Pulpit/PCB/Plytki_chlodzenia_SOFTWARE/Cooling_left/stm_f303k8_ioc/Main_app/Inc" -I"E:/Pulpit/PCB/Plytki_chlodzenia_SOFTWARE/Cooling_left/stm_f303k8_ioc/Main_app/Src" -O0 -ffunction-sections -fdata-sections -Wall -fstack-usage -fcyclomatic-complexity -MMD -MP -MF"Main_app/Src/cooler_test.d" -MT"Main_app/Src/cooler_test.o" --specs=nano.specs -mfpu=fpv4-sp-d16 -mfloat-abi=hard -mthumb -o "Main_app/Src/cooler_test.o"
arm-none-eabi-gcc "../Core/Src/main.c" -mcpu=cortex-m4 -std=gnu11 -g3 -DDEBUG -DUSE_HAL_DRIVER -DSTM32F303x8 -c -I"E:/Pulpit/PCB/Plytki_chlodzenia_SOFTWARE/Cooling_left/stm_f303k8_ioc/Main_app/Inc/EKO_LIB" -I"E:/Pulpit/PCB/Plytki_chlodzenia_SOFTWARE/Cooling_left/stm_f303k8_ioc/Main_app/Inc" -I"E:/Pulpit/PCB/Plytki_chlodzenia_SOFTWARE/Cooling_left/stm_f303k8_ioc/Main_app/Src" -I"E:/Pulpit/PCB/Plytki_chlodzenia_SOFTWARE/Cooling_left/stm_f303k8_ioc/Main_app/Inc/MY_LIB" -I"E:/Pulpit/PCB/Plytki_chlodzenia_SOFTWARE/Cooling_left/stm_f303k8_ioc/Main_app/Src/EKO_LIB" -I"E:/Pulpit/PCB/Plytki_chlodzenia_SOFTWARE/Cooling_left/stm_f303k8_ioc/Main_app/Src/MY_LIB" -I../Core/Inc -I../Drivers/STM32F3xx_HAL_Driver/Inc -I../Drivers/STM32F3xx_HAL_Driver/Inc/Legacy -I../Drivers/CMSIS/Device/ST/STM32F3xx/Include -I../Drivers/CMSIS/Include -O0 -ffunction-sections -fdata-sections -Wall -fstack-usage -fcyclomatic-complexity -MMD -MP -MF"Core/Src/main.d" -MT"Core/Src/main.o" --specs=nano.specs -mfpu=fpv4-sp-d16 -mfloat-abi=hard -mthumb -o "Core/Src/main.o"
../Main_app/Src/MY_LIB/MY_driver_i2c.c: In function 'AM2320_StateMachine':
../Main_app/Src/MY_LIB/MY_driver_i2c.c:153:5: warning: enumeration value 'AM2320_IDLE' not handled in switch [-Wswitch]
  153 |     switch (am2320State)
      |     ^~~~~~
../Main_app/Src/cooler_left_app.c: In function 'COOLER_app':
../Main_app/Src/cooler_left_app.c:117:27: warning: enumeration value 'CAN_FRAME_BMS_TEMP_1' not handled in switch [-Wswitch]
  117 |                           switch(msg.name)
      |                           ^~~~~~
../Main_app/Src/cooler_left_app.c:117:27: warning: enumeration value 'CAN_FRAME_BMS_TEMP_2' not handled in switch [-Wswitch]
../Main_app/Src/cooler_left_app.c:117:27: warning: enumeration value 'CAN_FRAME_BMS_TEMP_3' not handled in switch [-Wswitch]
../Main_app/Src/cooler_left_app.c:117:27: warning: enumeration value 'CAN_FRAME_BMS_TEMP_4' not handled in switch [-Wswitch]
../Main_app/Src/cooler_left_app.c:117:27: warning: enumeration value 'CAN_FRAME_BMS_TEMP_5' not handled in switch [-Wswitch]
../Main_app/Src/cooler_left_app.c:117:27: warning: enumeration value 'CAN_FRAME_BMS_TEMP_6' not handled in switch [-Wswitch]
../Main_app/Src/cooler_left_app.c:117:27: warning: enumeration value 'CAN_FRAME_BMS_TEMP_7' not handled in switch [-Wswitch]
../Main_app/Src/cooler_left_app.c:117:27: warning: enumeration value 'CAN_FRAME_BMS_TEMP_8' not handled in switch [-Wswitch]
../Main_app/Src/cooler_left_app.c:117:27: warning: enumeration value 'CAN_FRAME_BMS_TEMP_9' not handled in switch [-Wswitch]
../Main_app/Src/cooler_left_app.c:117:27: warning: enumeration value 'CAN_FRAME_SET_SERVOS_ENGINE' not handled in switch [-Wswitch]
../Main_app/Src/cooler_left_app.c:117:27: warning: enumeration value 'CAN_FRAME_SAFE_STATE' not handled in switch [-Wswitch]
../Main_app/Src/cooler_left_app.c:117:27: warning: enumeration value 'CAN_FRAME_BATTERY_SET_FAN' not handled in switch [-Wswitch]
../Main_app/Src/cooler_left_app.c:117:27: warning: enumeration value 'CAN_FRAME_UNKNOWN' not handled in switch [-Wswitch]
arm-none-eabi-gcc -o "stm_f303k8_ioc.elf" @"objects.list"   -mcpu=cortex-m4 -T"E:\Pulpit\PCB\Plytki_chlodzenia_SOFTWARE\Cooling_left\stm_f303k8_ioc\STM32F303K8TX_FLASH.ld" --specs=nosys.specs -Wl,-Map="stm_f303k8_ioc.map" -Wl,--gc-sections -static --specs=nano.specs -mfpu=fpv4-sp-d16 -mfloat-abi=hard -mthumb -Wl,--start-group -lc -lm -Wl,--end-group
Finished building target: stm_f303k8_ioc.elf
 
arm-none-eabi-size  stm_f303k8_ioc.elf 
arm-none-eabi-objdump -h -S stm_f303k8_ioc.elf  > "stm_f303k8_ioc.list"
   text	   data	    bss	    dec	    hex	filename
  34852	     12	   5064	  39928	   9bf8	stm_f303k8_ioc.elf
Finished building: default.size.stdout
 
Finished building: stm_f303k8_ioc.list
 
19:57:33 **** Incremental Build of configuration Debug for project stm_f303k8_ioc ****
make -j16 all 
arm-none-eabi-gcc "../Main_app/Src/MY_LIB/MY_driver_fan.c" -mcpu=cortex-m4 -std=gnu11 -g3 -DDEBUG -DUSE_HAL_DRIVER -DSTM32F303x8 -c -I"E:/Pulpit/PCB/Plytki_chlodzenia_SOFTWARE/Cooling_left/stm_f303k8_ioc/Main_app/Inc/EKO_LIB" -I"E:/Pulpit/PCB/Plytki_chlodzenia_SOFTWARE/Cooling_left/stm_f303k8_ioc/Main_app/Inc/MY_LIB" -I"E:/Pulpit/PCB/Plytki_chlodzenia_SOFTWARE/Cooling_left/stm_f303k8_ioc/Main_app/Src/EKO_LIB" -I"E:/Pulpit/PCB/Plytki_chlodzenia_SOFTWARE/Cooling_left/stm_f303k8_ioc/Main_app/Src/MY_LIB" -I../Core/Inc -I../Drivers/STM32F3xx_HAL_Driver/Inc -I../Drivers/STM32F3xx_HAL_Driver/Inc/Legacy -I../Drivers/CMSIS/Device/ST/STM32F3xx/Include -I../Drivers/CMSIS/Include -I"E:/Pulpit/PCB/Plytki_chlodzenia_SOFTWARE/Cooling_left/stm_f303k8_ioc/Main_app/Inc" -I"E:/Pulpit/PCB/Plytki_chlodzenia_SOFTWARE/Cooling_left/stm_f303k8_ioc/Main_app/Src" -O0 -ffunction-sections -fdata-sections -Wall -fstack-usage -fcyclomatic-complexity -MMD -MP -MF"Main_app/Src/MY_LIB/MY_driver_fan.d" -MT"Main_app/Src/MY_LIB/MY_driver_fan.o" --specs=nano.specs -mfpu=fpv4-sp-d16 -mfloat-abi=hard -mthumb -o "Main_app/Src/MY_LIB/MY_driver_fan.o"
arm-none-eabi-gcc "../Main_app/Src/MY_LIB/MY_driver_i2c.c" -mcpu=cortex-m4 -std=gnu11 -g3 -DDEBUG -DUSE_HAL_DRIVER -DSTM32F303x8 -c -I"E:/Pulpit/PCB/Plytki_chlodzenia_SOFTWARE/Cooling_left/stm_f303k8_ioc/Main_app/Inc/EKO_LIB" -I"E:/Pulpit/PCB/Plytki_chlodzenia_SOFTWARE/Cooling_left/stm_f303k8_ioc/Main_app/Inc/MY_LIB" -I"E:/Pulpit/PCB/Plytki_chlodzenia_SOFTWARE/Cooling_left/stm_f303k8_ioc/Main_app/Src/EKO_LIB" -I"E:/Pulpit/PCB/Plytki_chlodzenia_SOFTWARE/Cooling_left/stm_f303k8_ioc/Main_app/Src/MY_LIB" -I../Core/Inc -I../Drivers/STM32F3xx_HAL_Driver/Inc -I../Drivers/STM32F3xx_HAL_Driver/Inc/Legacy -I../Drivers/CMSIS/Device/ST/STM32F3xx/Include -I../Drivers/CMSIS/Include -I"E:/Pulpit/PCB/Plytki_chlodzenia_SOFTWARE/Cooling_left/stm_f303k8_ioc/Main_app/Inc" -I"E:/Pulpit/PCB/Plytki_chlodzenia_SOFTWARE/Cooling_left/stm_f303k8_ioc/Main_app/Src" -O0 -ffunction-sections -fdata-sections -Wall -fstack-usage -fcyclomatic-complexity -MMD -MP -MF"Main_app/Src/MY_LIB/MY_driver_i2c.d" -MT"Main_app/Src/MY_LIB/MY_driver_i2c.o" --specs=nano.specs -mfpu=fpv4-sp-d16 -mfloat-abi=hard -mthumb -o "Main_app/Src/MY_LIB/MY_driver_i2c.o"
arm-none-eabi-gcc "../Main_app/Src/MY_LIB/MY_driver_serwo.c" -mcpu=cortex-m4 -std=gnu11 -g3 -DDEBUG -DUSE_HAL_DRIVER -DSTM32F303x8 -c -I"E:/Pulpit/PCB/Plytki_chlodzenia_SOFTWARE/Cooling_left/stm_f303k8_ioc/Main_app/Inc/EKO_LIB" -I"E:/Pulpit/PCB/Plytki_chlodzenia_SOFTWARE/Cooling_left/stm_f303k8_ioc/Main_app/Inc/MY_LIB" -I"E:/Pulpit/PCB/Plytki_chlodzenia_SOFTWARE/Cooling_left/stm_f303k8_ioc/Main_app/Src/EKO_LIB" -I"E:/Pulpit/PCB/Plytki_chlodzenia_SOFTWARE/Cooling_left/stm_f303k8_ioc/Main_app/Src/MY_LIB" -I../Core/Inc -I../Drivers/STM32F3xx_HAL_Driver/Inc -I../Drivers/STM32F3xx_HAL_Driver/Inc/Legacy -I../Drivers/CMSIS/Device/ST/STM32F3xx/Include -I../Drivers/CMSIS/Include -I"E:/Pulpit/PCB/Plytki_chlodzenia_SOFTWARE/Cooling_left/stm_f303k8_ioc/Main_app/Inc" -I"E:/Pulpit/PCB/Plytki_chlodzenia_SOFTWARE/Cooling_left/stm_f303k8_ioc/Main_app/Src" -O0 -ffunction-sections -fdata-sections -Wall -fstack-usage -fcyclomatic-complexity -MMD -MP -MF"Main_app/Src/MY_LIB/MY_driver_serwo.d" -MT"Main_app/Src/MY_LIB/MY_driver_serwo.o" --specs=nano.specs -mfpu=fpv4-sp-d16 -mfloat-abi=hard -mthumb -o "Main_app/Src/MY_LIB/MY_driver_serwo.o"
arm-none-eabi-gcc "../Main_app/Src/EKO_LIB/can_driver.c" -mcpu=cortex-m4 -std=gnu11 -g3 -DDEBUG -DUSE_HAL_DRIVER -DSTM32F303x8 -c -I"E:/Pulpit/PCB/Plytki_chlodzenia_SOFTWARE/Cooling_left/stm_f303k8_ioc/Main_app/Inc/EKO_LIB" -I"E:/Pulpit/PCB/Plytki_chlodzenia_SOFTWARE/Cooling_left/stm_f303k8_ioc/Main_app/Inc/MY_LIB" -I"E:/Pulpit/PCB/Plytki_chlodzenia_SOFTWARE/Cooling_left/stm_f303k8_ioc/Main_app/Src/EKO_LIB" -I"E:/Pulpit/PCB/Plytki_chlodzenia_SOFTWARE/Cooling_left/stm_f303k8_ioc/Main_app/Src/MY_LIB" -I../Core/Inc -I../Drivers/STM32F3xx_HAL_Driver/Inc -I../Drivers/STM32F3xx_HAL_Driver/Inc/Legacy -I../Drivers/CMSIS/Device/ST/STM32F3xx/Include -I../Drivers/CMSIS/Include -I"E:/Pulpit/PCB/Plytki_chlodzenia_SOFTWARE/Cooling_left/stm_f303k8_ioc/Main_app/Inc" -I"E:/Pulpit/PCB/Plytki_chlodzenia_SOFTWARE/Cooling_left/stm_f303k8_ioc/Main_app/Src" -O0 -ffunction-sections -fdata-sections -Wall -fstack-usage -fcyclomatic-complexity -MMD -MP -MF"Main_app/Src/EKO_LIB/can_driver.d" -MT"Main_app/Src/EKO_LIB/can_driver.o" --specs=nano.specs -mfpu=fpv4-sp-d16 -mfloat-abi=hard -mthumb -o "Main_app/Src/EKO_LIB/can_driver.o"
arm-none-eabi-gcc "../Main_app/Src/cooler_left_app.c" -mcpu=cortex-m4 -std=gnu11 -g3 -DDEBUG -DUSE_HAL_DRIVER -DSTM32F303x8 -c -I"E:/Pulpit/PCB/Plytki_chlodzenia_SOFTWARE/Cooling_left/stm_f303k8_ioc/Main_app/Inc/EKO_LIB" -I"E:/Pulpit/PCB/Plytki_chlodzenia_SOFTWARE/Cooling_left/stm_f303k8_ioc/Main_app/Inc/MY_LIB" -I"E:/Pulpit/PCB/Plytki_chlodzenia_SOFTWARE/Cooling_left/stm_f303k8_ioc/Main_app/Src/EKO_LIB" -I"E:/Pulpit/PCB/Plytki_chlodzenia_SOFTWARE/Cooling_left/stm_f303k8_ioc/Main_app/Src/MY_LIB" -I../Core/Inc -I../Drivers/STM32F3xx_HAL_Driver/Inc -I../Drivers/STM32F3xx_HAL_Driver/Inc/Legacy -I../Drivers/CMSIS/Device/ST/STM32F3xx/Include -I../Drivers/CMSIS/Include -I"E:/Pulpit/PCB/Plytki_chlodzenia_SOFTWARE/Cooling_left/stm_f303k8_ioc/Main_app/Inc" -I"E:/Pulpit/PCB/Plytki_chlodzenia_SOFTWARE/Cooling_left/stm_f303k8_ioc/Main_app/Src" -O0 -ffunction-sections -fdata-sections -Wall -fstack-usage -fcyclomatic-complexity -MMD -MP -MF"Main_app/Src/cooler_left_app.d" -MT"Main_app/Src/cooler_left_app.o" --specs=nano.specs -mfpu=fpv4-sp-d16 -mfloat-abi=hard -mthumb -o "Main_app/Src/cooler_left_app.o"
arm-none-eabi-gcc "../Main_app/Src/cooler_test.c" -mcpu=cortex-m4 -std=gnu11 -g3 -DDEBUG -DUSE_HAL_DRIVER -DSTM32F303x8 -c -I"E:/Pulpit/PCB/Plytki_chlodzenia_SOFTWARE/Cooling_left/stm_f303k8_ioc/Main_app/Inc/EKO_LIB" -I"E:/Pulpit/PCB/Plytki_chlodzenia_SOFTWARE/Cooling_left/stm_f303k8_ioc/Main_app/Inc/MY_LIB" -I"E:/Pulpit/PCB/Plytki_chlodzenia_SOFTWARE/Cooling_left/stm_f303k8_ioc/Main_app/Src/EKO_LIB" -I"E:/Pulpit/PCB/Plytki_chlodzenia_SOFTWARE/Cooling_left/stm_f303k8_ioc/Main_app/Src/MY_LIB" -I../Core/Inc -I../Drivers/STM32F3xx_HAL_Driver/Inc -I../Drivers/STM32F3xx_HAL_Driver/Inc/Legacy -I../Drivers/CMSIS/Device/ST/STM32F3xx/Include -I../Drivers/CMSIS/Include -I"E:/Pulpit/PCB/Plytki_chlodzenia_SOFTWARE/Cooling_left/stm_f303k8_ioc/Main_app/Inc" -I"E:/Pulpit/PCB/Plytki_chlodzenia_SOFTWARE/Cooling_left/stm_f303k8_ioc/Main_app/Src" -O0 -ffunction-sections -fdata-sections -Wall -fstack-usage -fcyclomatic-complexity -MMD -MP -MF"Main_app/Src/cooler_test.d" -MT"Main_app/Src/cooler_test.o" --specs=nano.specs -mfpu=fpv4-sp-d16 -mfloat-abi=hard -mthumb -o "Main_app/Src/cooler_test.o"
arm-none-eabi-gcc "../Core/Src/main.c" -mcpu=cortex-m4 -std=gnu11 -g3 -DDEBUG -DUSE_HAL_DRIVER -DSTM32F303x8 -c -I"E:/Pulpit/PCB/Plytki_chlodzenia_SOFTWARE/Cooling_left/stm_f303k8_ioc/Main_app/Inc/EKO_LIB" -I"E:/Pulpit/PCB/Plytki_chlodzenia_SOFTWARE/Cooling_left/stm_f303k8_ioc/Main_app/Inc" -I"E:/Pulpit/PCB/Plytki_chlodzenia_SOFTWARE/Cooling_left/stm_f303k8_ioc/Main_app/Src" -I"E:/Pulpit/PCB/Plytki_chlodzenia_SOFTWARE/Cooling_left/stm_f303k8_ioc/Main_app/Inc/MY_LIB" -I"E:/Pulpit/PCB/Plytki_chlodzenia_SOFTWARE/Cooling_left/stm_f303k8_ioc/Main_app/Src/EKO_LIB" -I"E:/Pulpit/PCB/Plytki_chlodzenia_SOFTWARE/Cooling_left/stm_f303k8_ioc/Main_app/Src/MY_LIB" -I../Core/Inc -I../Drivers/STM32F3xx_HAL_Driver/Inc -I../Drivers/STM32F3xx_HAL_Driver/Inc/Legacy -I../Drivers/CMSIS/Device/ST/STM32F3xx/Include -I../Drivers/CMSIS/Include -O0 -ffunction-sections -fdata-sections -Wall -fstack-usage -fcyclomatic-complexity -MMD -MP -MF"Core/Src/main.d" -MT"Core/Src/main.o" --specs=nano.specs -mfpu=fpv4-sp-d16 -mfloat-abi=hard -mthumb -o "Core/Src/main.o"
../Main_app/Src/MY_LIB/MY_driver_i2c.c: In function 'AM2320_StateMachine':
../Main_app/Src/MY_LIB/MY_driver_i2c.c:153:5: warning: enumeration value 'AM2320_IDLE' not handled in switch [-Wswitch]
  153 |     switch (am2320State)
      |     ^~~~~~
../Main_app/Src/cooler_left_app.c: In function 'COOLER_app':
../Main_app/Src/cooler_left_app.c:117:27: warning: enumeration value 'CAN_FRAME_BMS_TEMP_1' not handled in switch [-Wswitch]
  117 |                           switch(msg.name)
      |                           ^~~~~~
../Main_app/Src/cooler_left_app.c:117:27: warning: enumeration value 'CAN_FRAME_BMS_TEMP_2' not handled in switch [-Wswitch]
../Main_app/Src/cooler_left_app.c:117:27: warning: enumeration value 'CAN_FRAME_BMS_TEMP_3' not handled in switch [-Wswitch]
../Main_app/Src/cooler_left_app.c:117:27: warning: enumeration value 'CAN_FRAME_BMS_TEMP_4' not handled in switch [-Wswitch]
../Main_app/Src/cooler_left_app.c:117:27: warning: enumeration value 'CAN_FRAME_BMS_TEMP_5' not handled in switch [-Wswitch]
../Main_app/Src/cooler_left_app.c:117:27: warning: enumeration value 'CAN_FRAME_BMS_TEMP_6' not handled in switch [-Wswitch]
../Main_app/Src/cooler_left_app.c:117:27: warning: enumeration value 'CAN_FRAME_BMS_TEMP_7' not handled in switch [-Wswitch]
../Main_app/Src/cooler_left_app.c:117:27: warning: enumeration value 'CAN_FRAME_BMS_TEMP_8' not handled in switch [-Wswitch]
../Main_app/Src/cooler_left_app.c:117:27: warning: enumeration value 'CAN_FRAME_BMS_TEMP_9' not handled in switch [-Wswitch]
../Main_app/Src/cooler_left_app.c:117:27: warning: enumeration value 'CAN_FRAME_SET_SERVOS_ENGINE' not handled in switch [-Wswitch]
../Main_app/Src/cooler_left_app.c:117:27: warning: enumeration value 'CAN_FRAME_SAFE_STATE' not handled in switch [-Wswitch]
../Main_app/Src/cooler_left_app.c:117:27: warning: enumeration value 'CAN_FRAME_BATTERY_SET_FAN' not handled in switch [-Wswitch]
../Main_app/Src/cooler_left_app.c:117:27: warning: enumeration value 'CAN_FRAME_UNKNOWN' not handled in switch [-Wswitch]
arm-none-eabi-gcc -o "stm_f303k8_ioc.elf" @"objects.list"   -mcpu=cortex-m4 -T"E:\Pulpit\PCB\Plytki_chlodzenia_SOFTWARE\Cooling_left\stm_f303k8_ioc\STM32F303K8TX_FLASH.ld" --specs=nosys.specs -Wl,-Map="stm_f303k8_ioc.map" -Wl,--gc-sections -static --specs=nano.specs -mfpu=fpv4-sp-d16 -mfloat-abi=hard -mthumb -Wl,--start-group -lc -lm -Wl,--end-group
Finished building target: stm_f303k8_ioc.elf
 
arm-none-eabi-size  stm_f303k8_ioc.elf 
arm-none-eabi-objdump -h -S stm_f303k8_ioc.elf  > "stm_f303k8_ioc.list"
   text	   data	    bss	    dec	    hex	filename
  34852	     12	   5064	  39928	   9bf8	stm_f303k8_ioc.elf
Finished building: default.size.stdout
 
Finished building: stm_f303k8_ioc.list
 
19:58:12 **** Incremental Build of configuration Debug for project stm_f303k8_ioc ****
make -j16 all 
arm-none-eabi-gcc "../Main_app/Src/MY_LIB/MY_driver_fan.c" -mcpu=cortex-m4 -std=gnu11 -g3 -DDEBUG -DUSE_HAL_DRIVER -DSTM32F303x8 -c -I"E:/Pulpit/PCB/Plytki_chlodzenia_SOFTWARE/Cooling_left/stm_f303k8_ioc/Main_app/Inc/EKO_LIB" -I"E:/Pulpit/PCB/Plytki_chlodzenia_SOFTWARE/Cooling_left/stm_f303k8_ioc/Main_app/Inc/MY_LIB" -I"E:/Pulpit/PCB/Plytki_chlodzenia_SOFTWARE/Cooling_left/stm_f303k8_ioc/Main_app/Src/EKO_LIB" -I"E:/Pulpit/PCB/Plytki_chlodzenia_SOFTWARE/Cooling_left/stm_f303k8_ioc/Main_app/Src/MY_LIB" -I../Core/Inc -I../Drivers/STM32F3xx_HAL_Driver/Inc -I../Drivers/STM32F3xx_HAL_Driver/Inc/Legacy -I../Drivers/CMSIS/Device/ST/STM32F3xx/Include -I../Drivers/CMSIS/Include -I"E:/Pulpit/PCB/Plytki_chlodzenia_SOFTWARE/Cooling_left/stm_f303k8_ioc/Main_app/Inc" -I"E:/Pulpit/PCB/Plytki_chlodzenia_SOFTWARE/Cooling_left/stm_f303k8_ioc/Main_app/Src" -O0 -ffunction-sections -fdata-sections -Wall -fstack-usage -fcyclomatic-complexity -MMD -MP -MF"Main_app/Src/MY_LIB/MY_driver_fan.d" -MT"Main_app/Src/MY_LIB/MY_driver_fan.o" --specs=nano.specs -mfpu=fpv4-sp-d16 -mfloat-abi=hard -mthumb -o "Main_app/Src/MY_LIB/MY_driver_fan.o"
arm-none-eabi-gcc "../Main_app/Src/MY_LIB/MY_driver_i2c.c" -mcpu=cortex-m4 -std=gnu11 -g3 -DDEBUG -DUSE_HAL_DRIVER -DSTM32F303x8 -c -I"E:/Pulpit/PCB/Plytki_chlodzenia_SOFTWARE/Cooling_left/stm_f303k8_ioc/Main_app/Inc/EKO_LIB" -I"E:/Pulpit/PCB/Plytki_chlodzenia_SOFTWARE/Cooling_left/stm_f303k8_ioc/Main_app/Inc/MY_LIB" -I"E:/Pulpit/PCB/Plytki_chlodzenia_SOFTWARE/Cooling_left/stm_f303k8_ioc/Main_app/Src/EKO_LIB" -I"E:/Pulpit/PCB/Plytki_chlodzenia_SOFTWARE/Cooling_left/stm_f303k8_ioc/Main_app/Src/MY_LIB" -I../Core/Inc -I../Drivers/STM32F3xx_HAL_Driver/Inc -I../Drivers/STM32F3xx_HAL_Driver/Inc/Legacy -I../Drivers/CMSIS/Device/ST/STM32F3xx/Include -I../Drivers/CMSIS/Include -I"E:/Pulpit/PCB/Plytki_chlodzenia_SOFTWARE/Cooling_left/stm_f303k8_ioc/Main_app/Inc" -I"E:/Pulpit/PCB/Plytki_chlodzenia_SOFTWARE/Cooling_left/stm_f303k8_ioc/Main_app/Src" -O0 -ffunction-sections -fdata-sections -Wall -fstack-usage -fcyclomatic-complexity -MMD -MP -MF"Main_app/Src/MY_LIB/MY_driver_i2c.d" -MT"Main_app/Src/MY_LIB/MY_driver_i2c.o" --specs=nano.specs -mfpu=fpv4-sp-d16 -mfloat-abi=hard -mthumb -o "Main_app/Src/MY_LIB/MY_driver_i2c.o"
arm-none-eabi-gcc "../Main_app/Src/MY_LIB/MY_driver_serwo.c" -mcpu=cortex-m4 -std=gnu11 -g3 -DDEBUG -DUSE_HAL_DRIVER -DSTM32F303x8 -c -I"E:/Pulpit/PCB/Plytki_chlodzenia_SOFTWARE/Cooling_left/stm_f303k8_ioc/Main_app/Inc/EKO_LIB" -I"E:/Pulpit/PCB/Plytki_chlodzenia_SOFTWARE/Cooling_left/stm_f303k8_ioc/Main_app/Inc/MY_LIB" -I"E:/Pulpit/PCB/Plytki_chlodzenia_SOFTWARE/Cooling_left/stm_f303k8_ioc/Main_app/Src/EKO_LIB" -I"E:/Pulpit/PCB/Plytki_chlodzenia_SOFTWARE/Cooling_left/stm_f303k8_ioc/Main_app/Src/MY_LIB" -I../Core/Inc -I../Drivers/STM32F3xx_HAL_Driver/Inc -I../Drivers/STM32F3xx_HAL_Driver/Inc/Legacy -I../Drivers/CMSIS/Device/ST/STM32F3xx/Include -I../Drivers/CMSIS/Include -I"E:/Pulpit/PCB/Plytki_chlodzenia_SOFTWARE/Cooling_left/stm_f303k8_ioc/Main_app/Inc" -I"E:/Pulpit/PCB/Plytki_chlodzenia_SOFTWARE/Cooling_left/stm_f303k8_ioc/Main_app/Src" -O0 -ffunction-sections -fdata-sections -Wall -fstack-usage -fcyclomatic-complexity -MMD -MP -MF"Main_app/Src/MY_LIB/MY_driver_serwo.d" -MT"Main_app/Src/MY_LIB/MY_driver_serwo.o" --specs=nano.specs -mfpu=fpv4-sp-d16 -mfloat-abi=hard -mthumb -o "Main_app/Src/MY_LIB/MY_driver_serwo.o"
arm-none-eabi-gcc "../Main_app/Src/EKO_LIB/can_driver.c" -mcpu=cortex-m4 -std=gnu11 -g3 -DDEBUG -DUSE_HAL_DRIVER -DSTM32F303x8 -c -I"E:/Pulpit/PCB/Plytki_chlodzenia_SOFTWARE/Cooling_left/stm_f303k8_ioc/Main_app/Inc/EKO_LIB" -I"E:/Pulpit/PCB/Plytki_chlodzenia_SOFTWARE/Cooling_left/stm_f303k8_ioc/Main_app/Inc/MY_LIB" -I"E:/Pulpit/PCB/Plytki_chlodzenia_SOFTWARE/Cooling_left/stm_f303k8_ioc/Main_app/Src/EKO_LIB" -I"E:/Pulpit/PCB/Plytki_chlodzenia_SOFTWARE/Cooling_left/stm_f303k8_ioc/Main_app/Src/MY_LIB" -I../Core/Inc -I../Drivers/STM32F3xx_HAL_Driver/Inc -I../Drivers/STM32F3xx_HAL_Driver/Inc/Legacy -I../Drivers/CMSIS/Device/ST/STM32F3xx/Include -I../Drivers/CMSIS/Include -I"E:/Pulpit/PCB/Plytki_chlodzenia_SOFTWARE/Cooling_left/stm_f303k8_ioc/Main_app/Inc" -I"E:/Pulpit/PCB/Plytki_chlodzenia_SOFTWARE/Cooling_left/stm_f303k8_ioc/Main_app/Src" -O0 -ffunction-sections -fdata-sections -Wall -fstack-usage -fcyclomatic-complexity -MMD -MP -MF"Main_app/Src/EKO_LIB/can_driver.d" -MT"Main_app/Src/EKO_LIB/can_driver.o" --specs=nano.specs -mfpu=fpv4-sp-d16 -mfloat-abi=hard -mthumb -o "Main_app/Src/EKO_LIB/can_driver.o"
arm-none-eabi-gcc "../Main_app/Src/cooler_left_app.c" -mcpu=cortex-m4 -std=gnu11 -g3 -DDEBUG -DUSE_HAL_DRIVER -DSTM32F303x8 -c -I"E:/Pulpit/PCB/Plytki_chlodzenia_SOFTWARE/Cooling_left/stm_f303k8_ioc/Main_app/Inc/EKO_LIB" -I"E:/Pulpit/PCB/Plytki_chlodzenia_SOFTWARE/Cooling_left/stm_f303k8_ioc/Main_app/Inc/MY_LIB" -I"E:/Pulpit/PCB/Plytki_chlodzenia_SOFTWARE/Cooling_left/stm_f303k8_ioc/Main_app/Src/EKO_LIB" -I"E:/Pulpit/PCB/Plytki_chlodzenia_SOFTWARE/Cooling_left/stm_f303k8_ioc/Main_app/Src/MY_LIB" -I../Core/Inc -I../Drivers/STM32F3xx_HAL_Driver/Inc -I../Drivers/STM32F3xx_HAL_Driver/Inc/Legacy -I../Drivers/CMSIS/Device/ST/STM32F3xx/Include -I../Drivers/CMSIS/Include -I"E:/Pulpit/PCB/Plytki_chlodzenia_SOFTWARE/Cooling_left/stm_f303k8_ioc/Main_app/Inc" -I"E:/Pulpit/PCB/Plytki_chlodzenia_SOFTWARE/Cooling_left/stm_f303k8_ioc/Main_app/Src" -O0 -ffunction-sections -fdata-sections -Wall -fstack-usage -fcyclomatic-complexity -MMD -MP -MF"Main_app/Src/cooler_left_app.d" -MT"Main_app/Src/cooler_left_app.o" --specs=nano.specs -mfpu=fpv4-sp-d16 -mfloat-abi=hard -mthumb -o "Main_app/Src/cooler_left_app.o"
arm-none-eabi-gcc "../Main_app/Src/cooler_test.c" -mcpu=cortex-m4 -std=gnu11 -g3 -DDEBUG -DUSE_HAL_DRIVER -DSTM32F303x8 -c -I"E:/Pulpit/PCB/Plytki_chlodzenia_SOFTWARE/Cooling_left/stm_f303k8_ioc/Main_app/Inc/EKO_LIB" -I"E:/Pulpit/PCB/Plytki_chlodzenia_SOFTWARE/Cooling_left/stm_f303k8_ioc/Main_app/Inc/MY_LIB" -I"E:/Pulpit/PCB/Plytki_chlodzenia_SOFTWARE/Cooling_left/stm_f303k8_ioc/Main_app/Src/EKO_LIB" -I"E:/Pulpit/PCB/Plytki_chlodzenia_SOFTWARE/Cooling_left/stm_f303k8_ioc/Main_app/Src/MY_LIB" -I../Core/Inc -I../Drivers/STM32F3xx_HAL_Driver/Inc -I../Drivers/STM32F3xx_HAL_Driver/Inc/Legacy -I../Drivers/CMSIS/Device/ST/STM32F3xx/Include -I../Drivers/CMSIS/Include -I"E:/Pulpit/PCB/Plytki_chlodzenia_SOFTWARE/Cooling_left/stm_f303k8_ioc/Main_app/Inc" -I"E:/Pulpit/PCB/Plytki_chlodzenia_SOFTWARE/Cooling_left/stm_f303k8_ioc/Main_app/Src" -O0 -ffunction-sections -fdata-sections -Wall -fstack-usage -fcyclomatic-complexity -MMD -MP -MF"Main_app/Src/cooler_test.d" -MT"Main_app/Src/cooler_test.o" --specs=nano.specs -mfpu=fpv4-sp-d16 -mfloat-abi=hard -mthumb -o "Main_app/Src/cooler_test.o"
arm-none-eabi-gcc "../Core/Src/main.c" -mcpu=cortex-m4 -std=gnu11 -g3 -DDEBUG -DUSE_HAL_DRIVER -DSTM32F303x8 -c -I"E:/Pulpit/PCB/Plytki_chlodzenia_SOFTWARE/Cooling_left/stm_f303k8_ioc/Main_app/Inc/EKO_LIB" -I"E:/Pulpit/PCB/Plytki_chlodzenia_SOFTWARE/Cooling_left/stm_f303k8_ioc/Main_app/Inc" -I"E:/Pulpit/PCB/Plytki_chlodzenia_SOFTWARE/Cooling_left/stm_f303k8_ioc/Main_app/Src" -I"E:/Pulpit/PCB/Plytki_chlodzenia_SOFTWARE/Cooling_left/stm_f303k8_ioc/Main_app/Inc/MY_LIB" -I"E:/Pulpit/PCB/Plytki_chlodzenia_SOFTWARE/Cooling_left/stm_f303k8_ioc/Main_app/Src/EKO_LIB" -I"E:/Pulpit/PCB/Plytki_chlodzenia_SOFTWARE/Cooling_left/stm_f303k8_ioc/Main_app/Src/MY_LIB" -I../Core/Inc -I../Drivers/STM32F3xx_HAL_Driver/Inc -I../Drivers/STM32F3xx_HAL_Driver/Inc/Legacy -I../Drivers/CMSIS/Device/ST/STM32F3xx/Include -I../Drivers/CMSIS/Include -O0 -ffunction-sections -fdata-sections -Wall -fstack-usage -fcyclomatic-complexity -MMD -MP -MF"Core/Src/main.d" -MT"Core/Src/main.o" --specs=nano.specs -mfpu=fpv4-sp-d16 -mfloat-abi=hard -mthumb -o "Core/Src/main.o"
../Main_app/Src/MY_LIB/MY_driver_i2c.c: In function 'AM2320_StateMachine':
../Main_app/Src/MY_LIB/MY_driver_i2c.c:153:5: warning: enumeration value 'AM2320_IDLE' not handled in switch [-Wswitch]
  153 |     switch (am2320State)
      |     ^~~~~~
../Main_app/Src/cooler_left_app.c: In function 'COOLER_app':
../Main_app/Src/cooler_left_app.c:118:27: warning: enumeration value 'CAN_FRAME_BMS_TEMP_1' not handled in switch [-Wswitch]
  118 |                           switch(msg.name)
      |                           ^~~~~~
../Main_app/Src/cooler_left_app.c:118:27: warning: enumeration value 'CAN_FRAME_BMS_TEMP_2' not handled in switch [-Wswitch]
../Main_app/Src/cooler_left_app.c:118:27: warning: enumeration value 'CAN_FRAME_BMS_TEMP_3' not handled in switch [-Wswitch]
../Main_app/Src/cooler_left_app.c:118:27: warning: enumeration value 'CAN_FRAME_BMS_TEMP_4' not handled in switch [-Wswitch]
../Main_app/Src/cooler_left_app.c:118:27: warning: enumeration value 'CAN_FRAME_BMS_TEMP_5' not handled in switch [-Wswitch]
../Main_app/Src/cooler_left_app.c:118:27: warning: enumeration value 'CAN_FRAME_BMS_TEMP_6' not handled in switch [-Wswitch]
../Main_app/Src/cooler_left_app.c:118:27: warning: enumeration value 'CAN_FRAME_BMS_TEMP_7' not handled in switch [-Wswitch]
../Main_app/Src/cooler_left_app.c:118:27: warning: enumeration value 'CAN_FRAME_BMS_TEMP_8' not handled in switch [-Wswitch]
../Main_app/Src/cooler_left_app.c:118:27: warning: enumeration value 'CAN_FRAME_BMS_TEMP_9' not handled in switch [-Wswitch]
../Main_app/Src/cooler_left_app.c:118:27: warning: enumeration value 'CAN_FRAME_SET_SERVOS_ENGINE' not handled in switch [-Wswitch]
../Main_app/Src/cooler_left_app.c:118:27: warning: enumeration value 'CAN_FRAME_SAFE_STATE' not handled in switch [-Wswitch]
../Main_app/Src/cooler_left_app.c:118:27: warning: enumeration value 'CAN_FRAME_BATTERY_SET_FAN' not handled in switch [-Wswitch]
../Main_app/Src/cooler_left_app.c:118:27: warning: enumeration value 'CAN_FRAME_UNKNOWN' not handled in switch [-Wswitch]
arm-none-eabi-gcc -o "stm_f303k8_ioc.elf" @"objects.list"   -mcpu=cortex-m4 -T"E:\Pulpit\PCB\Plytki_chlodzenia_SOFTWARE\Cooling_left\stm_f303k8_ioc\STM32F303K8TX_FLASH.ld" --specs=nosys.specs -Wl,-Map="stm_f303k8_ioc.map" -Wl,--gc-sections -static --specs=nano.specs -mfpu=fpv4-sp-d16 -mfloat-abi=hard -mthumb -Wl,--start-group -lc -lm -Wl,--end-group
Finished building target: stm_f303k8_ioc.elf
 
arm-none-eabi-size  stm_f303k8_ioc.elf 
arm-none-eabi-objdump -h -S stm_f303k8_ioc.elf  > "stm_f303k8_ioc.list"
   text	   data	    bss	    dec	    hex	filename
  34852	     12	   5064	  39928	   9bf8	stm_f303k8_ioc.elf
Finished building: default.size.stdout
 
Finished building: stm_f303k8_ioc.list
 
19:59:36 **** Incremental Build of configuration Debug for project stm_f303k8_ioc ****
make -j16 all 
arm-none-eabi-gcc "../Main_app/Src/MY_LIB/MY_driver_fan.c" -mcpu=cortex-m4 -std=gnu11 -g3 -DDEBUG -DUSE_HAL_DRIVER -DSTM32F303x8 -c -I"E:/Pulpit/PCB/Plytki_chlodzenia_SOFTWARE/Cooling_left/stm_f303k8_ioc/Main_app/Inc/EKO_LIB" -I"E:/Pulpit/PCB/Plytki_chlodzenia_SOFTWARE/Cooling_left/stm_f303k8_ioc/Main_app/Inc/MY_LIB" -I"E:/Pulpit/PCB/Plytki_chlodzenia_SOFTWARE/Cooling_left/stm_f303k8_ioc/Main_app/Src/EKO_LIB" -I"E:/Pulpit/PCB/Plytki_chlodzenia_SOFTWARE/Cooling_left/stm_f303k8_ioc/Main_app/Src/MY_LIB" -I../Core/Inc -I../Drivers/STM32F3xx_HAL_Driver/Inc -I../Drivers/STM32F3xx_HAL_Driver/Inc/Legacy -I../Drivers/CMSIS/Device/ST/STM32F3xx/Include -I../Drivers/CMSIS/Include -I"E:/Pulpit/PCB/Plytki_chlodzenia_SOFTWARE/Cooling_left/stm_f303k8_ioc/Main_app/Inc" -I"E:/Pulpit/PCB/Plytki_chlodzenia_SOFTWARE/Cooling_left/stm_f303k8_ioc/Main_app/Src" -O0 -ffunction-sections -fdata-sections -Wall -fstack-usage -fcyclomatic-complexity -MMD -MP -MF"Main_app/Src/MY_LIB/MY_driver_fan.d" -MT"Main_app/Src/MY_LIB/MY_driver_fan.o" --specs=nano.specs -mfpu=fpv4-sp-d16 -mfloat-abi=hard -mthumb -o "Main_app/Src/MY_LIB/MY_driver_fan.o"
arm-none-eabi-gcc "../Main_app/Src/MY_LIB/MY_driver_i2c.c" -mcpu=cortex-m4 -std=gnu11 -g3 -DDEBUG -DUSE_HAL_DRIVER -DSTM32F303x8 -c -I"E:/Pulpit/PCB/Plytki_chlodzenia_SOFTWARE/Cooling_left/stm_f303k8_ioc/Main_app/Inc/EKO_LIB" -I"E:/Pulpit/PCB/Plytki_chlodzenia_SOFTWARE/Cooling_left/stm_f303k8_ioc/Main_app/Inc/MY_LIB" -I"E:/Pulpit/PCB/Plytki_chlodzenia_SOFTWARE/Cooling_left/stm_f303k8_ioc/Main_app/Src/EKO_LIB" -I"E:/Pulpit/PCB/Plytki_chlodzenia_SOFTWARE/Cooling_left/stm_f303k8_ioc/Main_app/Src/MY_LIB" -I../Core/Inc -I../Drivers/STM32F3xx_HAL_Driver/Inc -I../Drivers/STM32F3xx_HAL_Driver/Inc/Legacy -I../Drivers/CMSIS/Device/ST/STM32F3xx/Include -I../Drivers/CMSIS/Include -I"E:/Pulpit/PCB/Plytki_chlodzenia_SOFTWARE/Cooling_left/stm_f303k8_ioc/Main_app/Inc" -I"E:/Pulpit/PCB/Plytki_chlodzenia_SOFTWARE/Cooling_left/stm_f303k8_ioc/Main_app/Src" -O0 -ffunction-sections -fdata-sections -Wall -fstack-usage -fcyclomatic-complexity -MMD -MP -MF"Main_app/Src/MY_LIB/MY_driver_i2c.d" -MT"Main_app/Src/MY_LIB/MY_driver_i2c.o" --specs=nano.specs -mfpu=fpv4-sp-d16 -mfloat-abi=hard -mthumb -o "Main_app/Src/MY_LIB/MY_driver_i2c.o"
arm-none-eabi-gcc "../Main_app/Src/MY_LIB/MY_driver_serwo.c" -mcpu=cortex-m4 -std=gnu11 -g3 -DDEBUG -DUSE_HAL_DRIVER -DSTM32F303x8 -c -I"E:/Pulpit/PCB/Plytki_chlodzenia_SOFTWARE/Cooling_left/stm_f303k8_ioc/Main_app/Inc/EKO_LIB" -I"E:/Pulpit/PCB/Plytki_chlodzenia_SOFTWARE/Cooling_left/stm_f303k8_ioc/Main_app/Inc/MY_LIB" -I"E:/Pulpit/PCB/Plytki_chlodzenia_SOFTWARE/Cooling_left/stm_f303k8_ioc/Main_app/Src/EKO_LIB" -I"E:/Pulpit/PCB/Plytki_chlodzenia_SOFTWARE/Cooling_left/stm_f303k8_ioc/Main_app/Src/MY_LIB" -I../Core/Inc -I../Drivers/STM32F3xx_HAL_Driver/Inc -I../Drivers/STM32F3xx_HAL_Driver/Inc/Legacy -I../Drivers/CMSIS/Device/ST/STM32F3xx/Include -I../Drivers/CMSIS/Include -I"E:/Pulpit/PCB/Plytki_chlodzenia_SOFTWARE/Cooling_left/stm_f303k8_ioc/Main_app/Inc" -I"E:/Pulpit/PCB/Plytki_chlodzenia_SOFTWARE/Cooling_left/stm_f303k8_ioc/Main_app/Src" -O0 -ffunction-sections -fdata-sections -Wall -fstack-usage -fcyclomatic-complexity -MMD -MP -MF"Main_app/Src/MY_LIB/MY_driver_serwo.d" -MT"Main_app/Src/MY_LIB/MY_driver_serwo.o" --specs=nano.specs -mfpu=fpv4-sp-d16 -mfloat-abi=hard -mthumb -o "Main_app/Src/MY_LIB/MY_driver_serwo.o"
arm-none-eabi-gcc "../Main_app/Src/EKO_LIB/can_driver.c" -mcpu=cortex-m4 -std=gnu11 -g3 -DDEBUG -DUSE_HAL_DRIVER -DSTM32F303x8 -c -I"E:/Pulpit/PCB/Plytki_chlodzenia_SOFTWARE/Cooling_left/stm_f303k8_ioc/Main_app/Inc/EKO_LIB" -I"E:/Pulpit/PCB/Plytki_chlodzenia_SOFTWARE/Cooling_left/stm_f303k8_ioc/Main_app/Inc/MY_LIB" -I"E:/Pulpit/PCB/Plytki_chlodzenia_SOFTWARE/Cooling_left/stm_f303k8_ioc/Main_app/Src/EKO_LIB" -I"E:/Pulpit/PCB/Plytki_chlodzenia_SOFTWARE/Cooling_left/stm_f303k8_ioc/Main_app/Src/MY_LIB" -I../Core/Inc -I../Drivers/STM32F3xx_HAL_Driver/Inc -I../Drivers/STM32F3xx_HAL_Driver/Inc/Legacy -I../Drivers/CMSIS/Device/ST/STM32F3xx/Include -I../Drivers/CMSIS/Include -I"E:/Pulpit/PCB/Plytki_chlodzenia_SOFTWARE/Cooling_left/stm_f303k8_ioc/Main_app/Inc" -I"E:/Pulpit/PCB/Plytki_chlodzenia_SOFTWARE/Cooling_left/stm_f303k8_ioc/Main_app/Src" -O0 -ffunction-sections -fdata-sections -Wall -fstack-usage -fcyclomatic-complexity -MMD -MP -MF"Main_app/Src/EKO_LIB/can_driver.d" -MT"Main_app/Src/EKO_LIB/can_driver.o" --specs=nano.specs -mfpu=fpv4-sp-d16 -mfloat-abi=hard -mthumb -o "Main_app/Src/EKO_LIB/can_driver.o"
arm-none-eabi-gcc "../Main_app/Src/cooler_left_app.c" -mcpu=cortex-m4 -std=gnu11 -g3 -DDEBUG -DUSE_HAL_DRIVER -DSTM32F303x8 -c -I"E:/Pulpit/PCB/Plytki_chlodzenia_SOFTWARE/Cooling_left/stm_f303k8_ioc/Main_app/Inc/EKO_LIB" -I"E:/Pulpit/PCB/Plytki_chlodzenia_SOFTWARE/Cooling_left/stm_f303k8_ioc/Main_app/Inc/MY_LIB" -I"E:/Pulpit/PCB/Plytki_chlodzenia_SOFTWARE/Cooling_left/stm_f303k8_ioc/Main_app/Src/EKO_LIB" -I"E:/Pulpit/PCB/Plytki_chlodzenia_SOFTWARE/Cooling_left/stm_f303k8_ioc/Main_app/Src/MY_LIB" -I../Core/Inc -I../Drivers/STM32F3xx_HAL_Driver/Inc -I../Drivers/STM32F3xx_HAL_Driver/Inc/Legacy -I../Drivers/CMSIS/Device/ST/STM32F3xx/Include -I../Drivers/CMSIS/Include -I"E:/Pulpit/PCB/Plytki_chlodzenia_SOFTWARE/Cooling_left/stm_f303k8_ioc/Main_app/Inc" -I"E:/Pulpit/PCB/Plytki_chlodzenia_SOFTWARE/Cooling_left/stm_f303k8_ioc/Main_app/Src" -O0 -ffunction-sections -fdata-sections -Wall -fstack-usage -fcyclomatic-complexity -MMD -MP -MF"Main_app/Src/cooler_left_app.d" -MT"Main_app/Src/cooler_left_app.o" --specs=nano.specs -mfpu=fpv4-sp-d16 -mfloat-abi=hard -mthumb -o "Main_app/Src/cooler_left_app.o"
arm-none-eabi-gcc "../Main_app/Src/cooler_test.c" -mcpu=cortex-m4 -std=gnu11 -g3 -DDEBUG -DUSE_HAL_DRIVER -DSTM32F303x8 -c -I"E:/Pulpit/PCB/Plytki_chlodzenia_SOFTWARE/Cooling_left/stm_f303k8_ioc/Main_app/Inc/EKO_LIB" -I"E:/Pulpit/PCB/Plytki_chlodzenia_SOFTWARE/Cooling_left/stm_f303k8_ioc/Main_app/Inc/MY_LIB" -I"E:/Pulpit/PCB/Plytki_chlodzenia_SOFTWARE/Cooling_left/stm_f303k8_ioc/Main_app/Src/EKO_LIB" -I"E:/Pulpit/PCB/Plytki_chlodzenia_SOFTWARE/Cooling_left/stm_f303k8_ioc/Main_app/Src/MY_LIB" -I../Core/Inc -I../Drivers/STM32F3xx_HAL_Driver/Inc -I../Drivers/STM32F3xx_HAL_Driver/Inc/Legacy -I../Drivers/CMSIS/Device/ST/STM32F3xx/Include -I../Drivers/CMSIS/Include -I"E:/Pulpit/PCB/Plytki_chlodzenia_SOFTWARE/Cooling_left/stm_f303k8_ioc/Main_app/Inc" -I"E:/Pulpit/PCB/Plytki_chlodzenia_SOFTWARE/Cooling_left/stm_f303k8_ioc/Main_app/Src" -O0 -ffunction-sections -fdata-sections -Wall -fstack-usage -fcyclomatic-complexity -MMD -MP -MF"Main_app/Src/cooler_test.d" -MT"Main_app/Src/cooler_test.o" --specs=nano.specs -mfpu=fpv4-sp-d16 -mfloat-abi=hard -mthumb -o "Main_app/Src/cooler_test.o"
arm-none-eabi-gcc "../Core/Src/main.c" -mcpu=cortex-m4 -std=gnu11 -g3 -DDEBUG -DUSE_HAL_DRIVER -DSTM32F303x8 -c -I"E:/Pulpit/PCB/Plytki_chlodzenia_SOFTWARE/Cooling_left/stm_f303k8_ioc/Main_app/Inc/EKO_LIB" -I"E:/Pulpit/PCB/Plytki_chlodzenia_SOFTWARE/Cooling_left/stm_f303k8_ioc/Main_app/Inc" -I"E:/Pulpit/PCB/Plytki_chlodzenia_SOFTWARE/Cooling_left/stm_f303k8_ioc/Main_app/Src" -I"E:/Pulpit/PCB/Plytki_chlodzenia_SOFTWARE/Cooling_left/stm_f303k8_ioc/Main_app/Inc/MY_LIB" -I"E:/Pulpit/PCB/Plytki_chlodzenia_SOFTWARE/Cooling_left/stm_f303k8_ioc/Main_app/Src/EKO_LIB" -I"E:/Pulpit/PCB/Plytki_chlodzenia_SOFTWARE/Cooling_left/stm_f303k8_ioc/Main_app/Src/MY_LIB" -I../Core/Inc -I../Drivers/STM32F3xx_HAL_Driver/Inc -I../Drivers/STM32F3xx_HAL_Driver/Inc/Legacy -I../Drivers/CMSIS/Device/ST/STM32F3xx/Include -I../Drivers/CMSIS/Include -O0 -ffunction-sections -fdata-sections -Wall -fstack-usage -fcyclomatic-complexity -MMD -MP -MF"Core/Src/main.d" -MT"Core/Src/main.o" --specs=nano.specs -mfpu=fpv4-sp-d16 -mfloat-abi=hard -mthumb -o "Core/Src/main.o"
../Main_app/Src/MY_LIB/MY_driver_i2c.c: In function 'AM2320_StateMachine':
../Main_app/Src/MY_LIB/MY_driver_i2c.c:153:5: warning: enumeration value 'AM2320_IDLE' not handled in switch [-Wswitch]
  153 |     switch (am2320State)
      |     ^~~~~~
../Main_app/Src/cooler_left_app.c: In function 'COOLER_app':
../Main_app/Src/cooler_left_app.c:117:27: warning: enumeration value 'CAN_FRAME_BMS_TEMP_1' not handled in switch [-Wswitch]
  117 |                           switch(msg.name)
      |                           ^~~~~~
../Main_app/Src/cooler_left_app.c:117:27: warning: enumeration value 'CAN_FRAME_BMS_TEMP_2' not handled in switch [-Wswitch]
../Main_app/Src/cooler_left_app.c:117:27: warning: enumeration value 'CAN_FRAME_BMS_TEMP_3' not handled in switch [-Wswitch]
../Main_app/Src/cooler_left_app.c:117:27: warning: enumeration value 'CAN_FRAME_BMS_TEMP_4' not handled in switch [-Wswitch]
../Main_app/Src/cooler_left_app.c:117:27: warning: enumeration value 'CAN_FRAME_BMS_TEMP_5' not handled in switch [-Wswitch]
../Main_app/Src/cooler_left_app.c:117:27: warning: enumeration value 'CAN_FRAME_BMS_TEMP_6' not handled in switch [-Wswitch]
../Main_app/Src/cooler_left_app.c:117:27: warning: enumeration value 'CAN_FRAME_BMS_TEMP_7' not handled in switch [-Wswitch]
../Main_app/Src/cooler_left_app.c:117:27: warning: enumeration value 'CAN_FRAME_BMS_TEMP_8' not handled in switch [-Wswitch]
../Main_app/Src/cooler_left_app.c:117:27: warning: enumeration value 'CAN_FRAME_BMS_TEMP_9' not handled in switch [-Wswitch]
../Main_app/Src/cooler_left_app.c:117:27: warning: enumeration value 'CAN_FRAME_SET_SERVOS_ENGINE' not handled in switch [-Wswitch]
../Main_app/Src/cooler_left_app.c:117:27: warning: enumeration value 'CAN_FRAME_SAFE_STATE' not handled in switch [-Wswitch]
../Main_app/Src/cooler_left_app.c:117:27: warning: enumeration value 'CAN_FRAME_BATTERY_SET_FAN' not handled in switch [-Wswitch]
../Main_app/Src/cooler_left_app.c:117:27: warning: enumeration value 'CAN_FRAME_UNKNOWN' not handled in switch [-Wswitch]
arm-none-eabi-gcc -o "stm_f303k8_ioc.elf" @"objects.list"   -mcpu=cortex-m4 -T"E:\Pulpit\PCB\Plytki_chlodzenia_SOFTWARE\Cooling_left\stm_f303k8_ioc\STM32F303K8TX_FLASH.ld" --specs=nosys.specs -Wl,-Map="stm_f303k8_ioc.map" -Wl,--gc-sections -static --specs=nano.specs -mfpu=fpv4-sp-d16 -mfloat-abi=hard -mthumb -Wl,--start-group -lc -lm -Wl,--end-group
Finished building target: stm_f303k8_ioc.elf
 
arm-none-eabi-size  stm_f303k8_ioc.elf 
arm-none-eabi-objdump -h -S stm_f303k8_ioc.elf  > "stm_f303k8_ioc.list"
   text	   data	    bss	    dec	    hex	filename
  34852	     12	   5064	  39928	   9bf8	stm_f303k8_ioc.elf
Finished building: default.size.stdout
 
Finished building: stm_f303k8_ioc.list
 
20:01:25 **** Incremental Build of configuration Debug for project stm_f303k8_ioc ****
make -j16 all 
arm-none-eabi-gcc "../Main_app/Src/MY_LIB/MY_driver_fan.c" -mcpu=cortex-m4 -std=gnu11 -g3 -DDEBUG -DUSE_HAL_DRIVER -DSTM32F303x8 -c -I"E:/Pulpit/PCB/Plytki_chlodzenia_SOFTWARE/Cooling_left/stm_f303k8_ioc/Main_app/Inc/EKO_LIB" -I"E:/Pulpit/PCB/Plytki_chlodzenia_SOFTWARE/Cooling_left/stm_f303k8_ioc/Main_app/Inc/MY_LIB" -I"E:/Pulpit/PCB/Plytki_chlodzenia_SOFTWARE/Cooling_left/stm_f303k8_ioc/Main_app/Src/EKO_LIB" -I"E:/Pulpit/PCB/Plytki_chlodzenia_SOFTWARE/Cooling_left/stm_f303k8_ioc/Main_app/Src/MY_LIB" -I../Core/Inc -I../Drivers/STM32F3xx_HAL_Driver/Inc -I../Drivers/STM32F3xx_HAL_Driver/Inc/Legacy -I../Drivers/CMSIS/Device/ST/STM32F3xx/Include -I../Drivers/CMSIS/Include -I"E:/Pulpit/PCB/Plytki_chlodzenia_SOFTWARE/Cooling_left/stm_f303k8_ioc/Main_app/Inc" -I"E:/Pulpit/PCB/Plytki_chlodzenia_SOFTWARE/Cooling_left/stm_f303k8_ioc/Main_app/Src" -O0 -ffunction-sections -fdata-sections -Wall -fstack-usage -fcyclomatic-complexity -MMD -MP -MF"Main_app/Src/MY_LIB/MY_driver_fan.d" -MT"Main_app/Src/MY_LIB/MY_driver_fan.o" --specs=nano.specs -mfpu=fpv4-sp-d16 -mfloat-abi=hard -mthumb -o "Main_app/Src/MY_LIB/MY_driver_fan.o"
arm-none-eabi-gcc "../Main_app/Src/MY_LIB/MY_driver_i2c.c" -mcpu=cortex-m4 -std=gnu11 -g3 -DDEBUG -DUSE_HAL_DRIVER -DSTM32F303x8 -c -I"E:/Pulpit/PCB/Plytki_chlodzenia_SOFTWARE/Cooling_left/stm_f303k8_ioc/Main_app/Inc/EKO_LIB" -I"E:/Pulpit/PCB/Plytki_chlodzenia_SOFTWARE/Cooling_left/stm_f303k8_ioc/Main_app/Inc/MY_LIB" -I"E:/Pulpit/PCB/Plytki_chlodzenia_SOFTWARE/Cooling_left/stm_f303k8_ioc/Main_app/Src/EKO_LIB" -I"E:/Pulpit/PCB/Plytki_chlodzenia_SOFTWARE/Cooling_left/stm_f303k8_ioc/Main_app/Src/MY_LIB" -I../Core/Inc -I../Drivers/STM32F3xx_HAL_Driver/Inc -I../Drivers/STM32F3xx_HAL_Driver/Inc/Legacy -I../Drivers/CMSIS/Device/ST/STM32F3xx/Include -I../Drivers/CMSIS/Include -I"E:/Pulpit/PCB/Plytki_chlodzenia_SOFTWARE/Cooling_left/stm_f303k8_ioc/Main_app/Inc" -I"E:/Pulpit/PCB/Plytki_chlodzenia_SOFTWARE/Cooling_left/stm_f303k8_ioc/Main_app/Src" -O0 -ffunction-sections -fdata-sections -Wall -fstack-usage -fcyclomatic-complexity -MMD -MP -MF"Main_app/Src/MY_LIB/MY_driver_i2c.d" -MT"Main_app/Src/MY_LIB/MY_driver_i2c.o" --specs=nano.specs -mfpu=fpv4-sp-d16 -mfloat-abi=hard -mthumb -o "Main_app/Src/MY_LIB/MY_driver_i2c.o"
arm-none-eabi-gcc "../Main_app/Src/MY_LIB/MY_driver_serwo.c" -mcpu=cortex-m4 -std=gnu11 -g3 -DDEBUG -DUSE_HAL_DRIVER -DSTM32F303x8 -c -I"E:/Pulpit/PCB/Plytki_chlodzenia_SOFTWARE/Cooling_left/stm_f303k8_ioc/Main_app/Inc/EKO_LIB" -I"E:/Pulpit/PCB/Plytki_chlodzenia_SOFTWARE/Cooling_left/stm_f303k8_ioc/Main_app/Inc/MY_LIB" -I"E:/Pulpit/PCB/Plytki_chlodzenia_SOFTWARE/Cooling_left/stm_f303k8_ioc/Main_app/Src/EKO_LIB" -I"E:/Pulpit/PCB/Plytki_chlodzenia_SOFTWARE/Cooling_left/stm_f303k8_ioc/Main_app/Src/MY_LIB" -I../Core/Inc -I../Drivers/STM32F3xx_HAL_Driver/Inc -I../Drivers/STM32F3xx_HAL_Driver/Inc/Legacy -I../Drivers/CMSIS/Device/ST/STM32F3xx/Include -I../Drivers/CMSIS/Include -I"E:/Pulpit/PCB/Plytki_chlodzenia_SOFTWARE/Cooling_left/stm_f303k8_ioc/Main_app/Inc" -I"E:/Pulpit/PCB/Plytki_chlodzenia_SOFTWARE/Cooling_left/stm_f303k8_ioc/Main_app/Src" -O0 -ffunction-sections -fdata-sections -Wall -fstack-usage -fcyclomatic-complexity -MMD -MP -MF"Main_app/Src/MY_LIB/MY_driver_serwo.d" -MT"Main_app/Src/MY_LIB/MY_driver_serwo.o" --specs=nano.specs -mfpu=fpv4-sp-d16 -mfloat-abi=hard -mthumb -o "Main_app/Src/MY_LIB/MY_driver_serwo.o"
arm-none-eabi-gcc "../Main_app/Src/EKO_LIB/can_driver.c" -mcpu=cortex-m4 -std=gnu11 -g3 -DDEBUG -DUSE_HAL_DRIVER -DSTM32F303x8 -c -I"E:/Pulpit/PCB/Plytki_chlodzenia_SOFTWARE/Cooling_left/stm_f303k8_ioc/Main_app/Inc/EKO_LIB" -I"E:/Pulpit/PCB/Plytki_chlodzenia_SOFTWARE/Cooling_left/stm_f303k8_ioc/Main_app/Inc/MY_LIB" -I"E:/Pulpit/PCB/Plytki_chlodzenia_SOFTWARE/Cooling_left/stm_f303k8_ioc/Main_app/Src/EKO_LIB" -I"E:/Pulpit/PCB/Plytki_chlodzenia_SOFTWARE/Cooling_left/stm_f303k8_ioc/Main_app/Src/MY_LIB" -I../Core/Inc -I../Drivers/STM32F3xx_HAL_Driver/Inc -I../Drivers/STM32F3xx_HAL_Driver/Inc/Legacy -I../Drivers/CMSIS/Device/ST/STM32F3xx/Include -I../Drivers/CMSIS/Include -I"E:/Pulpit/PCB/Plytki_chlodzenia_SOFTWARE/Cooling_left/stm_f303k8_ioc/Main_app/Inc" -I"E:/Pulpit/PCB/Plytki_chlodzenia_SOFTWARE/Cooling_left/stm_f303k8_ioc/Main_app/Src" -O0 -ffunction-sections -fdata-sections -Wall -fstack-usage -fcyclomatic-complexity -MMD -MP -MF"Main_app/Src/EKO_LIB/can_driver.d" -MT"Main_app/Src/EKO_LIB/can_driver.o" --specs=nano.specs -mfpu=fpv4-sp-d16 -mfloat-abi=hard -mthumb -o "Main_app/Src/EKO_LIB/can_driver.o"
arm-none-eabi-gcc "../Main_app/Src/cooler_left_app.c" -mcpu=cortex-m4 -std=gnu11 -g3 -DDEBUG -DUSE_HAL_DRIVER -DSTM32F303x8 -c -I"E:/Pulpit/PCB/Plytki_chlodzenia_SOFTWARE/Cooling_left/stm_f303k8_ioc/Main_app/Inc/EKO_LIB" -I"E:/Pulpit/PCB/Plytki_chlodzenia_SOFTWARE/Cooling_left/stm_f303k8_ioc/Main_app/Inc/MY_LIB" -I"E:/Pulpit/PCB/Plytki_chlodzenia_SOFTWARE/Cooling_left/stm_f303k8_ioc/Main_app/Src/EKO_LIB" -I"E:/Pulpit/PCB/Plytki_chlodzenia_SOFTWARE/Cooling_left/stm_f303k8_ioc/Main_app/Src/MY_LIB" -I../Core/Inc -I../Drivers/STM32F3xx_HAL_Driver/Inc -I../Drivers/STM32F3xx_HAL_Driver/Inc/Legacy -I../Drivers/CMSIS/Device/ST/STM32F3xx/Include -I../Drivers/CMSIS/Include -I"E:/Pulpit/PCB/Plytki_chlodzenia_SOFTWARE/Cooling_left/stm_f303k8_ioc/Main_app/Inc" -I"E:/Pulpit/PCB/Plytki_chlodzenia_SOFTWARE/Cooling_left/stm_f303k8_ioc/Main_app/Src" -O0 -ffunction-sections -fdata-sections -Wall -fstack-usage -fcyclomatic-complexity -MMD -MP -MF"Main_app/Src/cooler_left_app.d" -MT"Main_app/Src/cooler_left_app.o" --specs=nano.specs -mfpu=fpv4-sp-d16 -mfloat-abi=hard -mthumb -o "Main_app/Src/cooler_left_app.o"
arm-none-eabi-gcc "../Main_app/Src/cooler_test.c" -mcpu=cortex-m4 -std=gnu11 -g3 -DDEBUG -DUSE_HAL_DRIVER -DSTM32F303x8 -c -I"E:/Pulpit/PCB/Plytki_chlodzenia_SOFTWARE/Cooling_left/stm_f303k8_ioc/Main_app/Inc/EKO_LIB" -I"E:/Pulpit/PCB/Plytki_chlodzenia_SOFTWARE/Cooling_left/stm_f303k8_ioc/Main_app/Inc/MY_LIB" -I"E:/Pulpit/PCB/Plytki_chlodzenia_SOFTWARE/Cooling_left/stm_f303k8_ioc/Main_app/Src/EKO_LIB" -I"E:/Pulpit/PCB/Plytki_chlodzenia_SOFTWARE/Cooling_left/stm_f303k8_ioc/Main_app/Src/MY_LIB" -I../Core/Inc -I../Drivers/STM32F3xx_HAL_Driver/Inc -I../Drivers/STM32F3xx_HAL_Driver/Inc/Legacy -I../Drivers/CMSIS/Device/ST/STM32F3xx/Include -I../Drivers/CMSIS/Include -I"E:/Pulpit/PCB/Plytki_chlodzenia_SOFTWARE/Cooling_left/stm_f303k8_ioc/Main_app/Inc" -I"E:/Pulpit/PCB/Plytki_chlodzenia_SOFTWARE/Cooling_left/stm_f303k8_ioc/Main_app/Src" -O0 -ffunction-sections -fdata-sections -Wall -fstack-usage -fcyclomatic-complexity -MMD -MP -MF"Main_app/Src/cooler_test.d" -MT"Main_app/Src/cooler_test.o" --specs=nano.specs -mfpu=fpv4-sp-d16 -mfloat-abi=hard -mthumb -o "Main_app/Src/cooler_test.o"
arm-none-eabi-gcc "../Core/Src/main.c" -mcpu=cortex-m4 -std=gnu11 -g3 -DDEBUG -DUSE_HAL_DRIVER -DSTM32F303x8 -c -I"E:/Pulpit/PCB/Plytki_chlodzenia_SOFTWARE/Cooling_left/stm_f303k8_ioc/Main_app/Inc/EKO_LIB" -I"E:/Pulpit/PCB/Plytki_chlodzenia_SOFTWARE/Cooling_left/stm_f303k8_ioc/Main_app/Inc" -I"E:/Pulpit/PCB/Plytki_chlodzenia_SOFTWARE/Cooling_left/stm_f303k8_ioc/Main_app/Src" -I"E:/Pulpit/PCB/Plytki_chlodzenia_SOFTWARE/Cooling_left/stm_f303k8_ioc/Main_app/Inc/MY_LIB" -I"E:/Pulpit/PCB/Plytki_chlodzenia_SOFTWARE/Cooling_left/stm_f303k8_ioc/Main_app/Src/EKO_LIB" -I"E:/Pulpit/PCB/Plytki_chlodzenia_SOFTWARE/Cooling_left/stm_f303k8_ioc/Main_app/Src/MY_LIB" -I../Core/Inc -I../Drivers/STM32F3xx_HAL_Driver/Inc -I../Drivers/STM32F3xx_HAL_Driver/Inc/Legacy -I../Drivers/CMSIS/Device/ST/STM32F3xx/Include -I../Drivers/CMSIS/Include -O0 -ffunction-sections -fdata-sections -Wall -fstack-usage -fcyclomatic-complexity -MMD -MP -MF"Core/Src/main.d" -MT"Core/Src/main.o" --specs=nano.specs -mfpu=fpv4-sp-d16 -mfloat-abi=hard -mthumb -o "Core/Src/main.o"
../Main_app/Src/MY_LIB/MY_driver_i2c.c: In function 'AM2320_StateMachine':
../Main_app/Src/MY_LIB/MY_driver_i2c.c:153:5: warning: enumeration value 'AM2320_IDLE' not handled in switch [-Wswitch]
  153 |     switch (am2320State)
      |     ^~~~~~
../Main_app/Src/cooler_left_app.c: In function 'COOLER_app':
../Main_app/Src/cooler_left_app.c:117:27: warning: enumeration value 'CAN_FRAME_BMS_TEMP_1' not handled in switch [-Wswitch]
  117 |                           switch(msg.name)
      |                           ^~~~~~
../Main_app/Src/cooler_left_app.c:117:27: warning: enumeration value 'CAN_FRAME_BMS_TEMP_2' not handled in switch [-Wswitch]
../Main_app/Src/cooler_left_app.c:117:27: warning: enumeration value 'CAN_FRAME_BMS_TEMP_3' not handled in switch [-Wswitch]
../Main_app/Src/cooler_left_app.c:117:27: warning: enumeration value 'CAN_FRAME_BMS_TEMP_4' not handled in switch [-Wswitch]
../Main_app/Src/cooler_left_app.c:117:27: warning: enumeration value 'CAN_FRAME_BMS_TEMP_5' not handled in switch [-Wswitch]
../Main_app/Src/cooler_left_app.c:117:27: warning: enumeration value 'CAN_FRAME_BMS_TEMP_6' not handled in switch [-Wswitch]
../Main_app/Src/cooler_left_app.c:117:27: warning: enumeration value 'CAN_FRAME_BMS_TEMP_7' not handled in switch [-Wswitch]
../Main_app/Src/cooler_left_app.c:117:27: warning: enumeration value 'CAN_FRAME_BMS_TEMP_8' not handled in switch [-Wswitch]
../Main_app/Src/cooler_left_app.c:117:27: warning: enumeration value 'CAN_FRAME_BMS_TEMP_9' not handled in switch [-Wswitch]
../Main_app/Src/cooler_left_app.c:117:27: warning: enumeration value 'CAN_FRAME_SET_SERVOS_ENGINE' not handled in switch [-Wswitch]
../Main_app/Src/cooler_left_app.c:117:27: warning: enumeration value 'CAN_FRAME_SAFE_STATE' not handled in switch [-Wswitch]
../Main_app/Src/cooler_left_app.c:117:27: warning: enumeration value 'CAN_FRAME_BATTERY_SET_FAN' not handled in switch [-Wswitch]
../Main_app/Src/cooler_left_app.c:117:27: warning: enumeration value 'CAN_FRAME_UNKNOWN' not handled in switch [-Wswitch]
arm-none-eabi-gcc -o "stm_f303k8_ioc.elf" @"objects.list"   -mcpu=cortex-m4 -T"E:\Pulpit\PCB\Plytki_chlodzenia_SOFTWARE\Cooling_left\stm_f303k8_ioc\STM32F303K8TX_FLASH.ld" --specs=nosys.specs -Wl,-Map="stm_f303k8_ioc.map" -Wl,--gc-sections -static --specs=nano.specs -mfpu=fpv4-sp-d16 -mfloat-abi=hard -mthumb -Wl,--start-group -lc -lm -Wl,--end-group
Finished building target: stm_f303k8_ioc.elf
 
arm-none-eabi-size  stm_f303k8_ioc.elf 
arm-none-eabi-objdump -h -S stm_f303k8_ioc.elf  > "stm_f303k8_ioc.list"
   text	   data	    bss	    dec	    hex	filename
  34852	     12	   5064	  39928	   9bf8	stm_f303k8_ioc.elf
Finished building: default.size.stdout
 
Finished building: stm_f303k8_ioc.list
 
20:02:14 **** Incremental Build of configuration Debug for project stm_f303k8_ioc ****
make -j16 all 
arm-none-eabi-gcc "../Main_app/Src/MY_LIB/MY_driver_fan.c" -mcpu=cortex-m4 -std=gnu11 -g3 -DDEBUG -DUSE_HAL_DRIVER -DSTM32F303x8 -c -I"E:/Pulpit/PCB/Plytki_chlodzenia_SOFTWARE/Cooling_left/stm_f303k8_ioc/Main_app/Inc/EKO_LIB" -I"E:/Pulpit/PCB/Plytki_chlodzenia_SOFTWARE/Cooling_left/stm_f303k8_ioc/Main_app/Inc/MY_LIB" -I"E:/Pulpit/PCB/Plytki_chlodzenia_SOFTWARE/Cooling_left/stm_f303k8_ioc/Main_app/Src/EKO_LIB" -I"E:/Pulpit/PCB/Plytki_chlodzenia_SOFTWARE/Cooling_left/stm_f303k8_ioc/Main_app/Src/MY_LIB" -I../Core/Inc -I../Drivers/STM32F3xx_HAL_Driver/Inc -I../Drivers/STM32F3xx_HAL_Driver/Inc/Legacy -I../Drivers/CMSIS/Device/ST/STM32F3xx/Include -I../Drivers/CMSIS/Include -I"E:/Pulpit/PCB/Plytki_chlodzenia_SOFTWARE/Cooling_left/stm_f303k8_ioc/Main_app/Inc" -I"E:/Pulpit/PCB/Plytki_chlodzenia_SOFTWARE/Cooling_left/stm_f303k8_ioc/Main_app/Src" -O0 -ffunction-sections -fdata-sections -Wall -fstack-usage -fcyclomatic-complexity -MMD -MP -MF"Main_app/Src/MY_LIB/MY_driver_fan.d" -MT"Main_app/Src/MY_LIB/MY_driver_fan.o" --specs=nano.specs -mfpu=fpv4-sp-d16 -mfloat-abi=hard -mthumb -o "Main_app/Src/MY_LIB/MY_driver_fan.o"
arm-none-eabi-gcc "../Main_app/Src/MY_LIB/MY_driver_i2c.c" -mcpu=cortex-m4 -std=gnu11 -g3 -DDEBUG -DUSE_HAL_DRIVER -DSTM32F303x8 -c -I"E:/Pulpit/PCB/Plytki_chlodzenia_SOFTWARE/Cooling_left/stm_f303k8_ioc/Main_app/Inc/EKO_LIB" -I"E:/Pulpit/PCB/Plytki_chlodzenia_SOFTWARE/Cooling_left/stm_f303k8_ioc/Main_app/Inc/MY_LIB" -I"E:/Pulpit/PCB/Plytki_chlodzenia_SOFTWARE/Cooling_left/stm_f303k8_ioc/Main_app/Src/EKO_LIB" -I"E:/Pulpit/PCB/Plytki_chlodzenia_SOFTWARE/Cooling_left/stm_f303k8_ioc/Main_app/Src/MY_LIB" -I../Core/Inc -I../Drivers/STM32F3xx_HAL_Driver/Inc -I../Drivers/STM32F3xx_HAL_Driver/Inc/Legacy -I../Drivers/CMSIS/Device/ST/STM32F3xx/Include -I../Drivers/CMSIS/Include -I"E:/Pulpit/PCB/Plytki_chlodzenia_SOFTWARE/Cooling_left/stm_f303k8_ioc/Main_app/Inc" -I"E:/Pulpit/PCB/Plytki_chlodzenia_SOFTWARE/Cooling_left/stm_f303k8_ioc/Main_app/Src" -O0 -ffunction-sections -fdata-sections -Wall -fstack-usage -fcyclomatic-complexity -MMD -MP -MF"Main_app/Src/MY_LIB/MY_driver_i2c.d" -MT"Main_app/Src/MY_LIB/MY_driver_i2c.o" --specs=nano.specs -mfpu=fpv4-sp-d16 -mfloat-abi=hard -mthumb -o "Main_app/Src/MY_LIB/MY_driver_i2c.o"
arm-none-eabi-gcc "../Main_app/Src/MY_LIB/MY_driver_serwo.c" -mcpu=cortex-m4 -std=gnu11 -g3 -DDEBUG -DUSE_HAL_DRIVER -DSTM32F303x8 -c -I"E:/Pulpit/PCB/Plytki_chlodzenia_SOFTWARE/Cooling_left/stm_f303k8_ioc/Main_app/Inc/EKO_LIB" -I"E:/Pulpit/PCB/Plytki_chlodzenia_SOFTWARE/Cooling_left/stm_f303k8_ioc/Main_app/Inc/MY_LIB" -I"E:/Pulpit/PCB/Plytki_chlodzenia_SOFTWARE/Cooling_left/stm_f303k8_ioc/Main_app/Src/EKO_LIB" -I"E:/Pulpit/PCB/Plytki_chlodzenia_SOFTWARE/Cooling_left/stm_f303k8_ioc/Main_app/Src/MY_LIB" -I../Core/Inc -I../Drivers/STM32F3xx_HAL_Driver/Inc -I../Drivers/STM32F3xx_HAL_Driver/Inc/Legacy -I../Drivers/CMSIS/Device/ST/STM32F3xx/Include -I../Drivers/CMSIS/Include -I"E:/Pulpit/PCB/Plytki_chlodzenia_SOFTWARE/Cooling_left/stm_f303k8_ioc/Main_app/Inc" -I"E:/Pulpit/PCB/Plytki_chlodzenia_SOFTWARE/Cooling_left/stm_f303k8_ioc/Main_app/Src" -O0 -ffunction-sections -fdata-sections -Wall -fstack-usage -fcyclomatic-complexity -MMD -MP -MF"Main_app/Src/MY_LIB/MY_driver_serwo.d" -MT"Main_app/Src/MY_LIB/MY_driver_serwo.o" --specs=nano.specs -mfpu=fpv4-sp-d16 -mfloat-abi=hard -mthumb -o "Main_app/Src/MY_LIB/MY_driver_serwo.o"
arm-none-eabi-gcc "../Main_app/Src/EKO_LIB/can_driver.c" -mcpu=cortex-m4 -std=gnu11 -g3 -DDEBUG -DUSE_HAL_DRIVER -DSTM32F303x8 -c -I"E:/Pulpit/PCB/Plytki_chlodzenia_SOFTWARE/Cooling_left/stm_f303k8_ioc/Main_app/Inc/EKO_LIB" -I"E:/Pulpit/PCB/Plytki_chlodzenia_SOFTWARE/Cooling_left/stm_f303k8_ioc/Main_app/Inc/MY_LIB" -I"E:/Pulpit/PCB/Plytki_chlodzenia_SOFTWARE/Cooling_left/stm_f303k8_ioc/Main_app/Src/EKO_LIB" -I"E:/Pulpit/PCB/Plytki_chlodzenia_SOFTWARE/Cooling_left/stm_f303k8_ioc/Main_app/Src/MY_LIB" -I../Core/Inc -I../Drivers/STM32F3xx_HAL_Driver/Inc -I../Drivers/STM32F3xx_HAL_Driver/Inc/Legacy -I../Drivers/CMSIS/Device/ST/STM32F3xx/Include -I../Drivers/CMSIS/Include -I"E:/Pulpit/PCB/Plytki_chlodzenia_SOFTWARE/Cooling_left/stm_f303k8_ioc/Main_app/Inc" -I"E:/Pulpit/PCB/Plytki_chlodzenia_SOFTWARE/Cooling_left/stm_f303k8_ioc/Main_app/Src" -O0 -ffunction-sections -fdata-sections -Wall -fstack-usage -fcyclomatic-complexity -MMD -MP -MF"Main_app/Src/EKO_LIB/can_driver.d" -MT"Main_app/Src/EKO_LIB/can_driver.o" --specs=nano.specs -mfpu=fpv4-sp-d16 -mfloat-abi=hard -mthumb -o "Main_app/Src/EKO_LIB/can_driver.o"
arm-none-eabi-gcc "../Main_app/Src/cooler_left_app.c" -mcpu=cortex-m4 -std=gnu11 -g3 -DDEBUG -DUSE_HAL_DRIVER -DSTM32F303x8 -c -I"E:/Pulpit/PCB/Plytki_chlodzenia_SOFTWARE/Cooling_left/stm_f303k8_ioc/Main_app/Inc/EKO_LIB" -I"E:/Pulpit/PCB/Plytki_chlodzenia_SOFTWARE/Cooling_left/stm_f303k8_ioc/Main_app/Inc/MY_LIB" -I"E:/Pulpit/PCB/Plytki_chlodzenia_SOFTWARE/Cooling_left/stm_f303k8_ioc/Main_app/Src/EKO_LIB" -I"E:/Pulpit/PCB/Plytki_chlodzenia_SOFTWARE/Cooling_left/stm_f303k8_ioc/Main_app/Src/MY_LIB" -I../Core/Inc -I../Drivers/STM32F3xx_HAL_Driver/Inc -I../Drivers/STM32F3xx_HAL_Driver/Inc/Legacy -I../Drivers/CMSIS/Device/ST/STM32F3xx/Include -I../Drivers/CMSIS/Include -I"E:/Pulpit/PCB/Plytki_chlodzenia_SOFTWARE/Cooling_left/stm_f303k8_ioc/Main_app/Inc" -I"E:/Pulpit/PCB/Plytki_chlodzenia_SOFTWARE/Cooling_left/stm_f303k8_ioc/Main_app/Src" -O0 -ffunction-sections -fdata-sections -Wall -fstack-usage -fcyclomatic-complexity -MMD -MP -MF"Main_app/Src/cooler_left_app.d" -MT"Main_app/Src/cooler_left_app.o" --specs=nano.specs -mfpu=fpv4-sp-d16 -mfloat-abi=hard -mthumb -o "Main_app/Src/cooler_left_app.o"
arm-none-eabi-gcc "../Main_app/Src/cooler_test.c" -mcpu=cortex-m4 -std=gnu11 -g3 -DDEBUG -DUSE_HAL_DRIVER -DSTM32F303x8 -c -I"E:/Pulpit/PCB/Plytki_chlodzenia_SOFTWARE/Cooling_left/stm_f303k8_ioc/Main_app/Inc/EKO_LIB" -I"E:/Pulpit/PCB/Plytki_chlodzenia_SOFTWARE/Cooling_left/stm_f303k8_ioc/Main_app/Inc/MY_LIB" -I"E:/Pulpit/PCB/Plytki_chlodzenia_SOFTWARE/Cooling_left/stm_f303k8_ioc/Main_app/Src/EKO_LIB" -I"E:/Pulpit/PCB/Plytki_chlodzenia_SOFTWARE/Cooling_left/stm_f303k8_ioc/Main_app/Src/MY_LIB" -I../Core/Inc -I../Drivers/STM32F3xx_HAL_Driver/Inc -I../Drivers/STM32F3xx_HAL_Driver/Inc/Legacy -I../Drivers/CMSIS/Device/ST/STM32F3xx/Include -I../Drivers/CMSIS/Include -I"E:/Pulpit/PCB/Plytki_chlodzenia_SOFTWARE/Cooling_left/stm_f303k8_ioc/Main_app/Inc" -I"E:/Pulpit/PCB/Plytki_chlodzenia_SOFTWARE/Cooling_left/stm_f303k8_ioc/Main_app/Src" -O0 -ffunction-sections -fdata-sections -Wall -fstack-usage -fcyclomatic-complexity -MMD -MP -MF"Main_app/Src/cooler_test.d" -MT"Main_app/Src/cooler_test.o" --specs=nano.specs -mfpu=fpv4-sp-d16 -mfloat-abi=hard -mthumb -o "Main_app/Src/cooler_test.o"
arm-none-eabi-gcc "../Core/Src/main.c" -mcpu=cortex-m4 -std=gnu11 -g3 -DDEBUG -DUSE_HAL_DRIVER -DSTM32F303x8 -c -I"E:/Pulpit/PCB/Plytki_chlodzenia_SOFTWARE/Cooling_left/stm_f303k8_ioc/Main_app/Inc/EKO_LIB" -I"E:/Pulpit/PCB/Plytki_chlodzenia_SOFTWARE/Cooling_left/stm_f303k8_ioc/Main_app/Inc" -I"E:/Pulpit/PCB/Plytki_chlodzenia_SOFTWARE/Cooling_left/stm_f303k8_ioc/Main_app/Src" -I"E:/Pulpit/PCB/Plytki_chlodzenia_SOFTWARE/Cooling_left/stm_f303k8_ioc/Main_app/Inc/MY_LIB" -I"E:/Pulpit/PCB/Plytki_chlodzenia_SOFTWARE/Cooling_left/stm_f303k8_ioc/Main_app/Src/EKO_LIB" -I"E:/Pulpit/PCB/Plytki_chlodzenia_SOFTWARE/Cooling_left/stm_f303k8_ioc/Main_app/Src/MY_LIB" -I../Core/Inc -I../Drivers/STM32F3xx_HAL_Driver/Inc -I../Drivers/STM32F3xx_HAL_Driver/Inc/Legacy -I../Drivers/CMSIS/Device/ST/STM32F3xx/Include -I../Drivers/CMSIS/Include -O0 -ffunction-sections -fdata-sections -Wall -fstack-usage -fcyclomatic-complexity -MMD -MP -MF"Core/Src/main.d" -MT"Core/Src/main.o" --specs=nano.specs -mfpu=fpv4-sp-d16 -mfloat-abi=hard -mthumb -o "Core/Src/main.o"
../Main_app/Src/MY_LIB/MY_driver_i2c.c: In function 'AM2320_StateMachine':
../Main_app/Src/MY_LIB/MY_driver_i2c.c:153:5: warning: enumeration value 'AM2320_IDLE' not handled in switch [-Wswitch]
  153 |     switch (am2320State)
      |     ^~~~~~
../Main_app/Src/cooler_left_app.c: In function 'COOLER_app':
../Main_app/Src/cooler_left_app.c:117:27: warning: enumeration value 'CAN_FRAME_BMS_TEMP_1' not handled in switch [-Wswitch]
  117 |                           switch(msg.name)
      |                           ^~~~~~
../Main_app/Src/cooler_left_app.c:117:27: warning: enumeration value 'CAN_FRAME_BMS_TEMP_2' not handled in switch [-Wswitch]
../Main_app/Src/cooler_left_app.c:117:27: warning: enumeration value 'CAN_FRAME_BMS_TEMP_3' not handled in switch [-Wswitch]
../Main_app/Src/cooler_left_app.c:117:27: warning: enumeration value 'CAN_FRAME_BMS_TEMP_4' not handled in switch [-Wswitch]
../Main_app/Src/cooler_left_app.c:117:27: warning: enumeration value 'CAN_FRAME_BMS_TEMP_5' not handled in switch [-Wswitch]
../Main_app/Src/cooler_left_app.c:117:27: warning: enumeration value 'CAN_FRAME_BMS_TEMP_6' not handled in switch [-Wswitch]
../Main_app/Src/cooler_left_app.c:117:27: warning: enumeration value 'CAN_FRAME_BMS_TEMP_7' not handled in switch [-Wswitch]
../Main_app/Src/cooler_left_app.c:117:27: warning: enumeration value 'CAN_FRAME_BMS_TEMP_8' not handled in switch [-Wswitch]
../Main_app/Src/cooler_left_app.c:117:27: warning: enumeration value 'CAN_FRAME_BMS_TEMP_9' not handled in switch [-Wswitch]
../Main_app/Src/cooler_left_app.c:117:27: warning: enumeration value 'CAN_FRAME_SET_SERVOS_ENGINE' not handled in switch [-Wswitch]
../Main_app/Src/cooler_left_app.c:117:27: warning: enumeration value 'CAN_FRAME_SAFE_STATE' not handled in switch [-Wswitch]
../Main_app/Src/cooler_left_app.c:117:27: warning: enumeration value 'CAN_FRAME_BATTERY_SET_FAN' not handled in switch [-Wswitch]
../Main_app/Src/cooler_left_app.c:117:27: warning: enumeration value 'CAN_FRAME_UNKNOWN' not handled in switch [-Wswitch]
arm-none-eabi-gcc -o "stm_f303k8_ioc.elf" @"objects.list"   -mcpu=cortex-m4 -T"E:\Pulpit\PCB\Plytki_chlodzenia_SOFTWARE\Cooling_left\stm_f303k8_ioc\STM32F303K8TX_FLASH.ld" --specs=nosys.specs -Wl,-Map="stm_f303k8_ioc.map" -Wl,--gc-sections -static --specs=nano.specs -mfpu=fpv4-sp-d16 -mfloat-abi=hard -mthumb -Wl,--start-group -lc -lm -Wl,--end-group
Finished building target: stm_f303k8_ioc.elf
 
arm-none-eabi-size  stm_f303k8_ioc.elf 
arm-none-eabi-objdump -h -S stm_f303k8_ioc.elf  > "stm_f303k8_ioc.list"
   text	   data	    bss	    dec	    hex	filename
  34852	     12	   5064	  39928	   9bf8	stm_f303k8_ioc.elf
Finished building: default.size.stdout
 
Finished building: stm_f303k8_ioc.list
 
20:03:24 **** Incremental Build of configuration Debug for project stm_f303k8_ioc ****
make -j16 all 
arm-none-eabi-gcc "../Main_app/Src/MY_LIB/MY_driver_fan.c" -mcpu=cortex-m4 -std=gnu11 -g3 -DDEBUG -DUSE_HAL_DRIVER -DSTM32F303x8 -c -I"E:/Pulpit/PCB/Plytki_chlodzenia_SOFTWARE/Cooling_left/stm_f303k8_ioc/Main_app/Inc/EKO_LIB" -I"E:/Pulpit/PCB/Plytki_chlodzenia_SOFTWARE/Cooling_left/stm_f303k8_ioc/Main_app/Inc/MY_LIB" -I"E:/Pulpit/PCB/Plytki_chlodzenia_SOFTWARE/Cooling_left/stm_f303k8_ioc/Main_app/Src/EKO_LIB" -I"E:/Pulpit/PCB/Plytki_chlodzenia_SOFTWARE/Cooling_left/stm_f303k8_ioc/Main_app/Src/MY_LIB" -I../Core/Inc -I../Drivers/STM32F3xx_HAL_Driver/Inc -I../Drivers/STM32F3xx_HAL_Driver/Inc/Legacy -I../Drivers/CMSIS/Device/ST/STM32F3xx/Include -I../Drivers/CMSIS/Include -I"E:/Pulpit/PCB/Plytki_chlodzenia_SOFTWARE/Cooling_left/stm_f303k8_ioc/Main_app/Inc" -I"E:/Pulpit/PCB/Plytki_chlodzenia_SOFTWARE/Cooling_left/stm_f303k8_ioc/Main_app/Src" -O0 -ffunction-sections -fdata-sections -Wall -fstack-usage -fcyclomatic-complexity -MMD -MP -MF"Main_app/Src/MY_LIB/MY_driver_fan.d" -MT"Main_app/Src/MY_LIB/MY_driver_fan.o" --specs=nano.specs -mfpu=fpv4-sp-d16 -mfloat-abi=hard -mthumb -o "Main_app/Src/MY_LIB/MY_driver_fan.o"
arm-none-eabi-gcc "../Main_app/Src/MY_LIB/MY_driver_i2c.c" -mcpu=cortex-m4 -std=gnu11 -g3 -DDEBUG -DUSE_HAL_DRIVER -DSTM32F303x8 -c -I"E:/Pulpit/PCB/Plytki_chlodzenia_SOFTWARE/Cooling_left/stm_f303k8_ioc/Main_app/Inc/EKO_LIB" -I"E:/Pulpit/PCB/Plytki_chlodzenia_SOFTWARE/Cooling_left/stm_f303k8_ioc/Main_app/Inc/MY_LIB" -I"E:/Pulpit/PCB/Plytki_chlodzenia_SOFTWARE/Cooling_left/stm_f303k8_ioc/Main_app/Src/EKO_LIB" -I"E:/Pulpit/PCB/Plytki_chlodzenia_SOFTWARE/Cooling_left/stm_f303k8_ioc/Main_app/Src/MY_LIB" -I../Core/Inc -I../Drivers/STM32F3xx_HAL_Driver/Inc -I../Drivers/STM32F3xx_HAL_Driver/Inc/Legacy -I../Drivers/CMSIS/Device/ST/STM32F3xx/Include -I../Drivers/CMSIS/Include -I"E:/Pulpit/PCB/Plytki_chlodzenia_SOFTWARE/Cooling_left/stm_f303k8_ioc/Main_app/Inc" -I"E:/Pulpit/PCB/Plytki_chlodzenia_SOFTWARE/Cooling_left/stm_f303k8_ioc/Main_app/Src" -O0 -ffunction-sections -fdata-sections -Wall -fstack-usage -fcyclomatic-complexity -MMD -MP -MF"Main_app/Src/MY_LIB/MY_driver_i2c.d" -MT"Main_app/Src/MY_LIB/MY_driver_i2c.o" --specs=nano.specs -mfpu=fpv4-sp-d16 -mfloat-abi=hard -mthumb -o "Main_app/Src/MY_LIB/MY_driver_i2c.o"
arm-none-eabi-gcc "../Main_app/Src/MY_LIB/MY_driver_serwo.c" -mcpu=cortex-m4 -std=gnu11 -g3 -DDEBUG -DUSE_HAL_DRIVER -DSTM32F303x8 -c -I"E:/Pulpit/PCB/Plytki_chlodzenia_SOFTWARE/Cooling_left/stm_f303k8_ioc/Main_app/Inc/EKO_LIB" -I"E:/Pulpit/PCB/Plytki_chlodzenia_SOFTWARE/Cooling_left/stm_f303k8_ioc/Main_app/Inc/MY_LIB" -I"E:/Pulpit/PCB/Plytki_chlodzenia_SOFTWARE/Cooling_left/stm_f303k8_ioc/Main_app/Src/EKO_LIB" -I"E:/Pulpit/PCB/Plytki_chlodzenia_SOFTWARE/Cooling_left/stm_f303k8_ioc/Main_app/Src/MY_LIB" -I../Core/Inc -I../Drivers/STM32F3xx_HAL_Driver/Inc -I../Drivers/STM32F3xx_HAL_Driver/Inc/Legacy -I../Drivers/CMSIS/Device/ST/STM32F3xx/Include -I../Drivers/CMSIS/Include -I"E:/Pulpit/PCB/Plytki_chlodzenia_SOFTWARE/Cooling_left/stm_f303k8_ioc/Main_app/Inc" -I"E:/Pulpit/PCB/Plytki_chlodzenia_SOFTWARE/Cooling_left/stm_f303k8_ioc/Main_app/Src" -O0 -ffunction-sections -fdata-sections -Wall -fstack-usage -fcyclomatic-complexity -MMD -MP -MF"Main_app/Src/MY_LIB/MY_driver_serwo.d" -MT"Main_app/Src/MY_LIB/MY_driver_serwo.o" --specs=nano.specs -mfpu=fpv4-sp-d16 -mfloat-abi=hard -mthumb -o "Main_app/Src/MY_LIB/MY_driver_serwo.o"
arm-none-eabi-gcc "../Main_app/Src/EKO_LIB/can_driver.c" -mcpu=cortex-m4 -std=gnu11 -g3 -DDEBUG -DUSE_HAL_DRIVER -DSTM32F303x8 -c -I"E:/Pulpit/PCB/Plytki_chlodzenia_SOFTWARE/Cooling_left/stm_f303k8_ioc/Main_app/Inc/EKO_LIB" -I"E:/Pulpit/PCB/Plytki_chlodzenia_SOFTWARE/Cooling_left/stm_f303k8_ioc/Main_app/Inc/MY_LIB" -I"E:/Pulpit/PCB/Plytki_chlodzenia_SOFTWARE/Cooling_left/stm_f303k8_ioc/Main_app/Src/EKO_LIB" -I"E:/Pulpit/PCB/Plytki_chlodzenia_SOFTWARE/Cooling_left/stm_f303k8_ioc/Main_app/Src/MY_LIB" -I../Core/Inc -I../Drivers/STM32F3xx_HAL_Driver/Inc -I../Drivers/STM32F3xx_HAL_Driver/Inc/Legacy -I../Drivers/CMSIS/Device/ST/STM32F3xx/Include -I../Drivers/CMSIS/Include -I"E:/Pulpit/PCB/Plytki_chlodzenia_SOFTWARE/Cooling_left/stm_f303k8_ioc/Main_app/Inc" -I"E:/Pulpit/PCB/Plytki_chlodzenia_SOFTWARE/Cooling_left/stm_f303k8_ioc/Main_app/Src" -O0 -ffunction-sections -fdata-sections -Wall -fstack-usage -fcyclomatic-complexity -MMD -MP -MF"Main_app/Src/EKO_LIB/can_driver.d" -MT"Main_app/Src/EKO_LIB/can_driver.o" --specs=nano.specs -mfpu=fpv4-sp-d16 -mfloat-abi=hard -mthumb -o "Main_app/Src/EKO_LIB/can_driver.o"
arm-none-eabi-gcc "../Main_app/Src/cooler_left_app.c" -mcpu=cortex-m4 -std=gnu11 -g3 -DDEBUG -DUSE_HAL_DRIVER -DSTM32F303x8 -c -I"E:/Pulpit/PCB/Plytki_chlodzenia_SOFTWARE/Cooling_left/stm_f303k8_ioc/Main_app/Inc/EKO_LIB" -I"E:/Pulpit/PCB/Plytki_chlodzenia_SOFTWARE/Cooling_left/stm_f303k8_ioc/Main_app/Inc/MY_LIB" -I"E:/Pulpit/PCB/Plytki_chlodzenia_SOFTWARE/Cooling_left/stm_f303k8_ioc/Main_app/Src/EKO_LIB" -I"E:/Pulpit/PCB/Plytki_chlodzenia_SOFTWARE/Cooling_left/stm_f303k8_ioc/Main_app/Src/MY_LIB" -I../Core/Inc -I../Drivers/STM32F3xx_HAL_Driver/Inc -I../Drivers/STM32F3xx_HAL_Driver/Inc/Legacy -I../Drivers/CMSIS/Device/ST/STM32F3xx/Include -I../Drivers/CMSIS/Include -I"E:/Pulpit/PCB/Plytki_chlodzenia_SOFTWARE/Cooling_left/stm_f303k8_ioc/Main_app/Inc" -I"E:/Pulpit/PCB/Plytki_chlodzenia_SOFTWARE/Cooling_left/stm_f303k8_ioc/Main_app/Src" -O0 -ffunction-sections -fdata-sections -Wall -fstack-usage -fcyclomatic-complexity -MMD -MP -MF"Main_app/Src/cooler_left_app.d" -MT"Main_app/Src/cooler_left_app.o" --specs=nano.specs -mfpu=fpv4-sp-d16 -mfloat-abi=hard -mthumb -o "Main_app/Src/cooler_left_app.o"
arm-none-eabi-gcc "../Main_app/Src/cooler_test.c" -mcpu=cortex-m4 -std=gnu11 -g3 -DDEBUG -DUSE_HAL_DRIVER -DSTM32F303x8 -c -I"E:/Pulpit/PCB/Plytki_chlodzenia_SOFTWARE/Cooling_left/stm_f303k8_ioc/Main_app/Inc/EKO_LIB" -I"E:/Pulpit/PCB/Plytki_chlodzenia_SOFTWARE/Cooling_left/stm_f303k8_ioc/Main_app/Inc/MY_LIB" -I"E:/Pulpit/PCB/Plytki_chlodzenia_SOFTWARE/Cooling_left/stm_f303k8_ioc/Main_app/Src/EKO_LIB" -I"E:/Pulpit/PCB/Plytki_chlodzenia_SOFTWARE/Cooling_left/stm_f303k8_ioc/Main_app/Src/MY_LIB" -I../Core/Inc -I../Drivers/STM32F3xx_HAL_Driver/Inc -I../Drivers/STM32F3xx_HAL_Driver/Inc/Legacy -I../Drivers/CMSIS/Device/ST/STM32F3xx/Include -I../Drivers/CMSIS/Include -I"E:/Pulpit/PCB/Plytki_chlodzenia_SOFTWARE/Cooling_left/stm_f303k8_ioc/Main_app/Inc" -I"E:/Pulpit/PCB/Plytki_chlodzenia_SOFTWARE/Cooling_left/stm_f303k8_ioc/Main_app/Src" -O0 -ffunction-sections -fdata-sections -Wall -fstack-usage -fcyclomatic-complexity -MMD -MP -MF"Main_app/Src/cooler_test.d" -MT"Main_app/Src/cooler_test.o" --specs=nano.specs -mfpu=fpv4-sp-d16 -mfloat-abi=hard -mthumb -o "Main_app/Src/cooler_test.o"
arm-none-eabi-gcc "../Core/Src/main.c" -mcpu=cortex-m4 -std=gnu11 -g3 -DDEBUG -DUSE_HAL_DRIVER -DSTM32F303x8 -c -I"E:/Pulpit/PCB/Plytki_chlodzenia_SOFTWARE/Cooling_left/stm_f303k8_ioc/Main_app/Inc/EKO_LIB" -I"E:/Pulpit/PCB/Plytki_chlodzenia_SOFTWARE/Cooling_left/stm_f303k8_ioc/Main_app/Inc" -I"E:/Pulpit/PCB/Plytki_chlodzenia_SOFTWARE/Cooling_left/stm_f303k8_ioc/Main_app/Src" -I"E:/Pulpit/PCB/Plytki_chlodzenia_SOFTWARE/Cooling_left/stm_f303k8_ioc/Main_app/Inc/MY_LIB" -I"E:/Pulpit/PCB/Plytki_chlodzenia_SOFTWARE/Cooling_left/stm_f303k8_ioc/Main_app/Src/EKO_LIB" -I"E:/Pulpit/PCB/Plytki_chlodzenia_SOFTWARE/Cooling_left/stm_f303k8_ioc/Main_app/Src/MY_LIB" -I../Core/Inc -I../Drivers/STM32F3xx_HAL_Driver/Inc -I../Drivers/STM32F3xx_HAL_Driver/Inc/Legacy -I../Drivers/CMSIS/Device/ST/STM32F3xx/Include -I../Drivers/CMSIS/Include -O0 -ffunction-sections -fdata-sections -Wall -fstack-usage -fcyclomatic-complexity -MMD -MP -MF"Core/Src/main.d" -MT"Core/Src/main.o" --specs=nano.specs -mfpu=fpv4-sp-d16 -mfloat-abi=hard -mthumb -o "Core/Src/main.o"
../Main_app/Src/MY_LIB/MY_driver_i2c.c: In function 'AM2320_StateMachine':
../Main_app/Src/MY_LIB/MY_driver_i2c.c:153:5: warning: enumeration value 'AM2320_IDLE' not handled in switch [-Wswitch]
  153 |     switch (am2320State)
      |     ^~~~~~
../Main_app/Src/cooler_left_app.c: In function 'COOLER_app':
../Main_app/Src/cooler_left_app.c:117:27: warning: enumeration value 'CAN_FRAME_BMS_TEMP_1' not handled in switch [-Wswitch]
  117 |                           switch(msg.name)
      |                           ^~~~~~
../Main_app/Src/cooler_left_app.c:117:27: warning: enumeration value 'CAN_FRAME_BMS_TEMP_2' not handled in switch [-Wswitch]
../Main_app/Src/cooler_left_app.c:117:27: warning: enumeration value 'CAN_FRAME_BMS_TEMP_3' not handled in switch [-Wswitch]
../Main_app/Src/cooler_left_app.c:117:27: warning: enumeration value 'CAN_FRAME_BMS_TEMP_4' not handled in switch [-Wswitch]
../Main_app/Src/cooler_left_app.c:117:27: warning: enumeration value 'CAN_FRAME_BMS_TEMP_5' not handled in switch [-Wswitch]
../Main_app/Src/cooler_left_app.c:117:27: warning: enumeration value 'CAN_FRAME_BMS_TEMP_6' not handled in switch [-Wswitch]
../Main_app/Src/cooler_left_app.c:117:27: warning: enumeration value 'CAN_FRAME_BMS_TEMP_7' not handled in switch [-Wswitch]
../Main_app/Src/cooler_left_app.c:117:27: warning: enumeration value 'CAN_FRAME_BMS_TEMP_8' not handled in switch [-Wswitch]
../Main_app/Src/cooler_left_app.c:117:27: warning: enumeration value 'CAN_FRAME_BMS_TEMP_9' not handled in switch [-Wswitch]
../Main_app/Src/cooler_left_app.c:117:27: warning: enumeration value 'CAN_FRAME_SET_SERVOS_ENGINE' not handled in switch [-Wswitch]
../Main_app/Src/cooler_left_app.c:117:27: warning: enumeration value 'CAN_FRAME_SAFE_STATE' not handled in switch [-Wswitch]
../Main_app/Src/cooler_left_app.c:117:27: warning: enumeration value 'CAN_FRAME_BATTERY_SET_FAN' not handled in switch [-Wswitch]
../Main_app/Src/cooler_left_app.c:117:27: warning: enumeration value 'CAN_FRAME_UNKNOWN' not handled in switch [-Wswitch]
arm-none-eabi-gcc -o "stm_f303k8_ioc.elf" @"objects.list"   -mcpu=cortex-m4 -T"E:\Pulpit\PCB\Plytki_chlodzenia_SOFTWARE\Cooling_left\stm_f303k8_ioc\STM32F303K8TX_FLASH.ld" --specs=nosys.specs -Wl,-Map="stm_f303k8_ioc.map" -Wl,--gc-sections -static --specs=nano.specs -mfpu=fpv4-sp-d16 -mfloat-abi=hard -mthumb -Wl,--start-group -lc -lm -Wl,--end-group
Finished building target: stm_f303k8_ioc.elf
 
arm-none-eabi-size  stm_f303k8_ioc.elf 
arm-none-eabi-objdump -h -S stm_f303k8_ioc.elf  > "stm_f303k8_ioc.list"
   text	   data	    bss	    dec	    hex	filename
  34852	     12	   5064	  39928	   9bf8	stm_f303k8_ioc.elf
Finished building: default.size.stdout
 
Finished building: stm_f303k8_ioc.list
 
20:03:52 **** Incremental Build of configuration Debug for project stm_f303k8_ioc ****
make -j16 all 
arm-none-eabi-gcc "../Main_app/Src/MY_LIB/MY_driver_fan.c" -mcpu=cortex-m4 -std=gnu11 -g3 -DDEBUG -DUSE_HAL_DRIVER -DSTM32F303x8 -c -I"E:/Pulpit/PCB/Plytki_chlodzenia_SOFTWARE/Cooling_left/stm_f303k8_ioc/Main_app/Inc/EKO_LIB" -I"E:/Pulpit/PCB/Plytki_chlodzenia_SOFTWARE/Cooling_left/stm_f303k8_ioc/Main_app/Inc/MY_LIB" -I"E:/Pulpit/PCB/Plytki_chlodzenia_SOFTWARE/Cooling_left/stm_f303k8_ioc/Main_app/Src/EKO_LIB" -I"E:/Pulpit/PCB/Plytki_chlodzenia_SOFTWARE/Cooling_left/stm_f303k8_ioc/Main_app/Src/MY_LIB" -I../Core/Inc -I../Drivers/STM32F3xx_HAL_Driver/Inc -I../Drivers/STM32F3xx_HAL_Driver/Inc/Legacy -I../Drivers/CMSIS/Device/ST/STM32F3xx/Include -I../Drivers/CMSIS/Include -I"E:/Pulpit/PCB/Plytki_chlodzenia_SOFTWARE/Cooling_left/stm_f303k8_ioc/Main_app/Inc" -I"E:/Pulpit/PCB/Plytki_chlodzenia_SOFTWARE/Cooling_left/stm_f303k8_ioc/Main_app/Src" -O0 -ffunction-sections -fdata-sections -Wall -fstack-usage -fcyclomatic-complexity -MMD -MP -MF"Main_app/Src/MY_LIB/MY_driver_fan.d" -MT"Main_app/Src/MY_LIB/MY_driver_fan.o" --specs=nano.specs -mfpu=fpv4-sp-d16 -mfloat-abi=hard -mthumb -o "Main_app/Src/MY_LIB/MY_driver_fan.o"
arm-none-eabi-gcc "../Main_app/Src/MY_LIB/MY_driver_i2c.c" -mcpu=cortex-m4 -std=gnu11 -g3 -DDEBUG -DUSE_HAL_DRIVER -DSTM32F303x8 -c -I"E:/Pulpit/PCB/Plytki_chlodzenia_SOFTWARE/Cooling_left/stm_f303k8_ioc/Main_app/Inc/EKO_LIB" -I"E:/Pulpit/PCB/Plytki_chlodzenia_SOFTWARE/Cooling_left/stm_f303k8_ioc/Main_app/Inc/MY_LIB" -I"E:/Pulpit/PCB/Plytki_chlodzenia_SOFTWARE/Cooling_left/stm_f303k8_ioc/Main_app/Src/EKO_LIB" -I"E:/Pulpit/PCB/Plytki_chlodzenia_SOFTWARE/Cooling_left/stm_f303k8_ioc/Main_app/Src/MY_LIB" -I../Core/Inc -I../Drivers/STM32F3xx_HAL_Driver/Inc -I../Drivers/STM32F3xx_HAL_Driver/Inc/Legacy -I../Drivers/CMSIS/Device/ST/STM32F3xx/Include -I../Drivers/CMSIS/Include -I"E:/Pulpit/PCB/Plytki_chlodzenia_SOFTWARE/Cooling_left/stm_f303k8_ioc/Main_app/Inc" -I"E:/Pulpit/PCB/Plytki_chlodzenia_SOFTWARE/Cooling_left/stm_f303k8_ioc/Main_app/Src" -O0 -ffunction-sections -fdata-sections -Wall -fstack-usage -fcyclomatic-complexity -MMD -MP -MF"Main_app/Src/MY_LIB/MY_driver_i2c.d" -MT"Main_app/Src/MY_LIB/MY_driver_i2c.o" --specs=nano.specs -mfpu=fpv4-sp-d16 -mfloat-abi=hard -mthumb -o "Main_app/Src/MY_LIB/MY_driver_i2c.o"
arm-none-eabi-gcc "../Main_app/Src/MY_LIB/MY_driver_serwo.c" -mcpu=cortex-m4 -std=gnu11 -g3 -DDEBUG -DUSE_HAL_DRIVER -DSTM32F303x8 -c -I"E:/Pulpit/PCB/Plytki_chlodzenia_SOFTWARE/Cooling_left/stm_f303k8_ioc/Main_app/Inc/EKO_LIB" -I"E:/Pulpit/PCB/Plytki_chlodzenia_SOFTWARE/Cooling_left/stm_f303k8_ioc/Main_app/Inc/MY_LIB" -I"E:/Pulpit/PCB/Plytki_chlodzenia_SOFTWARE/Cooling_left/stm_f303k8_ioc/Main_app/Src/EKO_LIB" -I"E:/Pulpit/PCB/Plytki_chlodzenia_SOFTWARE/Cooling_left/stm_f303k8_ioc/Main_app/Src/MY_LIB" -I../Core/Inc -I../Drivers/STM32F3xx_HAL_Driver/Inc -I../Drivers/STM32F3xx_HAL_Driver/Inc/Legacy -I../Drivers/CMSIS/Device/ST/STM32F3xx/Include -I../Drivers/CMSIS/Include -I"E:/Pulpit/PCB/Plytki_chlodzenia_SOFTWARE/Cooling_left/stm_f303k8_ioc/Main_app/Inc" -I"E:/Pulpit/PCB/Plytki_chlodzenia_SOFTWARE/Cooling_left/stm_f303k8_ioc/Main_app/Src" -O0 -ffunction-sections -fdata-sections -Wall -fstack-usage -fcyclomatic-complexity -MMD -MP -MF"Main_app/Src/MY_LIB/MY_driver_serwo.d" -MT"Main_app/Src/MY_LIB/MY_driver_serwo.o" --specs=nano.specs -mfpu=fpv4-sp-d16 -mfloat-abi=hard -mthumb -o "Main_app/Src/MY_LIB/MY_driver_serwo.o"
arm-none-eabi-gcc "../Main_app/Src/EKO_LIB/can_driver.c" -mcpu=cortex-m4 -std=gnu11 -g3 -DDEBUG -DUSE_HAL_DRIVER -DSTM32F303x8 -c -I"E:/Pulpit/PCB/Plytki_chlodzenia_SOFTWARE/Cooling_left/stm_f303k8_ioc/Main_app/Inc/EKO_LIB" -I"E:/Pulpit/PCB/Plytki_chlodzenia_SOFTWARE/Cooling_left/stm_f303k8_ioc/Main_app/Inc/MY_LIB" -I"E:/Pulpit/PCB/Plytki_chlodzenia_SOFTWARE/Cooling_left/stm_f303k8_ioc/Main_app/Src/EKO_LIB" -I"E:/Pulpit/PCB/Plytki_chlodzenia_SOFTWARE/Cooling_left/stm_f303k8_ioc/Main_app/Src/MY_LIB" -I../Core/Inc -I../Drivers/STM32F3xx_HAL_Driver/Inc -I../Drivers/STM32F3xx_HAL_Driver/Inc/Legacy -I../Drivers/CMSIS/Device/ST/STM32F3xx/Include -I../Drivers/CMSIS/Include -I"E:/Pulpit/PCB/Plytki_chlodzenia_SOFTWARE/Cooling_left/stm_f303k8_ioc/Main_app/Inc" -I"E:/Pulpit/PCB/Plytki_chlodzenia_SOFTWARE/Cooling_left/stm_f303k8_ioc/Main_app/Src" -O0 -ffunction-sections -fdata-sections -Wall -fstack-usage -fcyclomatic-complexity -MMD -MP -MF"Main_app/Src/EKO_LIB/can_driver.d" -MT"Main_app/Src/EKO_LIB/can_driver.o" --specs=nano.specs -mfpu=fpv4-sp-d16 -mfloat-abi=hard -mthumb -o "Main_app/Src/EKO_LIB/can_driver.o"
arm-none-eabi-gcc "../Main_app/Src/cooler_left_app.c" -mcpu=cortex-m4 -std=gnu11 -g3 -DDEBUG -DUSE_HAL_DRIVER -DSTM32F303x8 -c -I"E:/Pulpit/PCB/Plytki_chlodzenia_SOFTWARE/Cooling_left/stm_f303k8_ioc/Main_app/Inc/EKO_LIB" -I"E:/Pulpit/PCB/Plytki_chlodzenia_SOFTWARE/Cooling_left/stm_f303k8_ioc/Main_app/Inc/MY_LIB" -I"E:/Pulpit/PCB/Plytki_chlodzenia_SOFTWARE/Cooling_left/stm_f303k8_ioc/Main_app/Src/EKO_LIB" -I"E:/Pulpit/PCB/Plytki_chlodzenia_SOFTWARE/Cooling_left/stm_f303k8_ioc/Main_app/Src/MY_LIB" -I../Core/Inc -I../Drivers/STM32F3xx_HAL_Driver/Inc -I../Drivers/STM32F3xx_HAL_Driver/Inc/Legacy -I../Drivers/CMSIS/Device/ST/STM32F3xx/Include -I../Drivers/CMSIS/Include -I"E:/Pulpit/PCB/Plytki_chlodzenia_SOFTWARE/Cooling_left/stm_f303k8_ioc/Main_app/Inc" -I"E:/Pulpit/PCB/Plytki_chlodzenia_SOFTWARE/Cooling_left/stm_f303k8_ioc/Main_app/Src" -O0 -ffunction-sections -fdata-sections -Wall -fstack-usage -fcyclomatic-complexity -MMD -MP -MF"Main_app/Src/cooler_left_app.d" -MT"Main_app/Src/cooler_left_app.o" --specs=nano.specs -mfpu=fpv4-sp-d16 -mfloat-abi=hard -mthumb -o "Main_app/Src/cooler_left_app.o"
arm-none-eabi-gcc "../Main_app/Src/cooler_test.c" -mcpu=cortex-m4 -std=gnu11 -g3 -DDEBUG -DUSE_HAL_DRIVER -DSTM32F303x8 -c -I"E:/Pulpit/PCB/Plytki_chlodzenia_SOFTWARE/Cooling_left/stm_f303k8_ioc/Main_app/Inc/EKO_LIB" -I"E:/Pulpit/PCB/Plytki_chlodzenia_SOFTWARE/Cooling_left/stm_f303k8_ioc/Main_app/Inc/MY_LIB" -I"E:/Pulpit/PCB/Plytki_chlodzenia_SOFTWARE/Cooling_left/stm_f303k8_ioc/Main_app/Src/EKO_LIB" -I"E:/Pulpit/PCB/Plytki_chlodzenia_SOFTWARE/Cooling_left/stm_f303k8_ioc/Main_app/Src/MY_LIB" -I../Core/Inc -I../Drivers/STM32F3xx_HAL_Driver/Inc -I../Drivers/STM32F3xx_HAL_Driver/Inc/Legacy -I../Drivers/CMSIS/Device/ST/STM32F3xx/Include -I../Drivers/CMSIS/Include -I"E:/Pulpit/PCB/Plytki_chlodzenia_SOFTWARE/Cooling_left/stm_f303k8_ioc/Main_app/Inc" -I"E:/Pulpit/PCB/Plytki_chlodzenia_SOFTWARE/Cooling_left/stm_f303k8_ioc/Main_app/Src" -O0 -ffunction-sections -fdata-sections -Wall -fstack-usage -fcyclomatic-complexity -MMD -MP -MF"Main_app/Src/cooler_test.d" -MT"Main_app/Src/cooler_test.o" --specs=nano.specs -mfpu=fpv4-sp-d16 -mfloat-abi=hard -mthumb -o "Main_app/Src/cooler_test.o"
arm-none-eabi-gcc "../Core/Src/main.c" -mcpu=cortex-m4 -std=gnu11 -g3 -DDEBUG -DUSE_HAL_DRIVER -DSTM32F303x8 -c -I"E:/Pulpit/PCB/Plytki_chlodzenia_SOFTWARE/Cooling_left/stm_f303k8_ioc/Main_app/Inc/EKO_LIB" -I"E:/Pulpit/PCB/Plytki_chlodzenia_SOFTWARE/Cooling_left/stm_f303k8_ioc/Main_app/Inc" -I"E:/Pulpit/PCB/Plytki_chlodzenia_SOFTWARE/Cooling_left/stm_f303k8_ioc/Main_app/Src" -I"E:/Pulpit/PCB/Plytki_chlodzenia_SOFTWARE/Cooling_left/stm_f303k8_ioc/Main_app/Inc/MY_LIB" -I"E:/Pulpit/PCB/Plytki_chlodzenia_SOFTWARE/Cooling_left/stm_f303k8_ioc/Main_app/Src/EKO_LIB" -I"E:/Pulpit/PCB/Plytki_chlodzenia_SOFTWARE/Cooling_left/stm_f303k8_ioc/Main_app/Src/MY_LIB" -I../Core/Inc -I../Drivers/STM32F3xx_HAL_Driver/Inc -I../Drivers/STM32F3xx_HAL_Driver/Inc/Legacy -I../Drivers/CMSIS/Device/ST/STM32F3xx/Include -I../Drivers/CMSIS/Include -O0 -ffunction-sections -fdata-sections -Wall -fstack-usage -fcyclomatic-complexity -MMD -MP -MF"Core/Src/main.d" -MT"Core/Src/main.o" --specs=nano.specs -mfpu=fpv4-sp-d16 -mfloat-abi=hard -mthumb -o "Core/Src/main.o"
../Main_app/Src/MY_LIB/MY_driver_i2c.c: In function 'AM2320_StateMachine':
../Main_app/Src/MY_LIB/MY_driver_i2c.c:153:5: warning: enumeration value 'AM2320_IDLE' not handled in switch [-Wswitch]
  153 |     switch (am2320State)
      |     ^~~~~~
../Main_app/Src/cooler_left_app.c: In function 'COOLER_app':
../Main_app/Src/cooler_left_app.c:117:27: warning: enumeration value 'CAN_FRAME_BMS_TEMP_1' not handled in switch [-Wswitch]
  117 |                           switch(msg.name)
      |                           ^~~~~~
../Main_app/Src/cooler_left_app.c:117:27: warning: enumeration value 'CAN_FRAME_BMS_TEMP_2' not handled in switch [-Wswitch]
../Main_app/Src/cooler_left_app.c:117:27: warning: enumeration value 'CAN_FRAME_BMS_TEMP_3' not handled in switch [-Wswitch]
../Main_app/Src/cooler_left_app.c:117:27: warning: enumeration value 'CAN_FRAME_BMS_TEMP_4' not handled in switch [-Wswitch]
../Main_app/Src/cooler_left_app.c:117:27: warning: enumeration value 'CAN_FRAME_BMS_TEMP_5' not handled in switch [-Wswitch]
../Main_app/Src/cooler_left_app.c:117:27: warning: enumeration value 'CAN_FRAME_BMS_TEMP_6' not handled in switch [-Wswitch]
../Main_app/Src/cooler_left_app.c:117:27: warning: enumeration value 'CAN_FRAME_BMS_TEMP_7' not handled in switch [-Wswitch]
../Main_app/Src/cooler_left_app.c:117:27: warning: enumeration value 'CAN_FRAME_BMS_TEMP_8' not handled in switch [-Wswitch]
../Main_app/Src/cooler_left_app.c:117:27: warning: enumeration value 'CAN_FRAME_BMS_TEMP_9' not handled in switch [-Wswitch]
../Main_app/Src/cooler_left_app.c:117:27: warning: enumeration value 'CAN_FRAME_SET_SERVOS_ENGINE' not handled in switch [-Wswitch]
../Main_app/Src/cooler_left_app.c:117:27: warning: enumeration value 'CAN_FRAME_SAFE_STATE' not handled in switch [-Wswitch]
../Main_app/Src/cooler_left_app.c:117:27: warning: enumeration value 'CAN_FRAME_BATTERY_SET_FAN' not handled in switch [-Wswitch]
../Main_app/Src/cooler_left_app.c:117:27: warning: enumeration value 'CAN_FRAME_UNKNOWN' not handled in switch [-Wswitch]
arm-none-eabi-gcc -o "stm_f303k8_ioc.elf" @"objects.list"   -mcpu=cortex-m4 -T"E:\Pulpit\PCB\Plytki_chlodzenia_SOFTWARE\Cooling_left\stm_f303k8_ioc\STM32F303K8TX_FLASH.ld" --specs=nosys.specs -Wl,-Map="stm_f303k8_ioc.map" -Wl,--gc-sections -static --specs=nano.specs -mfpu=fpv4-sp-d16 -mfloat-abi=hard -mthumb -Wl,--start-group -lc -lm -Wl,--end-group
Finished building target: stm_f303k8_ioc.elf
 
arm-none-eabi-size  stm_f303k8_ioc.elf 
arm-none-eabi-objdump -h -S stm_f303k8_ioc.elf  > "stm_f303k8_ioc.list"
   text	   data	    bss	    dec	    hex	filename
  34852	     12	   5064	  39928	   9bf8	stm_f303k8_ioc.elf
Finished building: default.size.stdout
 
Finished building: stm_f303k8_ioc.list
 
20:05:45 **** Incremental Build of configuration Debug for project stm_f303k8_ioc ****
make -j16 all 
arm-none-eabi-gcc "../Main_app/Src/MY_LIB/MY_driver_fan.c" -mcpu=cortex-m4 -std=gnu11 -g3 -DDEBUG -DUSE_HAL_DRIVER -DSTM32F303x8 -c -I"E:/Pulpit/PCB/Plytki_chlodzenia_SOFTWARE/Cooling_left/stm_f303k8_ioc/Main_app/Inc/EKO_LIB" -I"E:/Pulpit/PCB/Plytki_chlodzenia_SOFTWARE/Cooling_left/stm_f303k8_ioc/Main_app/Inc/MY_LIB" -I"E:/Pulpit/PCB/Plytki_chlodzenia_SOFTWARE/Cooling_left/stm_f303k8_ioc/Main_app/Src/EKO_LIB" -I"E:/Pulpit/PCB/Plytki_chlodzenia_SOFTWARE/Cooling_left/stm_f303k8_ioc/Main_app/Src/MY_LIB" -I../Core/Inc -I../Drivers/STM32F3xx_HAL_Driver/Inc -I../Drivers/STM32F3xx_HAL_Driver/Inc/Legacy -I../Drivers/CMSIS/Device/ST/STM32F3xx/Include -I../Drivers/CMSIS/Include -I"E:/Pulpit/PCB/Plytki_chlodzenia_SOFTWARE/Cooling_left/stm_f303k8_ioc/Main_app/Inc" -I"E:/Pulpit/PCB/Plytki_chlodzenia_SOFTWARE/Cooling_left/stm_f303k8_ioc/Main_app/Src" -O0 -ffunction-sections -fdata-sections -Wall -fstack-usage -fcyclomatic-complexity -MMD -MP -MF"Main_app/Src/MY_LIB/MY_driver_fan.d" -MT"Main_app/Src/MY_LIB/MY_driver_fan.o" --specs=nano.specs -mfpu=fpv4-sp-d16 -mfloat-abi=hard -mthumb -o "Main_app/Src/MY_LIB/MY_driver_fan.o"
arm-none-eabi-gcc "../Main_app/Src/MY_LIB/MY_driver_i2c.c" -mcpu=cortex-m4 -std=gnu11 -g3 -DDEBUG -DUSE_HAL_DRIVER -DSTM32F303x8 -c -I"E:/Pulpit/PCB/Plytki_chlodzenia_SOFTWARE/Cooling_left/stm_f303k8_ioc/Main_app/Inc/EKO_LIB" -I"E:/Pulpit/PCB/Plytki_chlodzenia_SOFTWARE/Cooling_left/stm_f303k8_ioc/Main_app/Inc/MY_LIB" -I"E:/Pulpit/PCB/Plytki_chlodzenia_SOFTWARE/Cooling_left/stm_f303k8_ioc/Main_app/Src/EKO_LIB" -I"E:/Pulpit/PCB/Plytki_chlodzenia_SOFTWARE/Cooling_left/stm_f303k8_ioc/Main_app/Src/MY_LIB" -I../Core/Inc -I../Drivers/STM32F3xx_HAL_Driver/Inc -I../Drivers/STM32F3xx_HAL_Driver/Inc/Legacy -I../Drivers/CMSIS/Device/ST/STM32F3xx/Include -I../Drivers/CMSIS/Include -I"E:/Pulpit/PCB/Plytki_chlodzenia_SOFTWARE/Cooling_left/stm_f303k8_ioc/Main_app/Inc" -I"E:/Pulpit/PCB/Plytki_chlodzenia_SOFTWARE/Cooling_left/stm_f303k8_ioc/Main_app/Src" -O0 -ffunction-sections -fdata-sections -Wall -fstack-usage -fcyclomatic-complexity -MMD -MP -MF"Main_app/Src/MY_LIB/MY_driver_i2c.d" -MT"Main_app/Src/MY_LIB/MY_driver_i2c.o" --specs=nano.specs -mfpu=fpv4-sp-d16 -mfloat-abi=hard -mthumb -o "Main_app/Src/MY_LIB/MY_driver_i2c.o"
arm-none-eabi-gcc "../Main_app/Src/MY_LIB/MY_driver_serwo.c" -mcpu=cortex-m4 -std=gnu11 -g3 -DDEBUG -DUSE_HAL_DRIVER -DSTM32F303x8 -c -I"E:/Pulpit/PCB/Plytki_chlodzenia_SOFTWARE/Cooling_left/stm_f303k8_ioc/Main_app/Inc/EKO_LIB" -I"E:/Pulpit/PCB/Plytki_chlodzenia_SOFTWARE/Cooling_left/stm_f303k8_ioc/Main_app/Inc/MY_LIB" -I"E:/Pulpit/PCB/Plytki_chlodzenia_SOFTWARE/Cooling_left/stm_f303k8_ioc/Main_app/Src/EKO_LIB" -I"E:/Pulpit/PCB/Plytki_chlodzenia_SOFTWARE/Cooling_left/stm_f303k8_ioc/Main_app/Src/MY_LIB" -I../Core/Inc -I../Drivers/STM32F3xx_HAL_Driver/Inc -I../Drivers/STM32F3xx_HAL_Driver/Inc/Legacy -I../Drivers/CMSIS/Device/ST/STM32F3xx/Include -I../Drivers/CMSIS/Include -I"E:/Pulpit/PCB/Plytki_chlodzenia_SOFTWARE/Cooling_left/stm_f303k8_ioc/Main_app/Inc" -I"E:/Pulpit/PCB/Plytki_chlodzenia_SOFTWARE/Cooling_left/stm_f303k8_ioc/Main_app/Src" -O0 -ffunction-sections -fdata-sections -Wall -fstack-usage -fcyclomatic-complexity -MMD -MP -MF"Main_app/Src/MY_LIB/MY_driver_serwo.d" -MT"Main_app/Src/MY_LIB/MY_driver_serwo.o" --specs=nano.specs -mfpu=fpv4-sp-d16 -mfloat-abi=hard -mthumb -o "Main_app/Src/MY_LIB/MY_driver_serwo.o"
arm-none-eabi-gcc "../Main_app/Src/EKO_LIB/can_driver.c" -mcpu=cortex-m4 -std=gnu11 -g3 -DDEBUG -DUSE_HAL_DRIVER -DSTM32F303x8 -c -I"E:/Pulpit/PCB/Plytki_chlodzenia_SOFTWARE/Cooling_left/stm_f303k8_ioc/Main_app/Inc/EKO_LIB" -I"E:/Pulpit/PCB/Plytki_chlodzenia_SOFTWARE/Cooling_left/stm_f303k8_ioc/Main_app/Inc/MY_LIB" -I"E:/Pulpit/PCB/Plytki_chlodzenia_SOFTWARE/Cooling_left/stm_f303k8_ioc/Main_app/Src/EKO_LIB" -I"E:/Pulpit/PCB/Plytki_chlodzenia_SOFTWARE/Cooling_left/stm_f303k8_ioc/Main_app/Src/MY_LIB" -I../Core/Inc -I../Drivers/STM32F3xx_HAL_Driver/Inc -I../Drivers/STM32F3xx_HAL_Driver/Inc/Legacy -I../Drivers/CMSIS/Device/ST/STM32F3xx/Include -I../Drivers/CMSIS/Include -I"E:/Pulpit/PCB/Plytki_chlodzenia_SOFTWARE/Cooling_left/stm_f303k8_ioc/Main_app/Inc" -I"E:/Pulpit/PCB/Plytki_chlodzenia_SOFTWARE/Cooling_left/stm_f303k8_ioc/Main_app/Src" -O0 -ffunction-sections -fdata-sections -Wall -fstack-usage -fcyclomatic-complexity -MMD -MP -MF"Main_app/Src/EKO_LIB/can_driver.d" -MT"Main_app/Src/EKO_LIB/can_driver.o" --specs=nano.specs -mfpu=fpv4-sp-d16 -mfloat-abi=hard -mthumb -o "Main_app/Src/EKO_LIB/can_driver.o"
arm-none-eabi-gcc "../Main_app/Src/cooler_left_app.c" -mcpu=cortex-m4 -std=gnu11 -g3 -DDEBUG -DUSE_HAL_DRIVER -DSTM32F303x8 -c -I"E:/Pulpit/PCB/Plytki_chlodzenia_SOFTWARE/Cooling_left/stm_f303k8_ioc/Main_app/Inc/EKO_LIB" -I"E:/Pulpit/PCB/Plytki_chlodzenia_SOFTWARE/Cooling_left/stm_f303k8_ioc/Main_app/Inc/MY_LIB" -I"E:/Pulpit/PCB/Plytki_chlodzenia_SOFTWARE/Cooling_left/stm_f303k8_ioc/Main_app/Src/EKO_LIB" -I"E:/Pulpit/PCB/Plytki_chlodzenia_SOFTWARE/Cooling_left/stm_f303k8_ioc/Main_app/Src/MY_LIB" -I../Core/Inc -I../Drivers/STM32F3xx_HAL_Driver/Inc -I../Drivers/STM32F3xx_HAL_Driver/Inc/Legacy -I../Drivers/CMSIS/Device/ST/STM32F3xx/Include -I../Drivers/CMSIS/Include -I"E:/Pulpit/PCB/Plytki_chlodzenia_SOFTWARE/Cooling_left/stm_f303k8_ioc/Main_app/Inc" -I"E:/Pulpit/PCB/Plytki_chlodzenia_SOFTWARE/Cooling_left/stm_f303k8_ioc/Main_app/Src" -O0 -ffunction-sections -fdata-sections -Wall -fstack-usage -fcyclomatic-complexity -MMD -MP -MF"Main_app/Src/cooler_left_app.d" -MT"Main_app/Src/cooler_left_app.o" --specs=nano.specs -mfpu=fpv4-sp-d16 -mfloat-abi=hard -mthumb -o "Main_app/Src/cooler_left_app.o"
arm-none-eabi-gcc "../Main_app/Src/cooler_test.c" -mcpu=cortex-m4 -std=gnu11 -g3 -DDEBUG -DUSE_HAL_DRIVER -DSTM32F303x8 -c -I"E:/Pulpit/PCB/Plytki_chlodzenia_SOFTWARE/Cooling_left/stm_f303k8_ioc/Main_app/Inc/EKO_LIB" -I"E:/Pulpit/PCB/Plytki_chlodzenia_SOFTWARE/Cooling_left/stm_f303k8_ioc/Main_app/Inc/MY_LIB" -I"E:/Pulpit/PCB/Plytki_chlodzenia_SOFTWARE/Cooling_left/stm_f303k8_ioc/Main_app/Src/EKO_LIB" -I"E:/Pulpit/PCB/Plytki_chlodzenia_SOFTWARE/Cooling_left/stm_f303k8_ioc/Main_app/Src/MY_LIB" -I../Core/Inc -I../Drivers/STM32F3xx_HAL_Driver/Inc -I../Drivers/STM32F3xx_HAL_Driver/Inc/Legacy -I../Drivers/CMSIS/Device/ST/STM32F3xx/Include -I../Drivers/CMSIS/Include -I"E:/Pulpit/PCB/Plytki_chlodzenia_SOFTWARE/Cooling_left/stm_f303k8_ioc/Main_app/Inc" -I"E:/Pulpit/PCB/Plytki_chlodzenia_SOFTWARE/Cooling_left/stm_f303k8_ioc/Main_app/Src" -O0 -ffunction-sections -fdata-sections -Wall -fstack-usage -fcyclomatic-complexity -MMD -MP -MF"Main_app/Src/cooler_test.d" -MT"Main_app/Src/cooler_test.o" --specs=nano.specs -mfpu=fpv4-sp-d16 -mfloat-abi=hard -mthumb -o "Main_app/Src/cooler_test.o"
arm-none-eabi-gcc "../Core/Src/main.c" -mcpu=cortex-m4 -std=gnu11 -g3 -DDEBUG -DUSE_HAL_DRIVER -DSTM32F303x8 -c -I"E:/Pulpit/PCB/Plytki_chlodzenia_SOFTWARE/Cooling_left/stm_f303k8_ioc/Main_app/Inc/EKO_LIB" -I"E:/Pulpit/PCB/Plytki_chlodzenia_SOFTWARE/Cooling_left/stm_f303k8_ioc/Main_app/Inc" -I"E:/Pulpit/PCB/Plytki_chlodzenia_SOFTWARE/Cooling_left/stm_f303k8_ioc/Main_app/Src" -I"E:/Pulpit/PCB/Plytki_chlodzenia_SOFTWARE/Cooling_left/stm_f303k8_ioc/Main_app/Inc/MY_LIB" -I"E:/Pulpit/PCB/Plytki_chlodzenia_SOFTWARE/Cooling_left/stm_f303k8_ioc/Main_app/Src/EKO_LIB" -I"E:/Pulpit/PCB/Plytki_chlodzenia_SOFTWARE/Cooling_left/stm_f303k8_ioc/Main_app/Src/MY_LIB" -I../Core/Inc -I../Drivers/STM32F3xx_HAL_Driver/Inc -I../Drivers/STM32F3xx_HAL_Driver/Inc/Legacy -I../Drivers/CMSIS/Device/ST/STM32F3xx/Include -I../Drivers/CMSIS/Include -O0 -ffunction-sections -fdata-sections -Wall -fstack-usage -fcyclomatic-complexity -MMD -MP -MF"Core/Src/main.d" -MT"Core/Src/main.o" --specs=nano.specs -mfpu=fpv4-sp-d16 -mfloat-abi=hard -mthumb -o "Core/Src/main.o"
../Main_app/Src/MY_LIB/MY_driver_i2c.c: In function 'AM2320_StateMachine':
../Main_app/Src/MY_LIB/MY_driver_i2c.c:153:5: warning: enumeration value 'AM2320_IDLE' not handled in switch [-Wswitch]
  153 |     switch (am2320State)
      |     ^~~~~~
../Main_app/Src/cooler_left_app.c: In function 'COOLER_app':
../Main_app/Src/cooler_left_app.c:117:27: warning: enumeration value 'CAN_FRAME_BMS_TEMP_1' not handled in switch [-Wswitch]
  117 |                           switch(msg.name)
      |                           ^~~~~~
../Main_app/Src/cooler_left_app.c:117:27: warning: enumeration value 'CAN_FRAME_BMS_TEMP_2' not handled in switch [-Wswitch]
../Main_app/Src/cooler_left_app.c:117:27: warning: enumeration value 'CAN_FRAME_BMS_TEMP_3' not handled in switch [-Wswitch]
../Main_app/Src/cooler_left_app.c:117:27: warning: enumeration value 'CAN_FRAME_BMS_TEMP_4' not handled in switch [-Wswitch]
../Main_app/Src/cooler_left_app.c:117:27: warning: enumeration value 'CAN_FRAME_BMS_TEMP_5' not handled in switch [-Wswitch]
../Main_app/Src/cooler_left_app.c:117:27: warning: enumeration value 'CAN_FRAME_BMS_TEMP_6' not handled in switch [-Wswitch]
../Main_app/Src/cooler_left_app.c:117:27: warning: enumeration value 'CAN_FRAME_BMS_TEMP_7' not handled in switch [-Wswitch]
../Main_app/Src/cooler_left_app.c:117:27: warning: enumeration value 'CAN_FRAME_BMS_TEMP_8' not handled in switch [-Wswitch]
../Main_app/Src/cooler_left_app.c:117:27: warning: enumeration value 'CAN_FRAME_BMS_TEMP_9' not handled in switch [-Wswitch]
../Main_app/Src/cooler_left_app.c:117:27: warning: enumeration value 'CAN_FRAME_SET_SERVOS_ENGINE' not handled in switch [-Wswitch]
../Main_app/Src/cooler_left_app.c:117:27: warning: enumeration value 'CAN_FRAME_SAFE_STATE' not handled in switch [-Wswitch]
../Main_app/Src/cooler_left_app.c:117:27: warning: enumeration value 'CAN_FRAME_BATTERY_SET_FAN' not handled in switch [-Wswitch]
../Main_app/Src/cooler_left_app.c:117:27: warning: enumeration value 'CAN_FRAME_UNKNOWN' not handled in switch [-Wswitch]
arm-none-eabi-gcc -o "stm_f303k8_ioc.elf" @"objects.list"   -mcpu=cortex-m4 -T"E:\Pulpit\PCB\Plytki_chlodzenia_SOFTWARE\Cooling_left\stm_f303k8_ioc\STM32F303K8TX_FLASH.ld" --specs=nosys.specs -Wl,-Map="stm_f303k8_ioc.map" -Wl,--gc-sections -static --specs=nano.specs -mfpu=fpv4-sp-d16 -mfloat-abi=hard -mthumb -Wl,--start-group -lc -lm -Wl,--end-group
Finished building target: stm_f303k8_ioc.elf
 
arm-none-eabi-size  stm_f303k8_ioc.elf 
arm-none-eabi-objdump -h -S stm_f303k8_ioc.elf  > "stm_f303k8_ioc.list"
   text	   data	    bss	    dec	    hex	filename
  34852	     12	   5064	  39928	   9bf8	stm_f303k8_ioc.elf
Finished building: default.size.stdout
 
Finished building: stm_f303k8_ioc.list
 
20:06:02 **** Incremental Build of configuration Debug for project stm_f303k8_ioc ****
make -j16 all 
arm-none-eabi-gcc "../Main_app/Src/MY_LIB/MY_driver_fan.c" -mcpu=cortex-m4 -std=gnu11 -g3 -DDEBUG -DUSE_HAL_DRIVER -DSTM32F303x8 -c -I"E:/Pulpit/PCB/Plytki_chlodzenia_SOFTWARE/Cooling_left/stm_f303k8_ioc/Main_app/Inc/EKO_LIB" -I"E:/Pulpit/PCB/Plytki_chlodzenia_SOFTWARE/Cooling_left/stm_f303k8_ioc/Main_app/Inc/MY_LIB" -I"E:/Pulpit/PCB/Plytki_chlodzenia_SOFTWARE/Cooling_left/stm_f303k8_ioc/Main_app/Src/EKO_LIB" -I"E:/Pulpit/PCB/Plytki_chlodzenia_SOFTWARE/Cooling_left/stm_f303k8_ioc/Main_app/Src/MY_LIB" -I../Core/Inc -I../Drivers/STM32F3xx_HAL_Driver/Inc -I../Drivers/STM32F3xx_HAL_Driver/Inc/Legacy -I../Drivers/CMSIS/Device/ST/STM32F3xx/Include -I../Drivers/CMSIS/Include -I"E:/Pulpit/PCB/Plytki_chlodzenia_SOFTWARE/Cooling_left/stm_f303k8_ioc/Main_app/Inc" -I"E:/Pulpit/PCB/Plytki_chlodzenia_SOFTWARE/Cooling_left/stm_f303k8_ioc/Main_app/Src" -O0 -ffunction-sections -fdata-sections -Wall -fstack-usage -fcyclomatic-complexity -MMD -MP -MF"Main_app/Src/MY_LIB/MY_driver_fan.d" -MT"Main_app/Src/MY_LIB/MY_driver_fan.o" --specs=nano.specs -mfpu=fpv4-sp-d16 -mfloat-abi=hard -mthumb -o "Main_app/Src/MY_LIB/MY_driver_fan.o"
arm-none-eabi-gcc "../Main_app/Src/MY_LIB/MY_driver_i2c.c" -mcpu=cortex-m4 -std=gnu11 -g3 -DDEBUG -DUSE_HAL_DRIVER -DSTM32F303x8 -c -I"E:/Pulpit/PCB/Plytki_chlodzenia_SOFTWARE/Cooling_left/stm_f303k8_ioc/Main_app/Inc/EKO_LIB" -I"E:/Pulpit/PCB/Plytki_chlodzenia_SOFTWARE/Cooling_left/stm_f303k8_ioc/Main_app/Inc/MY_LIB" -I"E:/Pulpit/PCB/Plytki_chlodzenia_SOFTWARE/Cooling_left/stm_f303k8_ioc/Main_app/Src/EKO_LIB" -I"E:/Pulpit/PCB/Plytki_chlodzenia_SOFTWARE/Cooling_left/stm_f303k8_ioc/Main_app/Src/MY_LIB" -I../Core/Inc -I../Drivers/STM32F3xx_HAL_Driver/Inc -I../Drivers/STM32F3xx_HAL_Driver/Inc/Legacy -I../Drivers/CMSIS/Device/ST/STM32F3xx/Include -I../Drivers/CMSIS/Include -I"E:/Pulpit/PCB/Plytki_chlodzenia_SOFTWARE/Cooling_left/stm_f303k8_ioc/Main_app/Inc" -I"E:/Pulpit/PCB/Plytki_chlodzenia_SOFTWARE/Cooling_left/stm_f303k8_ioc/Main_app/Src" -O0 -ffunction-sections -fdata-sections -Wall -fstack-usage -fcyclomatic-complexity -MMD -MP -MF"Main_app/Src/MY_LIB/MY_driver_i2c.d" -MT"Main_app/Src/MY_LIB/MY_driver_i2c.o" --specs=nano.specs -mfpu=fpv4-sp-d16 -mfloat-abi=hard -mthumb -o "Main_app/Src/MY_LIB/MY_driver_i2c.o"
arm-none-eabi-gcc "../Main_app/Src/MY_LIB/MY_driver_serwo.c" -mcpu=cortex-m4 -std=gnu11 -g3 -DDEBUG -DUSE_HAL_DRIVER -DSTM32F303x8 -c -I"E:/Pulpit/PCB/Plytki_chlodzenia_SOFTWARE/Cooling_left/stm_f303k8_ioc/Main_app/Inc/EKO_LIB" -I"E:/Pulpit/PCB/Plytki_chlodzenia_SOFTWARE/Cooling_left/stm_f303k8_ioc/Main_app/Inc/MY_LIB" -I"E:/Pulpit/PCB/Plytki_chlodzenia_SOFTWARE/Cooling_left/stm_f303k8_ioc/Main_app/Src/EKO_LIB" -I"E:/Pulpit/PCB/Plytki_chlodzenia_SOFTWARE/Cooling_left/stm_f303k8_ioc/Main_app/Src/MY_LIB" -I../Core/Inc -I../Drivers/STM32F3xx_HAL_Driver/Inc -I../Drivers/STM32F3xx_HAL_Driver/Inc/Legacy -I../Drivers/CMSIS/Device/ST/STM32F3xx/Include -I../Drivers/CMSIS/Include -I"E:/Pulpit/PCB/Plytki_chlodzenia_SOFTWARE/Cooling_left/stm_f303k8_ioc/Main_app/Inc" -I"E:/Pulpit/PCB/Plytki_chlodzenia_SOFTWARE/Cooling_left/stm_f303k8_ioc/Main_app/Src" -O0 -ffunction-sections -fdata-sections -Wall -fstack-usage -fcyclomatic-complexity -MMD -MP -MF"Main_app/Src/MY_LIB/MY_driver_serwo.d" -MT"Main_app/Src/MY_LIB/MY_driver_serwo.o" --specs=nano.specs -mfpu=fpv4-sp-d16 -mfloat-abi=hard -mthumb -o "Main_app/Src/MY_LIB/MY_driver_serwo.o"
arm-none-eabi-gcc "../Main_app/Src/EKO_LIB/can_driver.c" -mcpu=cortex-m4 -std=gnu11 -g3 -DDEBUG -DUSE_HAL_DRIVER -DSTM32F303x8 -c -I"E:/Pulpit/PCB/Plytki_chlodzenia_SOFTWARE/Cooling_left/stm_f303k8_ioc/Main_app/Inc/EKO_LIB" -I"E:/Pulpit/PCB/Plytki_chlodzenia_SOFTWARE/Cooling_left/stm_f303k8_ioc/Main_app/Inc/MY_LIB" -I"E:/Pulpit/PCB/Plytki_chlodzenia_SOFTWARE/Cooling_left/stm_f303k8_ioc/Main_app/Src/EKO_LIB" -I"E:/Pulpit/PCB/Plytki_chlodzenia_SOFTWARE/Cooling_left/stm_f303k8_ioc/Main_app/Src/MY_LIB" -I../Core/Inc -I../Drivers/STM32F3xx_HAL_Driver/Inc -I../Drivers/STM32F3xx_HAL_Driver/Inc/Legacy -I../Drivers/CMSIS/Device/ST/STM32F3xx/Include -I../Drivers/CMSIS/Include -I"E:/Pulpit/PCB/Plytki_chlodzenia_SOFTWARE/Cooling_left/stm_f303k8_ioc/Main_app/Inc" -I"E:/Pulpit/PCB/Plytki_chlodzenia_SOFTWARE/Cooling_left/stm_f303k8_ioc/Main_app/Src" -O0 -ffunction-sections -fdata-sections -Wall -fstack-usage -fcyclomatic-complexity -MMD -MP -MF"Main_app/Src/EKO_LIB/can_driver.d" -MT"Main_app/Src/EKO_LIB/can_driver.o" --specs=nano.specs -mfpu=fpv4-sp-d16 -mfloat-abi=hard -mthumb -o "Main_app/Src/EKO_LIB/can_driver.o"
arm-none-eabi-gcc "../Main_app/Src/cooler_left_app.c" -mcpu=cortex-m4 -std=gnu11 -g3 -DDEBUG -DUSE_HAL_DRIVER -DSTM32F303x8 -c -I"E:/Pulpit/PCB/Plytki_chlodzenia_SOFTWARE/Cooling_left/stm_f303k8_ioc/Main_app/Inc/EKO_LIB" -I"E:/Pulpit/PCB/Plytki_chlodzenia_SOFTWARE/Cooling_left/stm_f303k8_ioc/Main_app/Inc/MY_LIB" -I"E:/Pulpit/PCB/Plytki_chlodzenia_SOFTWARE/Cooling_left/stm_f303k8_ioc/Main_app/Src/EKO_LIB" -I"E:/Pulpit/PCB/Plytki_chlodzenia_SOFTWARE/Cooling_left/stm_f303k8_ioc/Main_app/Src/MY_LIB" -I../Core/Inc -I../Drivers/STM32F3xx_HAL_Driver/Inc -I../Drivers/STM32F3xx_HAL_Driver/Inc/Legacy -I../Drivers/CMSIS/Device/ST/STM32F3xx/Include -I../Drivers/CMSIS/Include -I"E:/Pulpit/PCB/Plytki_chlodzenia_SOFTWARE/Cooling_left/stm_f303k8_ioc/Main_app/Inc" -I"E:/Pulpit/PCB/Plytki_chlodzenia_SOFTWARE/Cooling_left/stm_f303k8_ioc/Main_app/Src" -O0 -ffunction-sections -fdata-sections -Wall -fstack-usage -fcyclomatic-complexity -MMD -MP -MF"Main_app/Src/cooler_left_app.d" -MT"Main_app/Src/cooler_left_app.o" --specs=nano.specs -mfpu=fpv4-sp-d16 -mfloat-abi=hard -mthumb -o "Main_app/Src/cooler_left_app.o"
arm-none-eabi-gcc "../Main_app/Src/cooler_test.c" -mcpu=cortex-m4 -std=gnu11 -g3 -DDEBUG -DUSE_HAL_DRIVER -DSTM32F303x8 -c -I"E:/Pulpit/PCB/Plytki_chlodzenia_SOFTWARE/Cooling_left/stm_f303k8_ioc/Main_app/Inc/EKO_LIB" -I"E:/Pulpit/PCB/Plytki_chlodzenia_SOFTWARE/Cooling_left/stm_f303k8_ioc/Main_app/Inc/MY_LIB" -I"E:/Pulpit/PCB/Plytki_chlodzenia_SOFTWARE/Cooling_left/stm_f303k8_ioc/Main_app/Src/EKO_LIB" -I"E:/Pulpit/PCB/Plytki_chlodzenia_SOFTWARE/Cooling_left/stm_f303k8_ioc/Main_app/Src/MY_LIB" -I../Core/Inc -I../Drivers/STM32F3xx_HAL_Driver/Inc -I../Drivers/STM32F3xx_HAL_Driver/Inc/Legacy -I../Drivers/CMSIS/Device/ST/STM32F3xx/Include -I../Drivers/CMSIS/Include -I"E:/Pulpit/PCB/Plytki_chlodzenia_SOFTWARE/Cooling_left/stm_f303k8_ioc/Main_app/Inc" -I"E:/Pulpit/PCB/Plytki_chlodzenia_SOFTWARE/Cooling_left/stm_f303k8_ioc/Main_app/Src" -O0 -ffunction-sections -fdata-sections -Wall -fstack-usage -fcyclomatic-complexity -MMD -MP -MF"Main_app/Src/cooler_test.d" -MT"Main_app/Src/cooler_test.o" --specs=nano.specs -mfpu=fpv4-sp-d16 -mfloat-abi=hard -mthumb -o "Main_app/Src/cooler_test.o"
arm-none-eabi-gcc "../Core/Src/main.c" -mcpu=cortex-m4 -std=gnu11 -g3 -DDEBUG -DUSE_HAL_DRIVER -DSTM32F303x8 -c -I"E:/Pulpit/PCB/Plytki_chlodzenia_SOFTWARE/Cooling_left/stm_f303k8_ioc/Main_app/Inc/EKO_LIB" -I"E:/Pulpit/PCB/Plytki_chlodzenia_SOFTWARE/Cooling_left/stm_f303k8_ioc/Main_app/Inc" -I"E:/Pulpit/PCB/Plytki_chlodzenia_SOFTWARE/Cooling_left/stm_f303k8_ioc/Main_app/Src" -I"E:/Pulpit/PCB/Plytki_chlodzenia_SOFTWARE/Cooling_left/stm_f303k8_ioc/Main_app/Inc/MY_LIB" -I"E:/Pulpit/PCB/Plytki_chlodzenia_SOFTWARE/Cooling_left/stm_f303k8_ioc/Main_app/Src/EKO_LIB" -I"E:/Pulpit/PCB/Plytki_chlodzenia_SOFTWARE/Cooling_left/stm_f303k8_ioc/Main_app/Src/MY_LIB" -I../Core/Inc -I../Drivers/STM32F3xx_HAL_Driver/Inc -I../Drivers/STM32F3xx_HAL_Driver/Inc/Legacy -I../Drivers/CMSIS/Device/ST/STM32F3xx/Include -I../Drivers/CMSIS/Include -O0 -ffunction-sections -fdata-sections -Wall -fstack-usage -fcyclomatic-complexity -MMD -MP -MF"Core/Src/main.d" -MT"Core/Src/main.o" --specs=nano.specs -mfpu=fpv4-sp-d16 -mfloat-abi=hard -mthumb -o "Core/Src/main.o"
../Main_app/Src/MY_LIB/MY_driver_i2c.c: In function 'AM2320_StateMachine':
../Main_app/Src/MY_LIB/MY_driver_i2c.c:153:5: warning: enumeration value 'AM2320_IDLE' not handled in switch [-Wswitch]
  153 |     switch (am2320State)
      |     ^~~~~~
../Main_app/Src/cooler_left_app.c: In function 'COOLER_app':
../Main_app/Src/cooler_left_app.c:117:27: warning: enumeration value 'CAN_FRAME_BMS_TEMP_1' not handled in switch [-Wswitch]
  117 |                           switch(msg.name)
      |                           ^~~~~~
../Main_app/Src/cooler_left_app.c:117:27: warning: enumeration value 'CAN_FRAME_BMS_TEMP_2' not handled in switch [-Wswitch]
../Main_app/Src/cooler_left_app.c:117:27: warning: enumeration value 'CAN_FRAME_BMS_TEMP_3' not handled in switch [-Wswitch]
../Main_app/Src/cooler_left_app.c:117:27: warning: enumeration value 'CAN_FRAME_BMS_TEMP_4' not handled in switch [-Wswitch]
../Main_app/Src/cooler_left_app.c:117:27: warning: enumeration value 'CAN_FRAME_BMS_TEMP_5' not handled in switch [-Wswitch]
../Main_app/Src/cooler_left_app.c:117:27: warning: enumeration value 'CAN_FRAME_BMS_TEMP_6' not handled in switch [-Wswitch]
../Main_app/Src/cooler_left_app.c:117:27: warning: enumeration value 'CAN_FRAME_BMS_TEMP_7' not handled in switch [-Wswitch]
../Main_app/Src/cooler_left_app.c:117:27: warning: enumeration value 'CAN_FRAME_BMS_TEMP_8' not handled in switch [-Wswitch]
../Main_app/Src/cooler_left_app.c:117:27: warning: enumeration value 'CAN_FRAME_BMS_TEMP_9' not handled in switch [-Wswitch]
../Main_app/Src/cooler_left_app.c:117:27: warning: enumeration value 'CAN_FRAME_SET_SERVOS_ENGINE' not handled in switch [-Wswitch]
../Main_app/Src/cooler_left_app.c:117:27: warning: enumeration value 'CAN_FRAME_SAFE_STATE' not handled in switch [-Wswitch]
../Main_app/Src/cooler_left_app.c:117:27: warning: enumeration value 'CAN_FRAME_BATTERY_SET_FAN' not handled in switch [-Wswitch]
../Main_app/Src/cooler_left_app.c:117:27: warning: enumeration value 'CAN_FRAME_UNKNOWN' not handled in switch [-Wswitch]
arm-none-eabi-gcc -o "stm_f303k8_ioc.elf" @"objects.list"   -mcpu=cortex-m4 -T"E:\Pulpit\PCB\Plytki_chlodzenia_SOFTWARE\Cooling_left\stm_f303k8_ioc\STM32F303K8TX_FLASH.ld" --specs=nosys.specs -Wl,-Map="stm_f303k8_ioc.map" -Wl,--gc-sections -static --specs=nano.specs -mfpu=fpv4-sp-d16 -mfloat-abi=hard -mthumb -Wl,--start-group -lc -lm -Wl,--end-group
Finished building target: stm_f303k8_ioc.elf
 
arm-none-eabi-size  stm_f303k8_ioc.elf 
arm-none-eabi-objdump -h -S stm_f303k8_ioc.elf  > "stm_f303k8_ioc.list"
   text	   data	    bss	    dec	    hex	filename
  34852	     12	   5064	  39928	   9bf8	stm_f303k8_ioc.elf
Finished building: default.size.stdout
 
Finished building: stm_f303k8_ioc.list
 
20:08:15 **** Incremental Build of configuration Debug for project stm_f303k8_ioc ****
make -j16 all 
arm-none-eabi-gcc "../Main_app/Src/MY_LIB/MY_driver_fan.c" -mcpu=cortex-m4 -std=gnu11 -g3 -DDEBUG -DUSE_HAL_DRIVER -DSTM32F303x8 -c -I"E:/Pulpit/PCB/Plytki_chlodzenia_SOFTWARE/Cooling_left/stm_f303k8_ioc/Main_app/Inc/EKO_LIB" -I"E:/Pulpit/PCB/Plytki_chlodzenia_SOFTWARE/Cooling_left/stm_f303k8_ioc/Main_app/Inc/MY_LIB" -I"E:/Pulpit/PCB/Plytki_chlodzenia_SOFTWARE/Cooling_left/stm_f303k8_ioc/Main_app/Src/EKO_LIB" -I"E:/Pulpit/PCB/Plytki_chlodzenia_SOFTWARE/Cooling_left/stm_f303k8_ioc/Main_app/Src/MY_LIB" -I../Core/Inc -I../Drivers/STM32F3xx_HAL_Driver/Inc -I../Drivers/STM32F3xx_HAL_Driver/Inc/Legacy -I../Drivers/CMSIS/Device/ST/STM32F3xx/Include -I../Drivers/CMSIS/Include -I"E:/Pulpit/PCB/Plytki_chlodzenia_SOFTWARE/Cooling_left/stm_f303k8_ioc/Main_app/Inc" -I"E:/Pulpit/PCB/Plytki_chlodzenia_SOFTWARE/Cooling_left/stm_f303k8_ioc/Main_app/Src" -O0 -ffunction-sections -fdata-sections -Wall -fstack-usage -fcyclomatic-complexity -MMD -MP -MF"Main_app/Src/MY_LIB/MY_driver_fan.d" -MT"Main_app/Src/MY_LIB/MY_driver_fan.o" --specs=nano.specs -mfpu=fpv4-sp-d16 -mfloat-abi=hard -mthumb -o "Main_app/Src/MY_LIB/MY_driver_fan.o"
arm-none-eabi-gcc "../Main_app/Src/MY_LIB/MY_driver_i2c.c" -mcpu=cortex-m4 -std=gnu11 -g3 -DDEBUG -DUSE_HAL_DRIVER -DSTM32F303x8 -c -I"E:/Pulpit/PCB/Plytki_chlodzenia_SOFTWARE/Cooling_left/stm_f303k8_ioc/Main_app/Inc/EKO_LIB" -I"E:/Pulpit/PCB/Plytki_chlodzenia_SOFTWARE/Cooling_left/stm_f303k8_ioc/Main_app/Inc/MY_LIB" -I"E:/Pulpit/PCB/Plytki_chlodzenia_SOFTWARE/Cooling_left/stm_f303k8_ioc/Main_app/Src/EKO_LIB" -I"E:/Pulpit/PCB/Plytki_chlodzenia_SOFTWARE/Cooling_left/stm_f303k8_ioc/Main_app/Src/MY_LIB" -I../Core/Inc -I../Drivers/STM32F3xx_HAL_Driver/Inc -I../Drivers/STM32F3xx_HAL_Driver/Inc/Legacy -I../Drivers/CMSIS/Device/ST/STM32F3xx/Include -I../Drivers/CMSIS/Include -I"E:/Pulpit/PCB/Plytki_chlodzenia_SOFTWARE/Cooling_left/stm_f303k8_ioc/Main_app/Inc" -I"E:/Pulpit/PCB/Plytki_chlodzenia_SOFTWARE/Cooling_left/stm_f303k8_ioc/Main_app/Src" -O0 -ffunction-sections -fdata-sections -Wall -fstack-usage -fcyclomatic-complexity -MMD -MP -MF"Main_app/Src/MY_LIB/MY_driver_i2c.d" -MT"Main_app/Src/MY_LIB/MY_driver_i2c.o" --specs=nano.specs -mfpu=fpv4-sp-d16 -mfloat-abi=hard -mthumb -o "Main_app/Src/MY_LIB/MY_driver_i2c.o"
arm-none-eabi-gcc "../Main_app/Src/MY_LIB/MY_driver_serwo.c" -mcpu=cortex-m4 -std=gnu11 -g3 -DDEBUG -DUSE_HAL_DRIVER -DSTM32F303x8 -c -I"E:/Pulpit/PCB/Plytki_chlodzenia_SOFTWARE/Cooling_left/stm_f303k8_ioc/Main_app/Inc/EKO_LIB" -I"E:/Pulpit/PCB/Plytki_chlodzenia_SOFTWARE/Cooling_left/stm_f303k8_ioc/Main_app/Inc/MY_LIB" -I"E:/Pulpit/PCB/Plytki_chlodzenia_SOFTWARE/Cooling_left/stm_f303k8_ioc/Main_app/Src/EKO_LIB" -I"E:/Pulpit/PCB/Plytki_chlodzenia_SOFTWARE/Cooling_left/stm_f303k8_ioc/Main_app/Src/MY_LIB" -I../Core/Inc -I../Drivers/STM32F3xx_HAL_Driver/Inc -I../Drivers/STM32F3xx_HAL_Driver/Inc/Legacy -I../Drivers/CMSIS/Device/ST/STM32F3xx/Include -I../Drivers/CMSIS/Include -I"E:/Pulpit/PCB/Plytki_chlodzenia_SOFTWARE/Cooling_left/stm_f303k8_ioc/Main_app/Inc" -I"E:/Pulpit/PCB/Plytki_chlodzenia_SOFTWARE/Cooling_left/stm_f303k8_ioc/Main_app/Src" -O0 -ffunction-sections -fdata-sections -Wall -fstack-usage -fcyclomatic-complexity -MMD -MP -MF"Main_app/Src/MY_LIB/MY_driver_serwo.d" -MT"Main_app/Src/MY_LIB/MY_driver_serwo.o" --specs=nano.specs -mfpu=fpv4-sp-d16 -mfloat-abi=hard -mthumb -o "Main_app/Src/MY_LIB/MY_driver_serwo.o"
arm-none-eabi-gcc "../Main_app/Src/EKO_LIB/can_driver.c" -mcpu=cortex-m4 -std=gnu11 -g3 -DDEBUG -DUSE_HAL_DRIVER -DSTM32F303x8 -c -I"E:/Pulpit/PCB/Plytki_chlodzenia_SOFTWARE/Cooling_left/stm_f303k8_ioc/Main_app/Inc/EKO_LIB" -I"E:/Pulpit/PCB/Plytki_chlodzenia_SOFTWARE/Cooling_left/stm_f303k8_ioc/Main_app/Inc/MY_LIB" -I"E:/Pulpit/PCB/Plytki_chlodzenia_SOFTWARE/Cooling_left/stm_f303k8_ioc/Main_app/Src/EKO_LIB" -I"E:/Pulpit/PCB/Plytki_chlodzenia_SOFTWARE/Cooling_left/stm_f303k8_ioc/Main_app/Src/MY_LIB" -I../Core/Inc -I../Drivers/STM32F3xx_HAL_Driver/Inc -I../Drivers/STM32F3xx_HAL_Driver/Inc/Legacy -I../Drivers/CMSIS/Device/ST/STM32F3xx/Include -I../Drivers/CMSIS/Include -I"E:/Pulpit/PCB/Plytki_chlodzenia_SOFTWARE/Cooling_left/stm_f303k8_ioc/Main_app/Inc" -I"E:/Pulpit/PCB/Plytki_chlodzenia_SOFTWARE/Cooling_left/stm_f303k8_ioc/Main_app/Src" -O0 -ffunction-sections -fdata-sections -Wall -fstack-usage -fcyclomatic-complexity -MMD -MP -MF"Main_app/Src/EKO_LIB/can_driver.d" -MT"Main_app/Src/EKO_LIB/can_driver.o" --specs=nano.specs -mfpu=fpv4-sp-d16 -mfloat-abi=hard -mthumb -o "Main_app/Src/EKO_LIB/can_driver.o"
arm-none-eabi-gcc "../Main_app/Src/cooler_left_app.c" -mcpu=cortex-m4 -std=gnu11 -g3 -DDEBUG -DUSE_HAL_DRIVER -DSTM32F303x8 -c -I"E:/Pulpit/PCB/Plytki_chlodzenia_SOFTWARE/Cooling_left/stm_f303k8_ioc/Main_app/Inc/EKO_LIB" -I"E:/Pulpit/PCB/Plytki_chlodzenia_SOFTWARE/Cooling_left/stm_f303k8_ioc/Main_app/Inc/MY_LIB" -I"E:/Pulpit/PCB/Plytki_chlodzenia_SOFTWARE/Cooling_left/stm_f303k8_ioc/Main_app/Src/EKO_LIB" -I"E:/Pulpit/PCB/Plytki_chlodzenia_SOFTWARE/Cooling_left/stm_f303k8_ioc/Main_app/Src/MY_LIB" -I../Core/Inc -I../Drivers/STM32F3xx_HAL_Driver/Inc -I../Drivers/STM32F3xx_HAL_Driver/Inc/Legacy -I../Drivers/CMSIS/Device/ST/STM32F3xx/Include -I../Drivers/CMSIS/Include -I"E:/Pulpit/PCB/Plytki_chlodzenia_SOFTWARE/Cooling_left/stm_f303k8_ioc/Main_app/Inc" -I"E:/Pulpit/PCB/Plytki_chlodzenia_SOFTWARE/Cooling_left/stm_f303k8_ioc/Main_app/Src" -O0 -ffunction-sections -fdata-sections -Wall -fstack-usage -fcyclomatic-complexity -MMD -MP -MF"Main_app/Src/cooler_left_app.d" -MT"Main_app/Src/cooler_left_app.o" --specs=nano.specs -mfpu=fpv4-sp-d16 -mfloat-abi=hard -mthumb -o "Main_app/Src/cooler_left_app.o"
arm-none-eabi-gcc "../Main_app/Src/cooler_test.c" -mcpu=cortex-m4 -std=gnu11 -g3 -DDEBUG -DUSE_HAL_DRIVER -DSTM32F303x8 -c -I"E:/Pulpit/PCB/Plytki_chlodzenia_SOFTWARE/Cooling_left/stm_f303k8_ioc/Main_app/Inc/EKO_LIB" -I"E:/Pulpit/PCB/Plytki_chlodzenia_SOFTWARE/Cooling_left/stm_f303k8_ioc/Main_app/Inc/MY_LIB" -I"E:/Pulpit/PCB/Plytki_chlodzenia_SOFTWARE/Cooling_left/stm_f303k8_ioc/Main_app/Src/EKO_LIB" -I"E:/Pulpit/PCB/Plytki_chlodzenia_SOFTWARE/Cooling_left/stm_f303k8_ioc/Main_app/Src/MY_LIB" -I../Core/Inc -I../Drivers/STM32F3xx_HAL_Driver/Inc -I../Drivers/STM32F3xx_HAL_Driver/Inc/Legacy -I../Drivers/CMSIS/Device/ST/STM32F3xx/Include -I../Drivers/CMSIS/Include -I"E:/Pulpit/PCB/Plytki_chlodzenia_SOFTWARE/Cooling_left/stm_f303k8_ioc/Main_app/Inc" -I"E:/Pulpit/PCB/Plytki_chlodzenia_SOFTWARE/Cooling_left/stm_f303k8_ioc/Main_app/Src" -O0 -ffunction-sections -fdata-sections -Wall -fstack-usage -fcyclomatic-complexity -MMD -MP -MF"Main_app/Src/cooler_test.d" -MT"Main_app/Src/cooler_test.o" --specs=nano.specs -mfpu=fpv4-sp-d16 -mfloat-abi=hard -mthumb -o "Main_app/Src/cooler_test.o"
arm-none-eabi-gcc "../Core/Src/main.c" -mcpu=cortex-m4 -std=gnu11 -g3 -DDEBUG -DUSE_HAL_DRIVER -DSTM32F303x8 -c -I"E:/Pulpit/PCB/Plytki_chlodzenia_SOFTWARE/Cooling_left/stm_f303k8_ioc/Main_app/Inc/EKO_LIB" -I"E:/Pulpit/PCB/Plytki_chlodzenia_SOFTWARE/Cooling_left/stm_f303k8_ioc/Main_app/Inc" -I"E:/Pulpit/PCB/Plytki_chlodzenia_SOFTWARE/Cooling_left/stm_f303k8_ioc/Main_app/Src" -I"E:/Pulpit/PCB/Plytki_chlodzenia_SOFTWARE/Cooling_left/stm_f303k8_ioc/Main_app/Inc/MY_LIB" -I"E:/Pulpit/PCB/Plytki_chlodzenia_SOFTWARE/Cooling_left/stm_f303k8_ioc/Main_app/Src/EKO_LIB" -I"E:/Pulpit/PCB/Plytki_chlodzenia_SOFTWARE/Cooling_left/stm_f303k8_ioc/Main_app/Src/MY_LIB" -I../Core/Inc -I../Drivers/STM32F3xx_HAL_Driver/Inc -I../Drivers/STM32F3xx_HAL_Driver/Inc/Legacy -I../Drivers/CMSIS/Device/ST/STM32F3xx/Include -I../Drivers/CMSIS/Include -O0 -ffunction-sections -fdata-sections -Wall -fstack-usage -fcyclomatic-complexity -MMD -MP -MF"Core/Src/main.d" -MT"Core/Src/main.o" --specs=nano.specs -mfpu=fpv4-sp-d16 -mfloat-abi=hard -mthumb -o "Core/Src/main.o"
../Main_app/Src/MY_LIB/MY_driver_i2c.c: In function 'AM2320_StateMachine':
../Main_app/Src/MY_LIB/MY_driver_i2c.c:153:5: warning: enumeration value 'AM2320_IDLE' not handled in switch [-Wswitch]
  153 |     switch (am2320State)
      |     ^~~~~~
../Main_app/Src/cooler_left_app.c: In function 'COOLER_app':
../Main_app/Src/cooler_left_app.c:117:27: warning: enumeration value 'CAN_FRAME_BMS_TEMP_1' not handled in switch [-Wswitch]
  117 |                           switch(msg.name)
      |                           ^~~~~~
../Main_app/Src/cooler_left_app.c:117:27: warning: enumeration value 'CAN_FRAME_BMS_TEMP_2' not handled in switch [-Wswitch]
../Main_app/Src/cooler_left_app.c:117:27: warning: enumeration value 'CAN_FRAME_BMS_TEMP_3' not handled in switch [-Wswitch]
../Main_app/Src/cooler_left_app.c:117:27: warning: enumeration value 'CAN_FRAME_BMS_TEMP_4' not handled in switch [-Wswitch]
../Main_app/Src/cooler_left_app.c:117:27: warning: enumeration value 'CAN_FRAME_BMS_TEMP_5' not handled in switch [-Wswitch]
../Main_app/Src/cooler_left_app.c:117:27: warning: enumeration value 'CAN_FRAME_BMS_TEMP_6' not handled in switch [-Wswitch]
../Main_app/Src/cooler_left_app.c:117:27: warning: enumeration value 'CAN_FRAME_BMS_TEMP_7' not handled in switch [-Wswitch]
../Main_app/Src/cooler_left_app.c:117:27: warning: enumeration value 'CAN_FRAME_BMS_TEMP_8' not handled in switch [-Wswitch]
../Main_app/Src/cooler_left_app.c:117:27: warning: enumeration value 'CAN_FRAME_BMS_TEMP_9' not handled in switch [-Wswitch]
../Main_app/Src/cooler_left_app.c:117:27: warning: enumeration value 'CAN_FRAME_SET_SERVOS_ENGINE' not handled in switch [-Wswitch]
../Main_app/Src/cooler_left_app.c:117:27: warning: enumeration value 'CAN_FRAME_SAFE_STATE' not handled in switch [-Wswitch]
../Main_app/Src/cooler_left_app.c:117:27: warning: enumeration value 'CAN_FRAME_BATTERY_SET_FAN' not handled in switch [-Wswitch]
../Main_app/Src/cooler_left_app.c:117:27: warning: enumeration value 'CAN_FRAME_UNKNOWN' not handled in switch [-Wswitch]
arm-none-eabi-gcc -o "stm_f303k8_ioc.elf" @"objects.list"   -mcpu=cortex-m4 -T"E:\Pulpit\PCB\Plytki_chlodzenia_SOFTWARE\Cooling_left\stm_f303k8_ioc\STM32F303K8TX_FLASH.ld" --specs=nosys.specs -Wl,-Map="stm_f303k8_ioc.map" -Wl,--gc-sections -static --specs=nano.specs -mfpu=fpv4-sp-d16 -mfloat-abi=hard -mthumb -Wl,--start-group -lc -lm -Wl,--end-group
Finished building target: stm_f303k8_ioc.elf
 
arm-none-eabi-size  stm_f303k8_ioc.elf 
arm-none-eabi-objdump -h -S stm_f303k8_ioc.elf  > "stm_f303k8_ioc.list"
   text	   data	    bss	    dec	    hex	filename
  34852	     12	   5064	  39928	   9bf8	stm_f303k8_ioc.elf
Finished building: default.size.stdout
 
Finished building: stm_f303k8_ioc.list
 
18:13:14 **** Incremental Build of configuration Debug for project stm_f303k8_ioc ****
make -j16 all 
arm-none-eabi-gcc "../Main_app/Src/MY_LIB/MY_driver_fan.c" -mcpu=cortex-m4 -std=gnu11 -g3 -DDEBUG -DUSE_HAL_DRIVER -DSTM32F303x8 -c -I"E:/Pulpit/PCB/Plytki_chlodzenia_SOFTWARE/Cooling_left/stm_f303k8_ioc/Main_app/Inc/EKO_LIB" -I"E:/Pulpit/PCB/Plytki_chlodzenia_SOFTWARE/Cooling_left/stm_f303k8_ioc/Main_app/Inc/MY_LIB" -I"E:/Pulpit/PCB/Plytki_chlodzenia_SOFTWARE/Cooling_left/stm_f303k8_ioc/Main_app/Src/EKO_LIB" -I"E:/Pulpit/PCB/Plytki_chlodzenia_SOFTWARE/Cooling_left/stm_f303k8_ioc/Main_app/Src/MY_LIB" -I../Core/Inc -I../Drivers/STM32F3xx_HAL_Driver/Inc -I../Drivers/STM32F3xx_HAL_Driver/Inc/Legacy -I../Drivers/CMSIS/Device/ST/STM32F3xx/Include -I../Drivers/CMSIS/Include -I"E:/Pulpit/PCB/Plytki_chlodzenia_SOFTWARE/Cooling_left/stm_f303k8_ioc/Main_app/Inc" -I"E:/Pulpit/PCB/Plytki_chlodzenia_SOFTWARE/Cooling_left/stm_f303k8_ioc/Main_app/Src" -O0 -ffunction-sections -fdata-sections -Wall -fstack-usage -fcyclomatic-complexity -MMD -MP -MF"Main_app/Src/MY_LIB/MY_driver_fan.d" -MT"Main_app/Src/MY_LIB/MY_driver_fan.o" --specs=nano.specs -mfpu=fpv4-sp-d16 -mfloat-abi=hard -mthumb -o "Main_app/Src/MY_LIB/MY_driver_fan.o"
arm-none-eabi-gcc "../Main_app/Src/MY_LIB/MY_driver_i2c.c" -mcpu=cortex-m4 -std=gnu11 -g3 -DDEBUG -DUSE_HAL_DRIVER -DSTM32F303x8 -c -I"E:/Pulpit/PCB/Plytki_chlodzenia_SOFTWARE/Cooling_left/stm_f303k8_ioc/Main_app/Inc/EKO_LIB" -I"E:/Pulpit/PCB/Plytki_chlodzenia_SOFTWARE/Cooling_left/stm_f303k8_ioc/Main_app/Inc/MY_LIB" -I"E:/Pulpit/PCB/Plytki_chlodzenia_SOFTWARE/Cooling_left/stm_f303k8_ioc/Main_app/Src/EKO_LIB" -I"E:/Pulpit/PCB/Plytki_chlodzenia_SOFTWARE/Cooling_left/stm_f303k8_ioc/Main_app/Src/MY_LIB" -I../Core/Inc -I../Drivers/STM32F3xx_HAL_Driver/Inc -I../Drivers/STM32F3xx_HAL_Driver/Inc/Legacy -I../Drivers/CMSIS/Device/ST/STM32F3xx/Include -I../Drivers/CMSIS/Include -I"E:/Pulpit/PCB/Plytki_chlodzenia_SOFTWARE/Cooling_left/stm_f303k8_ioc/Main_app/Inc" -I"E:/Pulpit/PCB/Plytki_chlodzenia_SOFTWARE/Cooling_left/stm_f303k8_ioc/Main_app/Src" -O0 -ffunction-sections -fdata-sections -Wall -fstack-usage -fcyclomatic-complexity -MMD -MP -MF"Main_app/Src/MY_LIB/MY_driver_i2c.d" -MT"Main_app/Src/MY_LIB/MY_driver_i2c.o" --specs=nano.specs -mfpu=fpv4-sp-d16 -mfloat-abi=hard -mthumb -o "Main_app/Src/MY_LIB/MY_driver_i2c.o"
arm-none-eabi-gcc "../Main_app/Src/MY_LIB/MY_driver_serwo.c" -mcpu=cortex-m4 -std=gnu11 -g3 -DDEBUG -DUSE_HAL_DRIVER -DSTM32F303x8 -c -I"E:/Pulpit/PCB/Plytki_chlodzenia_SOFTWARE/Cooling_left/stm_f303k8_ioc/Main_app/Inc/EKO_LIB" -I"E:/Pulpit/PCB/Plytki_chlodzenia_SOFTWARE/Cooling_left/stm_f303k8_ioc/Main_app/Inc/MY_LIB" -I"E:/Pulpit/PCB/Plytki_chlodzenia_SOFTWARE/Cooling_left/stm_f303k8_ioc/Main_app/Src/EKO_LIB" -I"E:/Pulpit/PCB/Plytki_chlodzenia_SOFTWARE/Cooling_left/stm_f303k8_ioc/Main_app/Src/MY_LIB" -I../Core/Inc -I../Drivers/STM32F3xx_HAL_Driver/Inc -I../Drivers/STM32F3xx_HAL_Driver/Inc/Legacy -I../Drivers/CMSIS/Device/ST/STM32F3xx/Include -I../Drivers/CMSIS/Include -I"E:/Pulpit/PCB/Plytki_chlodzenia_SOFTWARE/Cooling_left/stm_f303k8_ioc/Main_app/Inc" -I"E:/Pulpit/PCB/Plytki_chlodzenia_SOFTWARE/Cooling_left/stm_f303k8_ioc/Main_app/Src" -O0 -ffunction-sections -fdata-sections -Wall -fstack-usage -fcyclomatic-complexity -MMD -MP -MF"Main_app/Src/MY_LIB/MY_driver_serwo.d" -MT"Main_app/Src/MY_LIB/MY_driver_serwo.o" --specs=nano.specs -mfpu=fpv4-sp-d16 -mfloat-abi=hard -mthumb -o "Main_app/Src/MY_LIB/MY_driver_serwo.o"
arm-none-eabi-gcc "../Main_app/Src/EKO_LIB/can_driver.c" -mcpu=cortex-m4 -std=gnu11 -g3 -DDEBUG -DUSE_HAL_DRIVER -DSTM32F303x8 -c -I"E:/Pulpit/PCB/Plytki_chlodzenia_SOFTWARE/Cooling_left/stm_f303k8_ioc/Main_app/Inc/EKO_LIB" -I"E:/Pulpit/PCB/Plytki_chlodzenia_SOFTWARE/Cooling_left/stm_f303k8_ioc/Main_app/Inc/MY_LIB" -I"E:/Pulpit/PCB/Plytki_chlodzenia_SOFTWARE/Cooling_left/stm_f303k8_ioc/Main_app/Src/EKO_LIB" -I"E:/Pulpit/PCB/Plytki_chlodzenia_SOFTWARE/Cooling_left/stm_f303k8_ioc/Main_app/Src/MY_LIB" -I../Core/Inc -I../Drivers/STM32F3xx_HAL_Driver/Inc -I../Drivers/STM32F3xx_HAL_Driver/Inc/Legacy -I../Drivers/CMSIS/Device/ST/STM32F3xx/Include -I../Drivers/CMSIS/Include -I"E:/Pulpit/PCB/Plytki_chlodzenia_SOFTWARE/Cooling_left/stm_f303k8_ioc/Main_app/Inc" -I"E:/Pulpit/PCB/Plytki_chlodzenia_SOFTWARE/Cooling_left/stm_f303k8_ioc/Main_app/Src" -O0 -ffunction-sections -fdata-sections -Wall -fstack-usage -fcyclomatic-complexity -MMD -MP -MF"Main_app/Src/EKO_LIB/can_driver.d" -MT"Main_app/Src/EKO_LIB/can_driver.o" --specs=nano.specs -mfpu=fpv4-sp-d16 -mfloat-abi=hard -mthumb -o "Main_app/Src/EKO_LIB/can_driver.o"
arm-none-eabi-gcc "../Main_app/Src/cooler_left_app.c" -mcpu=cortex-m4 -std=gnu11 -g3 -DDEBUG -DUSE_HAL_DRIVER -DSTM32F303x8 -c -I"E:/Pulpit/PCB/Plytki_chlodzenia_SOFTWARE/Cooling_left/stm_f303k8_ioc/Main_app/Inc/EKO_LIB" -I"E:/Pulpit/PCB/Plytki_chlodzenia_SOFTWARE/Cooling_left/stm_f303k8_ioc/Main_app/Inc/MY_LIB" -I"E:/Pulpit/PCB/Plytki_chlodzenia_SOFTWARE/Cooling_left/stm_f303k8_ioc/Main_app/Src/EKO_LIB" -I"E:/Pulpit/PCB/Plytki_chlodzenia_SOFTWARE/Cooling_left/stm_f303k8_ioc/Main_app/Src/MY_LIB" -I../Core/Inc -I../Drivers/STM32F3xx_HAL_Driver/Inc -I../Drivers/STM32F3xx_HAL_Driver/Inc/Legacy -I../Drivers/CMSIS/Device/ST/STM32F3xx/Include -I../Drivers/CMSIS/Include -I"E:/Pulpit/PCB/Plytki_chlodzenia_SOFTWARE/Cooling_left/stm_f303k8_ioc/Main_app/Inc" -I"E:/Pulpit/PCB/Plytki_chlodzenia_SOFTWARE/Cooling_left/stm_f303k8_ioc/Main_app/Src" -O0 -ffunction-sections -fdata-sections -Wall -fstack-usage -fcyclomatic-complexity -MMD -MP -MF"Main_app/Src/cooler_left_app.d" -MT"Main_app/Src/cooler_left_app.o" --specs=nano.specs -mfpu=fpv4-sp-d16 -mfloat-abi=hard -mthumb -o "Main_app/Src/cooler_left_app.o"
arm-none-eabi-gcc "../Main_app/Src/cooler_test.c" -mcpu=cortex-m4 -std=gnu11 -g3 -DDEBUG -DUSE_HAL_DRIVER -DSTM32F303x8 -c -I"E:/Pulpit/PCB/Plytki_chlodzenia_SOFTWARE/Cooling_left/stm_f303k8_ioc/Main_app/Inc/EKO_LIB" -I"E:/Pulpit/PCB/Plytki_chlodzenia_SOFTWARE/Cooling_left/stm_f303k8_ioc/Main_app/Inc/MY_LIB" -I"E:/Pulpit/PCB/Plytki_chlodzenia_SOFTWARE/Cooling_left/stm_f303k8_ioc/Main_app/Src/EKO_LIB" -I"E:/Pulpit/PCB/Plytki_chlodzenia_SOFTWARE/Cooling_left/stm_f303k8_ioc/Main_app/Src/MY_LIB" -I../Core/Inc -I../Drivers/STM32F3xx_HAL_Driver/Inc -I../Drivers/STM32F3xx_HAL_Driver/Inc/Legacy -I../Drivers/CMSIS/Device/ST/STM32F3xx/Include -I../Drivers/CMSIS/Include -I"E:/Pulpit/PCB/Plytki_chlodzenia_SOFTWARE/Cooling_left/stm_f303k8_ioc/Main_app/Inc" -I"E:/Pulpit/PCB/Plytki_chlodzenia_SOFTWARE/Cooling_left/stm_f303k8_ioc/Main_app/Src" -O0 -ffunction-sections -fdata-sections -Wall -fstack-usage -fcyclomatic-complexity -MMD -MP -MF"Main_app/Src/cooler_test.d" -MT"Main_app/Src/cooler_test.o" --specs=nano.specs -mfpu=fpv4-sp-d16 -mfloat-abi=hard -mthumb -o "Main_app/Src/cooler_test.o"
arm-none-eabi-gcc "../Core/Src/main.c" -mcpu=cortex-m4 -std=gnu11 -g3 -DDEBUG -DUSE_HAL_DRIVER -DSTM32F303x8 -c -I"E:/Pulpit/PCB/Plytki_chlodzenia_SOFTWARE/Cooling_left/stm_f303k8_ioc/Main_app/Inc/EKO_LIB" -I"E:/Pulpit/PCB/Plytki_chlodzenia_SOFTWARE/Cooling_left/stm_f303k8_ioc/Main_app/Inc" -I"E:/Pulpit/PCB/Plytki_chlodzenia_SOFTWARE/Cooling_left/stm_f303k8_ioc/Main_app/Src" -I"E:/Pulpit/PCB/Plytki_chlodzenia_SOFTWARE/Cooling_left/stm_f303k8_ioc/Main_app/Inc/MY_LIB" -I"E:/Pulpit/PCB/Plytki_chlodzenia_SOFTWARE/Cooling_left/stm_f303k8_ioc/Main_app/Src/EKO_LIB" -I"E:/Pulpit/PCB/Plytki_chlodzenia_SOFTWARE/Cooling_left/stm_f303k8_ioc/Main_app/Src/MY_LIB" -I../Core/Inc -I../Drivers/STM32F3xx_HAL_Driver/Inc -I../Drivers/STM32F3xx_HAL_Driver/Inc/Legacy -I../Drivers/CMSIS/Device/ST/STM32F3xx/Include -I../Drivers/CMSIS/Include -O0 -ffunction-sections -fdata-sections -Wall -fstack-usage -fcyclomatic-complexity -MMD -MP -MF"Core/Src/main.d" -MT"Core/Src/main.o" --specs=nano.specs -mfpu=fpv4-sp-d16 -mfloat-abi=hard -mthumb -o "Core/Src/main.o"
../Main_app/Src/MY_LIB/MY_driver_i2c.c: In function 'AM2320_StateMachine':
../Main_app/Src/MY_LIB/MY_driver_i2c.c:153:5: warning: enumeration value 'AM2320_IDLE' not handled in switch [-Wswitch]
  153 |     switch (am2320State)
      |     ^~~~~~
../Main_app/Src/cooler_left_app.c: In function 'COOLER_app':
../Main_app/Src/cooler_left_app.c:117:27: warning: enumeration value 'CAN_FRAME_BMS_TEMP_1' not handled in switch [-Wswitch]
  117 |                           switch(msg.name)
      |                           ^~~~~~
../Main_app/Src/cooler_left_app.c:117:27: warning: enumeration value 'CAN_FRAME_BMS_TEMP_2' not handled in switch [-Wswitch]
../Main_app/Src/cooler_left_app.c:117:27: warning: enumeration value 'CAN_FRAME_BMS_TEMP_3' not handled in switch [-Wswitch]
../Main_app/Src/cooler_left_app.c:117:27: warning: enumeration value 'CAN_FRAME_BMS_TEMP_4' not handled in switch [-Wswitch]
../Main_app/Src/cooler_left_app.c:117:27: warning: enumeration value 'CAN_FRAME_BMS_TEMP_5' not handled in switch [-Wswitch]
../Main_app/Src/cooler_left_app.c:117:27: warning: enumeration value 'CAN_FRAME_BMS_TEMP_6' not handled in switch [-Wswitch]
../Main_app/Src/cooler_left_app.c:117:27: warning: enumeration value 'CAN_FRAME_BMS_TEMP_7' not handled in switch [-Wswitch]
../Main_app/Src/cooler_left_app.c:117:27: warning: enumeration value 'CAN_FRAME_BMS_TEMP_8' not handled in switch [-Wswitch]
../Main_app/Src/cooler_left_app.c:117:27: warning: enumeration value 'CAN_FRAME_BMS_TEMP_9' not handled in switch [-Wswitch]
../Main_app/Src/cooler_left_app.c:117:27: warning: enumeration value 'CAN_FRAME_SET_SERVOS_ENGINE' not handled in switch [-Wswitch]
../Main_app/Src/cooler_left_app.c:117:27: warning: enumeration value 'CAN_FRAME_SAFE_STATE' not handled in switch [-Wswitch]
../Main_app/Src/cooler_left_app.c:117:27: warning: enumeration value 'CAN_FRAME_BATTERY_SET_FAN' not handled in switch [-Wswitch]
../Main_app/Src/cooler_left_app.c:117:27: warning: enumeration value 'CAN_FRAME_UNKNOWN' not handled in switch [-Wswitch]
arm-none-eabi-gcc -o "stm_f303k8_ioc.elf" @"objects.list"   -mcpu=cortex-m4 -T"E:\Pulpit\PCB\Plytki_chlodzenia_SOFTWARE\Cooling_left\stm_f303k8_ioc\STM32F303K8TX_FLASH.ld" --specs=nosys.specs -Wl,-Map="stm_f303k8_ioc.map" -Wl,--gc-sections -static --specs=nano.specs -mfpu=fpv4-sp-d16 -mfloat-abi=hard -mthumb -Wl,--start-group -lc -lm -Wl,--end-group
Finished building target: stm_f303k8_ioc.elf
 
arm-none-eabi-size  stm_f303k8_ioc.elf 
arm-none-eabi-objdump -h -S stm_f303k8_ioc.elf  > "stm_f303k8_ioc.list"
   text	   data	    bss	    dec	    hex	filename
  34852	     12	   5064	  39928	   9bf8	stm_f303k8_ioc.elf
Finished building: default.size.stdout
 
Finished building: stm_f303k8_ioc.list
 
18:19:26 **** Incremental Build of configuration Debug for project stm_f303k8_ioc ****
make -j16 all 
arm-none-eabi-gcc "../Main_app/Src/MY_LIB/MY_driver_fan.c" -mcpu=cortex-m4 -std=gnu11 -g3 -DDEBUG -DUSE_HAL_DRIVER -DSTM32F303x8 -c -I"E:/Pulpit/PCB/Plytki_chlodzenia_SOFTWARE/Cooling_left/stm_f303k8_ioc/Main_app/Inc/EKO_LIB" -I"E:/Pulpit/PCB/Plytki_chlodzenia_SOFTWARE/Cooling_left/stm_f303k8_ioc/Main_app/Inc/MY_LIB" -I"E:/Pulpit/PCB/Plytki_chlodzenia_SOFTWARE/Cooling_left/stm_f303k8_ioc/Main_app/Src/EKO_LIB" -I"E:/Pulpit/PCB/Plytki_chlodzenia_SOFTWARE/Cooling_left/stm_f303k8_ioc/Main_app/Src/MY_LIB" -I../Core/Inc -I../Drivers/STM32F3xx_HAL_Driver/Inc -I../Drivers/STM32F3xx_HAL_Driver/Inc/Legacy -I../Drivers/CMSIS/Device/ST/STM32F3xx/Include -I../Drivers/CMSIS/Include -I"E:/Pulpit/PCB/Plytki_chlodzenia_SOFTWARE/Cooling_left/stm_f303k8_ioc/Main_app/Inc" -I"E:/Pulpit/PCB/Plytki_chlodzenia_SOFTWARE/Cooling_left/stm_f303k8_ioc/Main_app/Src" -O0 -ffunction-sections -fdata-sections -Wall -fstack-usage -fcyclomatic-complexity -MMD -MP -MF"Main_app/Src/MY_LIB/MY_driver_fan.d" -MT"Main_app/Src/MY_LIB/MY_driver_fan.o" --specs=nano.specs -mfpu=fpv4-sp-d16 -mfloat-abi=hard -mthumb -o "Main_app/Src/MY_LIB/MY_driver_fan.o"
arm-none-eabi-gcc "../Main_app/Src/MY_LIB/MY_driver_i2c.c" -mcpu=cortex-m4 -std=gnu11 -g3 -DDEBUG -DUSE_HAL_DRIVER -DSTM32F303x8 -c -I"E:/Pulpit/PCB/Plytki_chlodzenia_SOFTWARE/Cooling_left/stm_f303k8_ioc/Main_app/Inc/EKO_LIB" -I"E:/Pulpit/PCB/Plytki_chlodzenia_SOFTWARE/Cooling_left/stm_f303k8_ioc/Main_app/Inc/MY_LIB" -I"E:/Pulpit/PCB/Plytki_chlodzenia_SOFTWARE/Cooling_left/stm_f303k8_ioc/Main_app/Src/EKO_LIB" -I"E:/Pulpit/PCB/Plytki_chlodzenia_SOFTWARE/Cooling_left/stm_f303k8_ioc/Main_app/Src/MY_LIB" -I../Core/Inc -I../Drivers/STM32F3xx_HAL_Driver/Inc -I../Drivers/STM32F3xx_HAL_Driver/Inc/Legacy -I../Drivers/CMSIS/Device/ST/STM32F3xx/Include -I../Drivers/CMSIS/Include -I"E:/Pulpit/PCB/Plytki_chlodzenia_SOFTWARE/Cooling_left/stm_f303k8_ioc/Main_app/Inc" -I"E:/Pulpit/PCB/Plytki_chlodzenia_SOFTWARE/Cooling_left/stm_f303k8_ioc/Main_app/Src" -O0 -ffunction-sections -fdata-sections -Wall -fstack-usage -fcyclomatic-complexity -MMD -MP -MF"Main_app/Src/MY_LIB/MY_driver_i2c.d" -MT"Main_app/Src/MY_LIB/MY_driver_i2c.o" --specs=nano.specs -mfpu=fpv4-sp-d16 -mfloat-abi=hard -mthumb -o "Main_app/Src/MY_LIB/MY_driver_i2c.o"
arm-none-eabi-gcc "../Main_app/Src/MY_LIB/MY_driver_serwo.c" -mcpu=cortex-m4 -std=gnu11 -g3 -DDEBUG -DUSE_HAL_DRIVER -DSTM32F303x8 -c -I"E:/Pulpit/PCB/Plytki_chlodzenia_SOFTWARE/Cooling_left/stm_f303k8_ioc/Main_app/Inc/EKO_LIB" -I"E:/Pulpit/PCB/Plytki_chlodzenia_SOFTWARE/Cooling_left/stm_f303k8_ioc/Main_app/Inc/MY_LIB" -I"E:/Pulpit/PCB/Plytki_chlodzenia_SOFTWARE/Cooling_left/stm_f303k8_ioc/Main_app/Src/EKO_LIB" -I"E:/Pulpit/PCB/Plytki_chlodzenia_SOFTWARE/Cooling_left/stm_f303k8_ioc/Main_app/Src/MY_LIB" -I../Core/Inc -I../Drivers/STM32F3xx_HAL_Driver/Inc -I../Drivers/STM32F3xx_HAL_Driver/Inc/Legacy -I../Drivers/CMSIS/Device/ST/STM32F3xx/Include -I../Drivers/CMSIS/Include -I"E:/Pulpit/PCB/Plytki_chlodzenia_SOFTWARE/Cooling_left/stm_f303k8_ioc/Main_app/Inc" -I"E:/Pulpit/PCB/Plytki_chlodzenia_SOFTWARE/Cooling_left/stm_f303k8_ioc/Main_app/Src" -O0 -ffunction-sections -fdata-sections -Wall -fstack-usage -fcyclomatic-complexity -MMD -MP -MF"Main_app/Src/MY_LIB/MY_driver_serwo.d" -MT"Main_app/Src/MY_LIB/MY_driver_serwo.o" --specs=nano.specs -mfpu=fpv4-sp-d16 -mfloat-abi=hard -mthumb -o "Main_app/Src/MY_LIB/MY_driver_serwo.o"
arm-none-eabi-gcc "../Main_app/Src/EKO_LIB/can_driver.c" -mcpu=cortex-m4 -std=gnu11 -g3 -DDEBUG -DUSE_HAL_DRIVER -DSTM32F303x8 -c -I"E:/Pulpit/PCB/Plytki_chlodzenia_SOFTWARE/Cooling_left/stm_f303k8_ioc/Main_app/Inc/EKO_LIB" -I"E:/Pulpit/PCB/Plytki_chlodzenia_SOFTWARE/Cooling_left/stm_f303k8_ioc/Main_app/Inc/MY_LIB" -I"E:/Pulpit/PCB/Plytki_chlodzenia_SOFTWARE/Cooling_left/stm_f303k8_ioc/Main_app/Src/EKO_LIB" -I"E:/Pulpit/PCB/Plytki_chlodzenia_SOFTWARE/Cooling_left/stm_f303k8_ioc/Main_app/Src/MY_LIB" -I../Core/Inc -I../Drivers/STM32F3xx_HAL_Driver/Inc -I../Drivers/STM32F3xx_HAL_Driver/Inc/Legacy -I../Drivers/CMSIS/Device/ST/STM32F3xx/Include -I../Drivers/CMSIS/Include -I"E:/Pulpit/PCB/Plytki_chlodzenia_SOFTWARE/Cooling_left/stm_f303k8_ioc/Main_app/Inc" -I"E:/Pulpit/PCB/Plytki_chlodzenia_SOFTWARE/Cooling_left/stm_f303k8_ioc/Main_app/Src" -O0 -ffunction-sections -fdata-sections -Wall -fstack-usage -fcyclomatic-complexity -MMD -MP -MF"Main_app/Src/EKO_LIB/can_driver.d" -MT"Main_app/Src/EKO_LIB/can_driver.o" --specs=nano.specs -mfpu=fpv4-sp-d16 -mfloat-abi=hard -mthumb -o "Main_app/Src/EKO_LIB/can_driver.o"
arm-none-eabi-gcc "../Main_app/Src/cooler_left_app.c" -mcpu=cortex-m4 -std=gnu11 -g3 -DDEBUG -DUSE_HAL_DRIVER -DSTM32F303x8 -c -I"E:/Pulpit/PCB/Plytki_chlodzenia_SOFTWARE/Cooling_left/stm_f303k8_ioc/Main_app/Inc/EKO_LIB" -I"E:/Pulpit/PCB/Plytki_chlodzenia_SOFTWARE/Cooling_left/stm_f303k8_ioc/Main_app/Inc/MY_LIB" -I"E:/Pulpit/PCB/Plytki_chlodzenia_SOFTWARE/Cooling_left/stm_f303k8_ioc/Main_app/Src/EKO_LIB" -I"E:/Pulpit/PCB/Plytki_chlodzenia_SOFTWARE/Cooling_left/stm_f303k8_ioc/Main_app/Src/MY_LIB" -I../Core/Inc -I../Drivers/STM32F3xx_HAL_Driver/Inc -I../Drivers/STM32F3xx_HAL_Driver/Inc/Legacy -I../Drivers/CMSIS/Device/ST/STM32F3xx/Include -I../Drivers/CMSIS/Include -I"E:/Pulpit/PCB/Plytki_chlodzenia_SOFTWARE/Cooling_left/stm_f303k8_ioc/Main_app/Inc" -I"E:/Pulpit/PCB/Plytki_chlodzenia_SOFTWARE/Cooling_left/stm_f303k8_ioc/Main_app/Src" -O0 -ffunction-sections -fdata-sections -Wall -fstack-usage -fcyclomatic-complexity -MMD -MP -MF"Main_app/Src/cooler_left_app.d" -MT"Main_app/Src/cooler_left_app.o" --specs=nano.specs -mfpu=fpv4-sp-d16 -mfloat-abi=hard -mthumb -o "Main_app/Src/cooler_left_app.o"
arm-none-eabi-gcc "../Main_app/Src/cooler_test.c" -mcpu=cortex-m4 -std=gnu11 -g3 -DDEBUG -DUSE_HAL_DRIVER -DSTM32F303x8 -c -I"E:/Pulpit/PCB/Plytki_chlodzenia_SOFTWARE/Cooling_left/stm_f303k8_ioc/Main_app/Inc/EKO_LIB" -I"E:/Pulpit/PCB/Plytki_chlodzenia_SOFTWARE/Cooling_left/stm_f303k8_ioc/Main_app/Inc/MY_LIB" -I"E:/Pulpit/PCB/Plytki_chlodzenia_SOFTWARE/Cooling_left/stm_f303k8_ioc/Main_app/Src/EKO_LIB" -I"E:/Pulpit/PCB/Plytki_chlodzenia_SOFTWARE/Cooling_left/stm_f303k8_ioc/Main_app/Src/MY_LIB" -I../Core/Inc -I../Drivers/STM32F3xx_HAL_Driver/Inc -I../Drivers/STM32F3xx_HAL_Driver/Inc/Legacy -I../Drivers/CMSIS/Device/ST/STM32F3xx/Include -I../Drivers/CMSIS/Include -I"E:/Pulpit/PCB/Plytki_chlodzenia_SOFTWARE/Cooling_left/stm_f303k8_ioc/Main_app/Inc" -I"E:/Pulpit/PCB/Plytki_chlodzenia_SOFTWARE/Cooling_left/stm_f303k8_ioc/Main_app/Src" -O0 -ffunction-sections -fdata-sections -Wall -fstack-usage -fcyclomatic-complexity -MMD -MP -MF"Main_app/Src/cooler_test.d" -MT"Main_app/Src/cooler_test.o" --specs=nano.specs -mfpu=fpv4-sp-d16 -mfloat-abi=hard -mthumb -o "Main_app/Src/cooler_test.o"
arm-none-eabi-gcc "../Core/Src/main.c" -mcpu=cortex-m4 -std=gnu11 -g3 -DDEBUG -DUSE_HAL_DRIVER -DSTM32F303x8 -c -I"E:/Pulpit/PCB/Plytki_chlodzenia_SOFTWARE/Cooling_left/stm_f303k8_ioc/Main_app/Inc/EKO_LIB" -I"E:/Pulpit/PCB/Plytki_chlodzenia_SOFTWARE/Cooling_left/stm_f303k8_ioc/Main_app/Inc" -I"E:/Pulpit/PCB/Plytki_chlodzenia_SOFTWARE/Cooling_left/stm_f303k8_ioc/Main_app/Src" -I"E:/Pulpit/PCB/Plytki_chlodzenia_SOFTWARE/Cooling_left/stm_f303k8_ioc/Main_app/Inc/MY_LIB" -I"E:/Pulpit/PCB/Plytki_chlodzenia_SOFTWARE/Cooling_left/stm_f303k8_ioc/Main_app/Src/EKO_LIB" -I"E:/Pulpit/PCB/Plytki_chlodzenia_SOFTWARE/Cooling_left/stm_f303k8_ioc/Main_app/Src/MY_LIB" -I../Core/Inc -I../Drivers/STM32F3xx_HAL_Driver/Inc -I../Drivers/STM32F3xx_HAL_Driver/Inc/Legacy -I../Drivers/CMSIS/Device/ST/STM32F3xx/Include -I../Drivers/CMSIS/Include -O0 -ffunction-sections -fdata-sections -Wall -fstack-usage -fcyclomatic-complexity -MMD -MP -MF"Core/Src/main.d" -MT"Core/Src/main.o" --specs=nano.specs -mfpu=fpv4-sp-d16 -mfloat-abi=hard -mthumb -o "Core/Src/main.o"
../Main_app/Src/MY_LIB/MY_driver_i2c.c: In function 'AM2320_StateMachine':
../Main_app/Src/MY_LIB/MY_driver_i2c.c:153:5: warning: enumeration value 'AM2320_IDLE' not handled in switch [-Wswitch]
  153 |     switch (am2320State)
      |     ^~~~~~
../Main_app/Src/cooler_left_app.c: In function 'COOLER_app':
../Main_app/Src/cooler_left_app.c:117:27: warning: enumeration value 'CAN_FRAME_BMS_TEMP_1' not handled in switch [-Wswitch]
  117 |                           switch(msg.name)
      |                           ^~~~~~
../Main_app/Src/cooler_left_app.c:117:27: warning: enumeration value 'CAN_FRAME_BMS_TEMP_2' not handled in switch [-Wswitch]
../Main_app/Src/cooler_left_app.c:117:27: warning: enumeration value 'CAN_FRAME_BMS_TEMP_3' not handled in switch [-Wswitch]
../Main_app/Src/cooler_left_app.c:117:27: warning: enumeration value 'CAN_FRAME_BMS_TEMP_4' not handled in switch [-Wswitch]
../Main_app/Src/cooler_left_app.c:117:27: warning: enumeration value 'CAN_FRAME_BMS_TEMP_5' not handled in switch [-Wswitch]
../Main_app/Src/cooler_left_app.c:117:27: warning: enumeration value 'CAN_FRAME_BMS_TEMP_6' not handled in switch [-Wswitch]
../Main_app/Src/cooler_left_app.c:117:27: warning: enumeration value 'CAN_FRAME_BMS_TEMP_7' not handled in switch [-Wswitch]
../Main_app/Src/cooler_left_app.c:117:27: warning: enumeration value 'CAN_FRAME_BMS_TEMP_8' not handled in switch [-Wswitch]
../Main_app/Src/cooler_left_app.c:117:27: warning: enumeration value 'CAN_FRAME_BMS_TEMP_9' not handled in switch [-Wswitch]
../Main_app/Src/cooler_left_app.c:117:27: warning: enumeration value 'CAN_FRAME_SET_SERVOS_ENGINE' not handled in switch [-Wswitch]
../Main_app/Src/cooler_left_app.c:117:27: warning: enumeration value 'CAN_FRAME_SAFE_STATE' not handled in switch [-Wswitch]
../Main_app/Src/cooler_left_app.c:117:27: warning: enumeration value 'CAN_FRAME_BATTERY_SET_FAN' not handled in switch [-Wswitch]
../Main_app/Src/cooler_left_app.c:117:27: warning: enumeration value 'CAN_FRAME_UNKNOWN' not handled in switch [-Wswitch]
arm-none-eabi-gcc -o "stm_f303k8_ioc.elf" @"objects.list"   -mcpu=cortex-m4 -T"E:\Pulpit\PCB\Plytki_chlodzenia_SOFTWARE\Cooling_left\stm_f303k8_ioc\STM32F303K8TX_FLASH.ld" --specs=nosys.specs -Wl,-Map="stm_f303k8_ioc.map" -Wl,--gc-sections -static --specs=nano.specs -mfpu=fpv4-sp-d16 -mfloat-abi=hard -mthumb -Wl,--start-group -lc -lm -Wl,--end-group
Finished building target: stm_f303k8_ioc.elf
 
arm-none-eabi-size  stm_f303k8_ioc.elf 
arm-none-eabi-objdump -h -S stm_f303k8_ioc.elf  > "stm_f303k8_ioc.list"
   text	   data	    bss	    dec	    hex	filename
  34852	     12	   5064	  39928	   9bf8	stm_f303k8_ioc.elf
Finished building: default.size.stdout
 
Finished building: stm_f303k8_ioc.list
 
18:21:39 **** Incremental Build of configuration Debug for project stm_f303k8_ioc ****
make -j16 all 
arm-none-eabi-gcc "../Main_app/Src/MY_LIB/MY_driver_fan.c" -mcpu=cortex-m4 -std=gnu11 -g3 -DDEBUG -DUSE_HAL_DRIVER -DSTM32F303x8 -c -I"E:/Pulpit/PCB/Plytki_chlodzenia_SOFTWARE/Cooling_left/stm_f303k8_ioc/Main_app/Inc/EKO_LIB" -I"E:/Pulpit/PCB/Plytki_chlodzenia_SOFTWARE/Cooling_left/stm_f303k8_ioc/Main_app/Inc/MY_LIB" -I"E:/Pulpit/PCB/Plytki_chlodzenia_SOFTWARE/Cooling_left/stm_f303k8_ioc/Main_app/Src/EKO_LIB" -I"E:/Pulpit/PCB/Plytki_chlodzenia_SOFTWARE/Cooling_left/stm_f303k8_ioc/Main_app/Src/MY_LIB" -I../Core/Inc -I../Drivers/STM32F3xx_HAL_Driver/Inc -I../Drivers/STM32F3xx_HAL_Driver/Inc/Legacy -I../Drivers/CMSIS/Device/ST/STM32F3xx/Include -I../Drivers/CMSIS/Include -I"E:/Pulpit/PCB/Plytki_chlodzenia_SOFTWARE/Cooling_left/stm_f303k8_ioc/Main_app/Inc" -I"E:/Pulpit/PCB/Plytki_chlodzenia_SOFTWARE/Cooling_left/stm_f303k8_ioc/Main_app/Src" -O0 -ffunction-sections -fdata-sections -Wall -fstack-usage -fcyclomatic-complexity -MMD -MP -MF"Main_app/Src/MY_LIB/MY_driver_fan.d" -MT"Main_app/Src/MY_LIB/MY_driver_fan.o" --specs=nano.specs -mfpu=fpv4-sp-d16 -mfloat-abi=hard -mthumb -o "Main_app/Src/MY_LIB/MY_driver_fan.o"
arm-none-eabi-gcc "../Main_app/Src/MY_LIB/MY_driver_i2c.c" -mcpu=cortex-m4 -std=gnu11 -g3 -DDEBUG -DUSE_HAL_DRIVER -DSTM32F303x8 -c -I"E:/Pulpit/PCB/Plytki_chlodzenia_SOFTWARE/Cooling_left/stm_f303k8_ioc/Main_app/Inc/EKO_LIB" -I"E:/Pulpit/PCB/Plytki_chlodzenia_SOFTWARE/Cooling_left/stm_f303k8_ioc/Main_app/Inc/MY_LIB" -I"E:/Pulpit/PCB/Plytki_chlodzenia_SOFTWARE/Cooling_left/stm_f303k8_ioc/Main_app/Src/EKO_LIB" -I"E:/Pulpit/PCB/Plytki_chlodzenia_SOFTWARE/Cooling_left/stm_f303k8_ioc/Main_app/Src/MY_LIB" -I../Core/Inc -I../Drivers/STM32F3xx_HAL_Driver/Inc -I../Drivers/STM32F3xx_HAL_Driver/Inc/Legacy -I../Drivers/CMSIS/Device/ST/STM32F3xx/Include -I../Drivers/CMSIS/Include -I"E:/Pulpit/PCB/Plytki_chlodzenia_SOFTWARE/Cooling_left/stm_f303k8_ioc/Main_app/Inc" -I"E:/Pulpit/PCB/Plytki_chlodzenia_SOFTWARE/Cooling_left/stm_f303k8_ioc/Main_app/Src" -O0 -ffunction-sections -fdata-sections -Wall -fstack-usage -fcyclomatic-complexity -MMD -MP -MF"Main_app/Src/MY_LIB/MY_driver_i2c.d" -MT"Main_app/Src/MY_LIB/MY_driver_i2c.o" --specs=nano.specs -mfpu=fpv4-sp-d16 -mfloat-abi=hard -mthumb -o "Main_app/Src/MY_LIB/MY_driver_i2c.o"
arm-none-eabi-gcc "../Main_app/Src/MY_LIB/MY_driver_serwo.c" -mcpu=cortex-m4 -std=gnu11 -g3 -DDEBUG -DUSE_HAL_DRIVER -DSTM32F303x8 -c -I"E:/Pulpit/PCB/Plytki_chlodzenia_SOFTWARE/Cooling_left/stm_f303k8_ioc/Main_app/Inc/EKO_LIB" -I"E:/Pulpit/PCB/Plytki_chlodzenia_SOFTWARE/Cooling_left/stm_f303k8_ioc/Main_app/Inc/MY_LIB" -I"E:/Pulpit/PCB/Plytki_chlodzenia_SOFTWARE/Cooling_left/stm_f303k8_ioc/Main_app/Src/EKO_LIB" -I"E:/Pulpit/PCB/Plytki_chlodzenia_SOFTWARE/Cooling_left/stm_f303k8_ioc/Main_app/Src/MY_LIB" -I../Core/Inc -I../Drivers/STM32F3xx_HAL_Driver/Inc -I../Drivers/STM32F3xx_HAL_Driver/Inc/Legacy -I../Drivers/CMSIS/Device/ST/STM32F3xx/Include -I../Drivers/CMSIS/Include -I"E:/Pulpit/PCB/Plytki_chlodzenia_SOFTWARE/Cooling_left/stm_f303k8_ioc/Main_app/Inc" -I"E:/Pulpit/PCB/Plytki_chlodzenia_SOFTWARE/Cooling_left/stm_f303k8_ioc/Main_app/Src" -O0 -ffunction-sections -fdata-sections -Wall -fstack-usage -fcyclomatic-complexity -MMD -MP -MF"Main_app/Src/MY_LIB/MY_driver_serwo.d" -MT"Main_app/Src/MY_LIB/MY_driver_serwo.o" --specs=nano.specs -mfpu=fpv4-sp-d16 -mfloat-abi=hard -mthumb -o "Main_app/Src/MY_LIB/MY_driver_serwo.o"
arm-none-eabi-gcc "../Main_app/Src/EKO_LIB/can_driver.c" -mcpu=cortex-m4 -std=gnu11 -g3 -DDEBUG -DUSE_HAL_DRIVER -DSTM32F303x8 -c -I"E:/Pulpit/PCB/Plytki_chlodzenia_SOFTWARE/Cooling_left/stm_f303k8_ioc/Main_app/Inc/EKO_LIB" -I"E:/Pulpit/PCB/Plytki_chlodzenia_SOFTWARE/Cooling_left/stm_f303k8_ioc/Main_app/Inc/MY_LIB" -I"E:/Pulpit/PCB/Plytki_chlodzenia_SOFTWARE/Cooling_left/stm_f303k8_ioc/Main_app/Src/EKO_LIB" -I"E:/Pulpit/PCB/Plytki_chlodzenia_SOFTWARE/Cooling_left/stm_f303k8_ioc/Main_app/Src/MY_LIB" -I../Core/Inc -I../Drivers/STM32F3xx_HAL_Driver/Inc -I../Drivers/STM32F3xx_HAL_Driver/Inc/Legacy -I../Drivers/CMSIS/Device/ST/STM32F3xx/Include -I../Drivers/CMSIS/Include -I"E:/Pulpit/PCB/Plytki_chlodzenia_SOFTWARE/Cooling_left/stm_f303k8_ioc/Main_app/Inc" -I"E:/Pulpit/PCB/Plytki_chlodzenia_SOFTWARE/Cooling_left/stm_f303k8_ioc/Main_app/Src" -O0 -ffunction-sections -fdata-sections -Wall -fstack-usage -fcyclomatic-complexity -MMD -MP -MF"Main_app/Src/EKO_LIB/can_driver.d" -MT"Main_app/Src/EKO_LIB/can_driver.o" --specs=nano.specs -mfpu=fpv4-sp-d16 -mfloat-abi=hard -mthumb -o "Main_app/Src/EKO_LIB/can_driver.o"
arm-none-eabi-gcc "../Main_app/Src/cooler_left_app.c" -mcpu=cortex-m4 -std=gnu11 -g3 -DDEBUG -DUSE_HAL_DRIVER -DSTM32F303x8 -c -I"E:/Pulpit/PCB/Plytki_chlodzenia_SOFTWARE/Cooling_left/stm_f303k8_ioc/Main_app/Inc/EKO_LIB" -I"E:/Pulpit/PCB/Plytki_chlodzenia_SOFTWARE/Cooling_left/stm_f303k8_ioc/Main_app/Inc/MY_LIB" -I"E:/Pulpit/PCB/Plytki_chlodzenia_SOFTWARE/Cooling_left/stm_f303k8_ioc/Main_app/Src/EKO_LIB" -I"E:/Pulpit/PCB/Plytki_chlodzenia_SOFTWARE/Cooling_left/stm_f303k8_ioc/Main_app/Src/MY_LIB" -I../Core/Inc -I../Drivers/STM32F3xx_HAL_Driver/Inc -I../Drivers/STM32F3xx_HAL_Driver/Inc/Legacy -I../Drivers/CMSIS/Device/ST/STM32F3xx/Include -I../Drivers/CMSIS/Include -I"E:/Pulpit/PCB/Plytki_chlodzenia_SOFTWARE/Cooling_left/stm_f303k8_ioc/Main_app/Inc" -I"E:/Pulpit/PCB/Plytki_chlodzenia_SOFTWARE/Cooling_left/stm_f303k8_ioc/Main_app/Src" -O0 -ffunction-sections -fdata-sections -Wall -fstack-usage -fcyclomatic-complexity -MMD -MP -MF"Main_app/Src/cooler_left_app.d" -MT"Main_app/Src/cooler_left_app.o" --specs=nano.specs -mfpu=fpv4-sp-d16 -mfloat-abi=hard -mthumb -o "Main_app/Src/cooler_left_app.o"
arm-none-eabi-gcc "../Main_app/Src/cooler_test.c" -mcpu=cortex-m4 -std=gnu11 -g3 -DDEBUG -DUSE_HAL_DRIVER -DSTM32F303x8 -c -I"E:/Pulpit/PCB/Plytki_chlodzenia_SOFTWARE/Cooling_left/stm_f303k8_ioc/Main_app/Inc/EKO_LIB" -I"E:/Pulpit/PCB/Plytki_chlodzenia_SOFTWARE/Cooling_left/stm_f303k8_ioc/Main_app/Inc/MY_LIB" -I"E:/Pulpit/PCB/Plytki_chlodzenia_SOFTWARE/Cooling_left/stm_f303k8_ioc/Main_app/Src/EKO_LIB" -I"E:/Pulpit/PCB/Plytki_chlodzenia_SOFTWARE/Cooling_left/stm_f303k8_ioc/Main_app/Src/MY_LIB" -I../Core/Inc -I../Drivers/STM32F3xx_HAL_Driver/Inc -I../Drivers/STM32F3xx_HAL_Driver/Inc/Legacy -I../Drivers/CMSIS/Device/ST/STM32F3xx/Include -I../Drivers/CMSIS/Include -I"E:/Pulpit/PCB/Plytki_chlodzenia_SOFTWARE/Cooling_left/stm_f303k8_ioc/Main_app/Inc" -I"E:/Pulpit/PCB/Plytki_chlodzenia_SOFTWARE/Cooling_left/stm_f303k8_ioc/Main_app/Src" -O0 -ffunction-sections -fdata-sections -Wall -fstack-usage -fcyclomatic-complexity -MMD -MP -MF"Main_app/Src/cooler_test.d" -MT"Main_app/Src/cooler_test.o" --specs=nano.specs -mfpu=fpv4-sp-d16 -mfloat-abi=hard -mthumb -o "Main_app/Src/cooler_test.o"
arm-none-eabi-gcc "../Core/Src/main.c" -mcpu=cortex-m4 -std=gnu11 -g3 -DDEBUG -DUSE_HAL_DRIVER -DSTM32F303x8 -c -I"E:/Pulpit/PCB/Plytki_chlodzenia_SOFTWARE/Cooling_left/stm_f303k8_ioc/Main_app/Inc/EKO_LIB" -I"E:/Pulpit/PCB/Plytki_chlodzenia_SOFTWARE/Cooling_left/stm_f303k8_ioc/Main_app/Inc" -I"E:/Pulpit/PCB/Plytki_chlodzenia_SOFTWARE/Cooling_left/stm_f303k8_ioc/Main_app/Src" -I"E:/Pulpit/PCB/Plytki_chlodzenia_SOFTWARE/Cooling_left/stm_f303k8_ioc/Main_app/Inc/MY_LIB" -I"E:/Pulpit/PCB/Plytki_chlodzenia_SOFTWARE/Cooling_left/stm_f303k8_ioc/Main_app/Src/EKO_LIB" -I"E:/Pulpit/PCB/Plytki_chlodzenia_SOFTWARE/Cooling_left/stm_f303k8_ioc/Main_app/Src/MY_LIB" -I../Core/Inc -I../Drivers/STM32F3xx_HAL_Driver/Inc -I../Drivers/STM32F3xx_HAL_Driver/Inc/Legacy -I../Drivers/CMSIS/Device/ST/STM32F3xx/Include -I../Drivers/CMSIS/Include -O0 -ffunction-sections -fdata-sections -Wall -fstack-usage -fcyclomatic-complexity -MMD -MP -MF"Core/Src/main.d" -MT"Core/Src/main.o" --specs=nano.specs -mfpu=fpv4-sp-d16 -mfloat-abi=hard -mthumb -o "Core/Src/main.o"
../Main_app/Src/MY_LIB/MY_driver_i2c.c: In function 'AM2320_StateMachine':
../Main_app/Src/MY_LIB/MY_driver_i2c.c:153:5: warning: enumeration value 'AM2320_IDLE' not handled in switch [-Wswitch]
  153 |     switch (am2320State)
      |     ^~~~~~
../Main_app/Src/cooler_left_app.c: In function 'COOLER_app':
../Main_app/Src/cooler_left_app.c:117:27: warning: enumeration value 'CAN_FRAME_BMS_TEMP_1' not handled in switch [-Wswitch]
  117 |                           switch(msg.name)
      |                           ^~~~~~
../Main_app/Src/cooler_left_app.c:117:27: warning: enumeration value 'CAN_FRAME_BMS_TEMP_2' not handled in switch [-Wswitch]
../Main_app/Src/cooler_left_app.c:117:27: warning: enumeration value 'CAN_FRAME_BMS_TEMP_3' not handled in switch [-Wswitch]
../Main_app/Src/cooler_left_app.c:117:27: warning: enumeration value 'CAN_FRAME_BMS_TEMP_4' not handled in switch [-Wswitch]
../Main_app/Src/cooler_left_app.c:117:27: warning: enumeration value 'CAN_FRAME_BMS_TEMP_5' not handled in switch [-Wswitch]
../Main_app/Src/cooler_left_app.c:117:27: warning: enumeration value 'CAN_FRAME_BMS_TEMP_6' not handled in switch [-Wswitch]
../Main_app/Src/cooler_left_app.c:117:27: warning: enumeration value 'CAN_FRAME_BMS_TEMP_7' not handled in switch [-Wswitch]
../Main_app/Src/cooler_left_app.c:117:27: warning: enumeration value 'CAN_FRAME_BMS_TEMP_8' not handled in switch [-Wswitch]
../Main_app/Src/cooler_left_app.c:117:27: warning: enumeration value 'CAN_FRAME_BMS_TEMP_9' not handled in switch [-Wswitch]
../Main_app/Src/cooler_left_app.c:117:27: warning: enumeration value 'CAN_FRAME_SET_SERVOS_ENGINE' not handled in switch [-Wswitch]
../Main_app/Src/cooler_left_app.c:117:27: warning: enumeration value 'CAN_FRAME_SAFE_STATE' not handled in switch [-Wswitch]
../Main_app/Src/cooler_left_app.c:117:27: warning: enumeration value 'CAN_FRAME_BATTERY_SET_FAN' not handled in switch [-Wswitch]
../Main_app/Src/cooler_left_app.c:117:27: warning: enumeration value 'CAN_FRAME_UNKNOWN' not handled in switch [-Wswitch]
arm-none-eabi-gcc -o "stm_f303k8_ioc.elf" @"objects.list"   -mcpu=cortex-m4 -T"E:\Pulpit\PCB\Plytki_chlodzenia_SOFTWARE\Cooling_left\stm_f303k8_ioc\STM32F303K8TX_FLASH.ld" --specs=nosys.specs -Wl,-Map="stm_f303k8_ioc.map" -Wl,--gc-sections -static --specs=nano.specs -mfpu=fpv4-sp-d16 -mfloat-abi=hard -mthumb -Wl,--start-group -lc -lm -Wl,--end-group
Finished building target: stm_f303k8_ioc.elf
 
arm-none-eabi-size  stm_f303k8_ioc.elf 
arm-none-eabi-objdump -h -S stm_f303k8_ioc.elf  > "stm_f303k8_ioc.list"
   text	   data	    bss	    dec	    hex	filename
  34852	     12	   5064	  39928	   9bf8	stm_f303k8_ioc.elf
Finished building: default.size.stdout
 
Finished building: stm_f303k8_ioc.list
 
18:23:01 **** Incremental Build of configuration Debug for project stm_f303k8_ioc ****
make -j16 all 
arm-none-eabi-gcc "../Main_app/Src/MY_LIB/MY_driver_fan.c" -mcpu=cortex-m4 -std=gnu11 -g3 -DDEBUG -DUSE_HAL_DRIVER -DSTM32F303x8 -c -I"E:/Pulpit/PCB/Plytki_chlodzenia_SOFTWARE/Cooling_left/stm_f303k8_ioc/Main_app/Inc/EKO_LIB" -I"E:/Pulpit/PCB/Plytki_chlodzenia_SOFTWARE/Cooling_left/stm_f303k8_ioc/Main_app/Inc/MY_LIB" -I"E:/Pulpit/PCB/Plytki_chlodzenia_SOFTWARE/Cooling_left/stm_f303k8_ioc/Main_app/Src/EKO_LIB" -I"E:/Pulpit/PCB/Plytki_chlodzenia_SOFTWARE/Cooling_left/stm_f303k8_ioc/Main_app/Src/MY_LIB" -I../Core/Inc -I../Drivers/STM32F3xx_HAL_Driver/Inc -I../Drivers/STM32F3xx_HAL_Driver/Inc/Legacy -I../Drivers/CMSIS/Device/ST/STM32F3xx/Include -I../Drivers/CMSIS/Include -I"E:/Pulpit/PCB/Plytki_chlodzenia_SOFTWARE/Cooling_left/stm_f303k8_ioc/Main_app/Inc" -I"E:/Pulpit/PCB/Plytki_chlodzenia_SOFTWARE/Cooling_left/stm_f303k8_ioc/Main_app/Src" -O0 -ffunction-sections -fdata-sections -Wall -fstack-usage -fcyclomatic-complexity -MMD -MP -MF"Main_app/Src/MY_LIB/MY_driver_fan.d" -MT"Main_app/Src/MY_LIB/MY_driver_fan.o" --specs=nano.specs -mfpu=fpv4-sp-d16 -mfloat-abi=hard -mthumb -o "Main_app/Src/MY_LIB/MY_driver_fan.o"
arm-none-eabi-gcc "../Main_app/Src/MY_LIB/MY_driver_i2c.c" -mcpu=cortex-m4 -std=gnu11 -g3 -DDEBUG -DUSE_HAL_DRIVER -DSTM32F303x8 -c -I"E:/Pulpit/PCB/Plytki_chlodzenia_SOFTWARE/Cooling_left/stm_f303k8_ioc/Main_app/Inc/EKO_LIB" -I"E:/Pulpit/PCB/Plytki_chlodzenia_SOFTWARE/Cooling_left/stm_f303k8_ioc/Main_app/Inc/MY_LIB" -I"E:/Pulpit/PCB/Plytki_chlodzenia_SOFTWARE/Cooling_left/stm_f303k8_ioc/Main_app/Src/EKO_LIB" -I"E:/Pulpit/PCB/Plytki_chlodzenia_SOFTWARE/Cooling_left/stm_f303k8_ioc/Main_app/Src/MY_LIB" -I../Core/Inc -I../Drivers/STM32F3xx_HAL_Driver/Inc -I../Drivers/STM32F3xx_HAL_Driver/Inc/Legacy -I../Drivers/CMSIS/Device/ST/STM32F3xx/Include -I../Drivers/CMSIS/Include -I"E:/Pulpit/PCB/Plytki_chlodzenia_SOFTWARE/Cooling_left/stm_f303k8_ioc/Main_app/Inc" -I"E:/Pulpit/PCB/Plytki_chlodzenia_SOFTWARE/Cooling_left/stm_f303k8_ioc/Main_app/Src" -O0 -ffunction-sections -fdata-sections -Wall -fstack-usage -fcyclomatic-complexity -MMD -MP -MF"Main_app/Src/MY_LIB/MY_driver_i2c.d" -MT"Main_app/Src/MY_LIB/MY_driver_i2c.o" --specs=nano.specs -mfpu=fpv4-sp-d16 -mfloat-abi=hard -mthumb -o "Main_app/Src/MY_LIB/MY_driver_i2c.o"
arm-none-eabi-gcc "../Main_app/Src/MY_LIB/MY_driver_serwo.c" -mcpu=cortex-m4 -std=gnu11 -g3 -DDEBUG -DUSE_HAL_DRIVER -DSTM32F303x8 -c -I"E:/Pulpit/PCB/Plytki_chlodzenia_SOFTWARE/Cooling_left/stm_f303k8_ioc/Main_app/Inc/EKO_LIB" -I"E:/Pulpit/PCB/Plytki_chlodzenia_SOFTWARE/Cooling_left/stm_f303k8_ioc/Main_app/Inc/MY_LIB" -I"E:/Pulpit/PCB/Plytki_chlodzenia_SOFTWARE/Cooling_left/stm_f303k8_ioc/Main_app/Src/EKO_LIB" -I"E:/Pulpit/PCB/Plytki_chlodzenia_SOFTWARE/Cooling_left/stm_f303k8_ioc/Main_app/Src/MY_LIB" -I../Core/Inc -I../Drivers/STM32F3xx_HAL_Driver/Inc -I../Drivers/STM32F3xx_HAL_Driver/Inc/Legacy -I../Drivers/CMSIS/Device/ST/STM32F3xx/Include -I../Drivers/CMSIS/Include -I"E:/Pulpit/PCB/Plytki_chlodzenia_SOFTWARE/Cooling_left/stm_f303k8_ioc/Main_app/Inc" -I"E:/Pulpit/PCB/Plytki_chlodzenia_SOFTWARE/Cooling_left/stm_f303k8_ioc/Main_app/Src" -O0 -ffunction-sections -fdata-sections -Wall -fstack-usage -fcyclomatic-complexity -MMD -MP -MF"Main_app/Src/MY_LIB/MY_driver_serwo.d" -MT"Main_app/Src/MY_LIB/MY_driver_serwo.o" --specs=nano.specs -mfpu=fpv4-sp-d16 -mfloat-abi=hard -mthumb -o "Main_app/Src/MY_LIB/MY_driver_serwo.o"
arm-none-eabi-gcc "../Main_app/Src/EKO_LIB/can_driver.c" -mcpu=cortex-m4 -std=gnu11 -g3 -DDEBUG -DUSE_HAL_DRIVER -DSTM32F303x8 -c -I"E:/Pulpit/PCB/Plytki_chlodzenia_SOFTWARE/Cooling_left/stm_f303k8_ioc/Main_app/Inc/EKO_LIB" -I"E:/Pulpit/PCB/Plytki_chlodzenia_SOFTWARE/Cooling_left/stm_f303k8_ioc/Main_app/Inc/MY_LIB" -I"E:/Pulpit/PCB/Plytki_chlodzenia_SOFTWARE/Cooling_left/stm_f303k8_ioc/Main_app/Src/EKO_LIB" -I"E:/Pulpit/PCB/Plytki_chlodzenia_SOFTWARE/Cooling_left/stm_f303k8_ioc/Main_app/Src/MY_LIB" -I../Core/Inc -I../Drivers/STM32F3xx_HAL_Driver/Inc -I../Drivers/STM32F3xx_HAL_Driver/Inc/Legacy -I../Drivers/CMSIS/Device/ST/STM32F3xx/Include -I../Drivers/CMSIS/Include -I"E:/Pulpit/PCB/Plytki_chlodzenia_SOFTWARE/Cooling_left/stm_f303k8_ioc/Main_app/Inc" -I"E:/Pulpit/PCB/Plytki_chlodzenia_SOFTWARE/Cooling_left/stm_f303k8_ioc/Main_app/Src" -O0 -ffunction-sections -fdata-sections -Wall -fstack-usage -fcyclomatic-complexity -MMD -MP -MF"Main_app/Src/EKO_LIB/can_driver.d" -MT"Main_app/Src/EKO_LIB/can_driver.o" --specs=nano.specs -mfpu=fpv4-sp-d16 -mfloat-abi=hard -mthumb -o "Main_app/Src/EKO_LIB/can_driver.o"
arm-none-eabi-gcc "../Main_app/Src/cooler_left_app.c" -mcpu=cortex-m4 -std=gnu11 -g3 -DDEBUG -DUSE_HAL_DRIVER -DSTM32F303x8 -c -I"E:/Pulpit/PCB/Plytki_chlodzenia_SOFTWARE/Cooling_left/stm_f303k8_ioc/Main_app/Inc/EKO_LIB" -I"E:/Pulpit/PCB/Plytki_chlodzenia_SOFTWARE/Cooling_left/stm_f303k8_ioc/Main_app/Inc/MY_LIB" -I"E:/Pulpit/PCB/Plytki_chlodzenia_SOFTWARE/Cooling_left/stm_f303k8_ioc/Main_app/Src/EKO_LIB" -I"E:/Pulpit/PCB/Plytki_chlodzenia_SOFTWARE/Cooling_left/stm_f303k8_ioc/Main_app/Src/MY_LIB" -I../Core/Inc -I../Drivers/STM32F3xx_HAL_Driver/Inc -I../Drivers/STM32F3xx_HAL_Driver/Inc/Legacy -I../Drivers/CMSIS/Device/ST/STM32F3xx/Include -I../Drivers/CMSIS/Include -I"E:/Pulpit/PCB/Plytki_chlodzenia_SOFTWARE/Cooling_left/stm_f303k8_ioc/Main_app/Inc" -I"E:/Pulpit/PCB/Plytki_chlodzenia_SOFTWARE/Cooling_left/stm_f303k8_ioc/Main_app/Src" -O0 -ffunction-sections -fdata-sections -Wall -fstack-usage -fcyclomatic-complexity -MMD -MP -MF"Main_app/Src/cooler_left_app.d" -MT"Main_app/Src/cooler_left_app.o" --specs=nano.specs -mfpu=fpv4-sp-d16 -mfloat-abi=hard -mthumb -o "Main_app/Src/cooler_left_app.o"
arm-none-eabi-gcc "../Main_app/Src/cooler_test.c" -mcpu=cortex-m4 -std=gnu11 -g3 -DDEBUG -DUSE_HAL_DRIVER -DSTM32F303x8 -c -I"E:/Pulpit/PCB/Plytki_chlodzenia_SOFTWARE/Cooling_left/stm_f303k8_ioc/Main_app/Inc/EKO_LIB" -I"E:/Pulpit/PCB/Plytki_chlodzenia_SOFTWARE/Cooling_left/stm_f303k8_ioc/Main_app/Inc/MY_LIB" -I"E:/Pulpit/PCB/Plytki_chlodzenia_SOFTWARE/Cooling_left/stm_f303k8_ioc/Main_app/Src/EKO_LIB" -I"E:/Pulpit/PCB/Plytki_chlodzenia_SOFTWARE/Cooling_left/stm_f303k8_ioc/Main_app/Src/MY_LIB" -I../Core/Inc -I../Drivers/STM32F3xx_HAL_Driver/Inc -I../Drivers/STM32F3xx_HAL_Driver/Inc/Legacy -I../Drivers/CMSIS/Device/ST/STM32F3xx/Include -I../Drivers/CMSIS/Include -I"E:/Pulpit/PCB/Plytki_chlodzenia_SOFTWARE/Cooling_left/stm_f303k8_ioc/Main_app/Inc" -I"E:/Pulpit/PCB/Plytki_chlodzenia_SOFTWARE/Cooling_left/stm_f303k8_ioc/Main_app/Src" -O0 -ffunction-sections -fdata-sections -Wall -fstack-usage -fcyclomatic-complexity -MMD -MP -MF"Main_app/Src/cooler_test.d" -MT"Main_app/Src/cooler_test.o" --specs=nano.specs -mfpu=fpv4-sp-d16 -mfloat-abi=hard -mthumb -o "Main_app/Src/cooler_test.o"
arm-none-eabi-gcc "../Core/Src/main.c" -mcpu=cortex-m4 -std=gnu11 -g3 -DDEBUG -DUSE_HAL_DRIVER -DSTM32F303x8 -c -I"E:/Pulpit/PCB/Plytki_chlodzenia_SOFTWARE/Cooling_left/stm_f303k8_ioc/Main_app/Inc/EKO_LIB" -I"E:/Pulpit/PCB/Plytki_chlodzenia_SOFTWARE/Cooling_left/stm_f303k8_ioc/Main_app/Inc" -I"E:/Pulpit/PCB/Plytki_chlodzenia_SOFTWARE/Cooling_left/stm_f303k8_ioc/Main_app/Src" -I"E:/Pulpit/PCB/Plytki_chlodzenia_SOFTWARE/Cooling_left/stm_f303k8_ioc/Main_app/Inc/MY_LIB" -I"E:/Pulpit/PCB/Plytki_chlodzenia_SOFTWARE/Cooling_left/stm_f303k8_ioc/Main_app/Src/EKO_LIB" -I"E:/Pulpit/PCB/Plytki_chlodzenia_SOFTWARE/Cooling_left/stm_f303k8_ioc/Main_app/Src/MY_LIB" -I../Core/Inc -I../Drivers/STM32F3xx_HAL_Driver/Inc -I../Drivers/STM32F3xx_HAL_Driver/Inc/Legacy -I../Drivers/CMSIS/Device/ST/STM32F3xx/Include -I../Drivers/CMSIS/Include -O0 -ffunction-sections -fdata-sections -Wall -fstack-usage -fcyclomatic-complexity -MMD -MP -MF"Core/Src/main.d" -MT"Core/Src/main.o" --specs=nano.specs -mfpu=fpv4-sp-d16 -mfloat-abi=hard -mthumb -o "Core/Src/main.o"
../Main_app/Src/MY_LIB/MY_driver_i2c.c: In function 'AM2320_StateMachine':
../Main_app/Src/MY_LIB/MY_driver_i2c.c:153:5: warning: enumeration value 'AM2320_IDLE' not handled in switch [-Wswitch]
  153 |     switch (am2320State)
      |     ^~~~~~
../Main_app/Src/cooler_left_app.c: In function 'COOLER_app':
../Main_app/Src/cooler_left_app.c:117:27: warning: enumeration value 'CAN_FRAME_BMS_TEMP_1' not handled in switch [-Wswitch]
  117 |                           switch(msg.name)
      |                           ^~~~~~
../Main_app/Src/cooler_left_app.c:117:27: warning: enumeration value 'CAN_FRAME_BMS_TEMP_2' not handled in switch [-Wswitch]
../Main_app/Src/cooler_left_app.c:117:27: warning: enumeration value 'CAN_FRAME_BMS_TEMP_3' not handled in switch [-Wswitch]
../Main_app/Src/cooler_left_app.c:117:27: warning: enumeration value 'CAN_FRAME_BMS_TEMP_4' not handled in switch [-Wswitch]
../Main_app/Src/cooler_left_app.c:117:27: warning: enumeration value 'CAN_FRAME_BMS_TEMP_5' not handled in switch [-Wswitch]
../Main_app/Src/cooler_left_app.c:117:27: warning: enumeration value 'CAN_FRAME_BMS_TEMP_6' not handled in switch [-Wswitch]
../Main_app/Src/cooler_left_app.c:117:27: warning: enumeration value 'CAN_FRAME_BMS_TEMP_7' not handled in switch [-Wswitch]
../Main_app/Src/cooler_left_app.c:117:27: warning: enumeration value 'CAN_FRAME_BMS_TEMP_8' not handled in switch [-Wswitch]
../Main_app/Src/cooler_left_app.c:117:27: warning: enumeration value 'CAN_FRAME_BMS_TEMP_9' not handled in switch [-Wswitch]
../Main_app/Src/cooler_left_app.c:117:27: warning: enumeration value 'CAN_FRAME_SET_SERVOS_ENGINE' not handled in switch [-Wswitch]
../Main_app/Src/cooler_left_app.c:117:27: warning: enumeration value 'CAN_FRAME_SAFE_STATE' not handled in switch [-Wswitch]
../Main_app/Src/cooler_left_app.c:117:27: warning: enumeration value 'CAN_FRAME_BATTERY_SET_FAN' not handled in switch [-Wswitch]
../Main_app/Src/cooler_left_app.c:117:27: warning: enumeration value 'CAN_FRAME_UNKNOWN' not handled in switch [-Wswitch]
arm-none-eabi-gcc -o "stm_f303k8_ioc.elf" @"objects.list"   -mcpu=cortex-m4 -T"E:\Pulpit\PCB\Plytki_chlodzenia_SOFTWARE\Cooling_left\stm_f303k8_ioc\STM32F303K8TX_FLASH.ld" --specs=nosys.specs -Wl,-Map="stm_f303k8_ioc.map" -Wl,--gc-sections -static --specs=nano.specs -mfpu=fpv4-sp-d16 -mfloat-abi=hard -mthumb -Wl,--start-group -lc -lm -Wl,--end-group
Finished building target: stm_f303k8_ioc.elf
 
arm-none-eabi-size  stm_f303k8_ioc.elf 
arm-none-eabi-objdump -h -S stm_f303k8_ioc.elf  > "stm_f303k8_ioc.list"
   text	   data	    bss	    dec	    hex	filename
  34852	     12	   5064	  39928	   9bf8	stm_f303k8_ioc.elf
Finished building: default.size.stdout
 
Finished building: stm_f303k8_ioc.list
 
18:23:17 **** Incremental Build of configuration Debug for project stm_f303k8_ioc ****
make -j16 all 
arm-none-eabi-gcc "../Main_app/Src/MY_LIB/MY_driver_fan.c" -mcpu=cortex-m4 -std=gnu11 -g3 -DDEBUG -DUSE_HAL_DRIVER -DSTM32F303x8 -c -I"E:/Pulpit/PCB/Plytki_chlodzenia_SOFTWARE/Cooling_left/stm_f303k8_ioc/Main_app/Inc/EKO_LIB" -I"E:/Pulpit/PCB/Plytki_chlodzenia_SOFTWARE/Cooling_left/stm_f303k8_ioc/Main_app/Inc/MY_LIB" -I"E:/Pulpit/PCB/Plytki_chlodzenia_SOFTWARE/Cooling_left/stm_f303k8_ioc/Main_app/Src/EKO_LIB" -I"E:/Pulpit/PCB/Plytki_chlodzenia_SOFTWARE/Cooling_left/stm_f303k8_ioc/Main_app/Src/MY_LIB" -I../Core/Inc -I../Drivers/STM32F3xx_HAL_Driver/Inc -I../Drivers/STM32F3xx_HAL_Driver/Inc/Legacy -I../Drivers/CMSIS/Device/ST/STM32F3xx/Include -I../Drivers/CMSIS/Include -I"E:/Pulpit/PCB/Plytki_chlodzenia_SOFTWARE/Cooling_left/stm_f303k8_ioc/Main_app/Inc" -I"E:/Pulpit/PCB/Plytki_chlodzenia_SOFTWARE/Cooling_left/stm_f303k8_ioc/Main_app/Src" -O0 -ffunction-sections -fdata-sections -Wall -fstack-usage -fcyclomatic-complexity -MMD -MP -MF"Main_app/Src/MY_LIB/MY_driver_fan.d" -MT"Main_app/Src/MY_LIB/MY_driver_fan.o" --specs=nano.specs -mfpu=fpv4-sp-d16 -mfloat-abi=hard -mthumb -o "Main_app/Src/MY_LIB/MY_driver_fan.o"
arm-none-eabi-gcc "../Main_app/Src/MY_LIB/MY_driver_i2c.c" -mcpu=cortex-m4 -std=gnu11 -g3 -DDEBUG -DUSE_HAL_DRIVER -DSTM32F303x8 -c -I"E:/Pulpit/PCB/Plytki_chlodzenia_SOFTWARE/Cooling_left/stm_f303k8_ioc/Main_app/Inc/EKO_LIB" -I"E:/Pulpit/PCB/Plytki_chlodzenia_SOFTWARE/Cooling_left/stm_f303k8_ioc/Main_app/Inc/MY_LIB" -I"E:/Pulpit/PCB/Plytki_chlodzenia_SOFTWARE/Cooling_left/stm_f303k8_ioc/Main_app/Src/EKO_LIB" -I"E:/Pulpit/PCB/Plytki_chlodzenia_SOFTWARE/Cooling_left/stm_f303k8_ioc/Main_app/Src/MY_LIB" -I../Core/Inc -I../Drivers/STM32F3xx_HAL_Driver/Inc -I../Drivers/STM32F3xx_HAL_Driver/Inc/Legacy -I../Drivers/CMSIS/Device/ST/STM32F3xx/Include -I../Drivers/CMSIS/Include -I"E:/Pulpit/PCB/Plytki_chlodzenia_SOFTWARE/Cooling_left/stm_f303k8_ioc/Main_app/Inc" -I"E:/Pulpit/PCB/Plytki_chlodzenia_SOFTWARE/Cooling_left/stm_f303k8_ioc/Main_app/Src" -O0 -ffunction-sections -fdata-sections -Wall -fstack-usage -fcyclomatic-complexity -MMD -MP -MF"Main_app/Src/MY_LIB/MY_driver_i2c.d" -MT"Main_app/Src/MY_LIB/MY_driver_i2c.o" --specs=nano.specs -mfpu=fpv4-sp-d16 -mfloat-abi=hard -mthumb -o "Main_app/Src/MY_LIB/MY_driver_i2c.o"
arm-none-eabi-gcc "../Main_app/Src/MY_LIB/MY_driver_serwo.c" -mcpu=cortex-m4 -std=gnu11 -g3 -DDEBUG -DUSE_HAL_DRIVER -DSTM32F303x8 -c -I"E:/Pulpit/PCB/Plytki_chlodzenia_SOFTWARE/Cooling_left/stm_f303k8_ioc/Main_app/Inc/EKO_LIB" -I"E:/Pulpit/PCB/Plytki_chlodzenia_SOFTWARE/Cooling_left/stm_f303k8_ioc/Main_app/Inc/MY_LIB" -I"E:/Pulpit/PCB/Plytki_chlodzenia_SOFTWARE/Cooling_left/stm_f303k8_ioc/Main_app/Src/EKO_LIB" -I"E:/Pulpit/PCB/Plytki_chlodzenia_SOFTWARE/Cooling_left/stm_f303k8_ioc/Main_app/Src/MY_LIB" -I../Core/Inc -I../Drivers/STM32F3xx_HAL_Driver/Inc -I../Drivers/STM32F3xx_HAL_Driver/Inc/Legacy -I../Drivers/CMSIS/Device/ST/STM32F3xx/Include -I../Drivers/CMSIS/Include -I"E:/Pulpit/PCB/Plytki_chlodzenia_SOFTWARE/Cooling_left/stm_f303k8_ioc/Main_app/Inc" -I"E:/Pulpit/PCB/Plytki_chlodzenia_SOFTWARE/Cooling_left/stm_f303k8_ioc/Main_app/Src" -O0 -ffunction-sections -fdata-sections -Wall -fstack-usage -fcyclomatic-complexity -MMD -MP -MF"Main_app/Src/MY_LIB/MY_driver_serwo.d" -MT"Main_app/Src/MY_LIB/MY_driver_serwo.o" --specs=nano.specs -mfpu=fpv4-sp-d16 -mfloat-abi=hard -mthumb -o "Main_app/Src/MY_LIB/MY_driver_serwo.o"
arm-none-eabi-gcc "../Main_app/Src/EKO_LIB/can_driver.c" -mcpu=cortex-m4 -std=gnu11 -g3 -DDEBUG -DUSE_HAL_DRIVER -DSTM32F303x8 -c -I"E:/Pulpit/PCB/Plytki_chlodzenia_SOFTWARE/Cooling_left/stm_f303k8_ioc/Main_app/Inc/EKO_LIB" -I"E:/Pulpit/PCB/Plytki_chlodzenia_SOFTWARE/Cooling_left/stm_f303k8_ioc/Main_app/Inc/MY_LIB" -I"E:/Pulpit/PCB/Plytki_chlodzenia_SOFTWARE/Cooling_left/stm_f303k8_ioc/Main_app/Src/EKO_LIB" -I"E:/Pulpit/PCB/Plytki_chlodzenia_SOFTWARE/Cooling_left/stm_f303k8_ioc/Main_app/Src/MY_LIB" -I../Core/Inc -I../Drivers/STM32F3xx_HAL_Driver/Inc -I../Drivers/STM32F3xx_HAL_Driver/Inc/Legacy -I../Drivers/CMSIS/Device/ST/STM32F3xx/Include -I../Drivers/CMSIS/Include -I"E:/Pulpit/PCB/Plytki_chlodzenia_SOFTWARE/Cooling_left/stm_f303k8_ioc/Main_app/Inc" -I"E:/Pulpit/PCB/Plytki_chlodzenia_SOFTWARE/Cooling_left/stm_f303k8_ioc/Main_app/Src" -O0 -ffunction-sections -fdata-sections -Wall -fstack-usage -fcyclomatic-complexity -MMD -MP -MF"Main_app/Src/EKO_LIB/can_driver.d" -MT"Main_app/Src/EKO_LIB/can_driver.o" --specs=nano.specs -mfpu=fpv4-sp-d16 -mfloat-abi=hard -mthumb -o "Main_app/Src/EKO_LIB/can_driver.o"
arm-none-eabi-gcc "../Main_app/Src/cooler_left_app.c" -mcpu=cortex-m4 -std=gnu11 -g3 -DDEBUG -DUSE_HAL_DRIVER -DSTM32F303x8 -c -I"E:/Pulpit/PCB/Plytki_chlodzenia_SOFTWARE/Cooling_left/stm_f303k8_ioc/Main_app/Inc/EKO_LIB" -I"E:/Pulpit/PCB/Plytki_chlodzenia_SOFTWARE/Cooling_left/stm_f303k8_ioc/Main_app/Inc/MY_LIB" -I"E:/Pulpit/PCB/Plytki_chlodzenia_SOFTWARE/Cooling_left/stm_f303k8_ioc/Main_app/Src/EKO_LIB" -I"E:/Pulpit/PCB/Plytki_chlodzenia_SOFTWARE/Cooling_left/stm_f303k8_ioc/Main_app/Src/MY_LIB" -I../Core/Inc -I../Drivers/STM32F3xx_HAL_Driver/Inc -I../Drivers/STM32F3xx_HAL_Driver/Inc/Legacy -I../Drivers/CMSIS/Device/ST/STM32F3xx/Include -I../Drivers/CMSIS/Include -I"E:/Pulpit/PCB/Plytki_chlodzenia_SOFTWARE/Cooling_left/stm_f303k8_ioc/Main_app/Inc" -I"E:/Pulpit/PCB/Plytki_chlodzenia_SOFTWARE/Cooling_left/stm_f303k8_ioc/Main_app/Src" -O0 -ffunction-sections -fdata-sections -Wall -fstack-usage -fcyclomatic-complexity -MMD -MP -MF"Main_app/Src/cooler_left_app.d" -MT"Main_app/Src/cooler_left_app.o" --specs=nano.specs -mfpu=fpv4-sp-d16 -mfloat-abi=hard -mthumb -o "Main_app/Src/cooler_left_app.o"
arm-none-eabi-gcc "../Main_app/Src/cooler_test.c" -mcpu=cortex-m4 -std=gnu11 -g3 -DDEBUG -DUSE_HAL_DRIVER -DSTM32F303x8 -c -I"E:/Pulpit/PCB/Plytki_chlodzenia_SOFTWARE/Cooling_left/stm_f303k8_ioc/Main_app/Inc/EKO_LIB" -I"E:/Pulpit/PCB/Plytki_chlodzenia_SOFTWARE/Cooling_left/stm_f303k8_ioc/Main_app/Inc/MY_LIB" -I"E:/Pulpit/PCB/Plytki_chlodzenia_SOFTWARE/Cooling_left/stm_f303k8_ioc/Main_app/Src/EKO_LIB" -I"E:/Pulpit/PCB/Plytki_chlodzenia_SOFTWARE/Cooling_left/stm_f303k8_ioc/Main_app/Src/MY_LIB" -I../Core/Inc -I../Drivers/STM32F3xx_HAL_Driver/Inc -I../Drivers/STM32F3xx_HAL_Driver/Inc/Legacy -I../Drivers/CMSIS/Device/ST/STM32F3xx/Include -I../Drivers/CMSIS/Include -I"E:/Pulpit/PCB/Plytki_chlodzenia_SOFTWARE/Cooling_left/stm_f303k8_ioc/Main_app/Inc" -I"E:/Pulpit/PCB/Plytki_chlodzenia_SOFTWARE/Cooling_left/stm_f303k8_ioc/Main_app/Src" -O0 -ffunction-sections -fdata-sections -Wall -fstack-usage -fcyclomatic-complexity -MMD -MP -MF"Main_app/Src/cooler_test.d" -MT"Main_app/Src/cooler_test.o" --specs=nano.specs -mfpu=fpv4-sp-d16 -mfloat-abi=hard -mthumb -o "Main_app/Src/cooler_test.o"
arm-none-eabi-gcc "../Core/Src/main.c" -mcpu=cortex-m4 -std=gnu11 -g3 -DDEBUG -DUSE_HAL_DRIVER -DSTM32F303x8 -c -I"E:/Pulpit/PCB/Plytki_chlodzenia_SOFTWARE/Cooling_left/stm_f303k8_ioc/Main_app/Inc/EKO_LIB" -I"E:/Pulpit/PCB/Plytki_chlodzenia_SOFTWARE/Cooling_left/stm_f303k8_ioc/Main_app/Inc" -I"E:/Pulpit/PCB/Plytki_chlodzenia_SOFTWARE/Cooling_left/stm_f303k8_ioc/Main_app/Src" -I"E:/Pulpit/PCB/Plytki_chlodzenia_SOFTWARE/Cooling_left/stm_f303k8_ioc/Main_app/Inc/MY_LIB" -I"E:/Pulpit/PCB/Plytki_chlodzenia_SOFTWARE/Cooling_left/stm_f303k8_ioc/Main_app/Src/EKO_LIB" -I"E:/Pulpit/PCB/Plytki_chlodzenia_SOFTWARE/Cooling_left/stm_f303k8_ioc/Main_app/Src/MY_LIB" -I../Core/Inc -I../Drivers/STM32F3xx_HAL_Driver/Inc -I../Drivers/STM32F3xx_HAL_Driver/Inc/Legacy -I../Drivers/CMSIS/Device/ST/STM32F3xx/Include -I../Drivers/CMSIS/Include -O0 -ffunction-sections -fdata-sections -Wall -fstack-usage -fcyclomatic-complexity -MMD -MP -MF"Core/Src/main.d" -MT"Core/Src/main.o" --specs=nano.specs -mfpu=fpv4-sp-d16 -mfloat-abi=hard -mthumb -o "Core/Src/main.o"
../Main_app/Src/MY_LIB/MY_driver_i2c.c: In function 'AM2320_StateMachine':
../Main_app/Src/MY_LIB/MY_driver_i2c.c:153:5: warning: enumeration value 'AM2320_IDLE' not handled in switch [-Wswitch]
  153 |     switch (am2320State)
      |     ^~~~~~
../Main_app/Src/cooler_left_app.c: In function 'COOLER_app':
../Main_app/Src/cooler_left_app.c:117:27: warning: enumeration value 'CAN_FRAME_BMS_TEMP_1' not handled in switch [-Wswitch]
  117 |                           switch(msg.name)
      |                           ^~~~~~
../Main_app/Src/cooler_left_app.c:117:27: warning: enumeration value 'CAN_FRAME_BMS_TEMP_2' not handled in switch [-Wswitch]
../Main_app/Src/cooler_left_app.c:117:27: warning: enumeration value 'CAN_FRAME_BMS_TEMP_3' not handled in switch [-Wswitch]
../Main_app/Src/cooler_left_app.c:117:27: warning: enumeration value 'CAN_FRAME_BMS_TEMP_4' not handled in switch [-Wswitch]
../Main_app/Src/cooler_left_app.c:117:27: warning: enumeration value 'CAN_FRAME_BMS_TEMP_5' not handled in switch [-Wswitch]
../Main_app/Src/cooler_left_app.c:117:27: warning: enumeration value 'CAN_FRAME_BMS_TEMP_6' not handled in switch [-Wswitch]
../Main_app/Src/cooler_left_app.c:117:27: warning: enumeration value 'CAN_FRAME_BMS_TEMP_7' not handled in switch [-Wswitch]
../Main_app/Src/cooler_left_app.c:117:27: warning: enumeration value 'CAN_FRAME_BMS_TEMP_8' not handled in switch [-Wswitch]
../Main_app/Src/cooler_left_app.c:117:27: warning: enumeration value 'CAN_FRAME_BMS_TEMP_9' not handled in switch [-Wswitch]
../Main_app/Src/cooler_left_app.c:117:27: warning: enumeration value 'CAN_FRAME_SET_SERVOS_ENGINE' not handled in switch [-Wswitch]
../Main_app/Src/cooler_left_app.c:117:27: warning: enumeration value 'CAN_FRAME_SAFE_STATE' not handled in switch [-Wswitch]
../Main_app/Src/cooler_left_app.c:117:27: warning: enumeration value 'CAN_FRAME_BATTERY_SET_FAN' not handled in switch [-Wswitch]
../Main_app/Src/cooler_left_app.c:117:27: warning: enumeration value 'CAN_FRAME_UNKNOWN' not handled in switch [-Wswitch]
arm-none-eabi-gcc -o "stm_f303k8_ioc.elf" @"objects.list"   -mcpu=cortex-m4 -T"E:\Pulpit\PCB\Plytki_chlodzenia_SOFTWARE\Cooling_left\stm_f303k8_ioc\STM32F303K8TX_FLASH.ld" --specs=nosys.specs -Wl,-Map="stm_f303k8_ioc.map" -Wl,--gc-sections -static --specs=nano.specs -mfpu=fpv4-sp-d16 -mfloat-abi=hard -mthumb -Wl,--start-group -lc -lm -Wl,--end-group
Finished building target: stm_f303k8_ioc.elf
 
arm-none-eabi-size  stm_f303k8_ioc.elf 
arm-none-eabi-objdump -h -S stm_f303k8_ioc.elf  > "stm_f303k8_ioc.list"
   text	   data	    bss	    dec	    hex	filename
  34852	     12	   5064	  39928	   9bf8	stm_f303k8_ioc.elf
Finished building: default.size.stdout
 
Finished building: stm_f303k8_ioc.list
 
18:23:37 **** Incremental Build of configuration Debug for project stm_f303k8_ioc ****
make -j16 all 
arm-none-eabi-gcc "../Main_app/Src/MY_LIB/MY_driver_fan.c" -mcpu=cortex-m4 -std=gnu11 -g3 -DDEBUG -DUSE_HAL_DRIVER -DSTM32F303x8 -c -I"E:/Pulpit/PCB/Plytki_chlodzenia_SOFTWARE/Cooling_left/stm_f303k8_ioc/Main_app/Inc/EKO_LIB" -I"E:/Pulpit/PCB/Plytki_chlodzenia_SOFTWARE/Cooling_left/stm_f303k8_ioc/Main_app/Inc/MY_LIB" -I"E:/Pulpit/PCB/Plytki_chlodzenia_SOFTWARE/Cooling_left/stm_f303k8_ioc/Main_app/Src/EKO_LIB" -I"E:/Pulpit/PCB/Plytki_chlodzenia_SOFTWARE/Cooling_left/stm_f303k8_ioc/Main_app/Src/MY_LIB" -I../Core/Inc -I../Drivers/STM32F3xx_HAL_Driver/Inc -I../Drivers/STM32F3xx_HAL_Driver/Inc/Legacy -I../Drivers/CMSIS/Device/ST/STM32F3xx/Include -I../Drivers/CMSIS/Include -I"E:/Pulpit/PCB/Plytki_chlodzenia_SOFTWARE/Cooling_left/stm_f303k8_ioc/Main_app/Inc" -I"E:/Pulpit/PCB/Plytki_chlodzenia_SOFTWARE/Cooling_left/stm_f303k8_ioc/Main_app/Src" -O0 -ffunction-sections -fdata-sections -Wall -fstack-usage -fcyclomatic-complexity -MMD -MP -MF"Main_app/Src/MY_LIB/MY_driver_fan.d" -MT"Main_app/Src/MY_LIB/MY_driver_fan.o" --specs=nano.specs -mfpu=fpv4-sp-d16 -mfloat-abi=hard -mthumb -o "Main_app/Src/MY_LIB/MY_driver_fan.o"
arm-none-eabi-gcc "../Main_app/Src/MY_LIB/MY_driver_i2c.c" -mcpu=cortex-m4 -std=gnu11 -g3 -DDEBUG -DUSE_HAL_DRIVER -DSTM32F303x8 -c -I"E:/Pulpit/PCB/Plytki_chlodzenia_SOFTWARE/Cooling_left/stm_f303k8_ioc/Main_app/Inc/EKO_LIB" -I"E:/Pulpit/PCB/Plytki_chlodzenia_SOFTWARE/Cooling_left/stm_f303k8_ioc/Main_app/Inc/MY_LIB" -I"E:/Pulpit/PCB/Plytki_chlodzenia_SOFTWARE/Cooling_left/stm_f303k8_ioc/Main_app/Src/EKO_LIB" -I"E:/Pulpit/PCB/Plytki_chlodzenia_SOFTWARE/Cooling_left/stm_f303k8_ioc/Main_app/Src/MY_LIB" -I../Core/Inc -I../Drivers/STM32F3xx_HAL_Driver/Inc -I../Drivers/STM32F3xx_HAL_Driver/Inc/Legacy -I../Drivers/CMSIS/Device/ST/STM32F3xx/Include -I../Drivers/CMSIS/Include -I"E:/Pulpit/PCB/Plytki_chlodzenia_SOFTWARE/Cooling_left/stm_f303k8_ioc/Main_app/Inc" -I"E:/Pulpit/PCB/Plytki_chlodzenia_SOFTWARE/Cooling_left/stm_f303k8_ioc/Main_app/Src" -O0 -ffunction-sections -fdata-sections -Wall -fstack-usage -fcyclomatic-complexity -MMD -MP -MF"Main_app/Src/MY_LIB/MY_driver_i2c.d" -MT"Main_app/Src/MY_LIB/MY_driver_i2c.o" --specs=nano.specs -mfpu=fpv4-sp-d16 -mfloat-abi=hard -mthumb -o "Main_app/Src/MY_LIB/MY_driver_i2c.o"
arm-none-eabi-gcc "../Main_app/Src/MY_LIB/MY_driver_serwo.c" -mcpu=cortex-m4 -std=gnu11 -g3 -DDEBUG -DUSE_HAL_DRIVER -DSTM32F303x8 -c -I"E:/Pulpit/PCB/Plytki_chlodzenia_SOFTWARE/Cooling_left/stm_f303k8_ioc/Main_app/Inc/EKO_LIB" -I"E:/Pulpit/PCB/Plytki_chlodzenia_SOFTWARE/Cooling_left/stm_f303k8_ioc/Main_app/Inc/MY_LIB" -I"E:/Pulpit/PCB/Plytki_chlodzenia_SOFTWARE/Cooling_left/stm_f303k8_ioc/Main_app/Src/EKO_LIB" -I"E:/Pulpit/PCB/Plytki_chlodzenia_SOFTWARE/Cooling_left/stm_f303k8_ioc/Main_app/Src/MY_LIB" -I../Core/Inc -I../Drivers/STM32F3xx_HAL_Driver/Inc -I../Drivers/STM32F3xx_HAL_Driver/Inc/Legacy -I../Drivers/CMSIS/Device/ST/STM32F3xx/Include -I../Drivers/CMSIS/Include -I"E:/Pulpit/PCB/Plytki_chlodzenia_SOFTWARE/Cooling_left/stm_f303k8_ioc/Main_app/Inc" -I"E:/Pulpit/PCB/Plytki_chlodzenia_SOFTWARE/Cooling_left/stm_f303k8_ioc/Main_app/Src" -O0 -ffunction-sections -fdata-sections -Wall -fstack-usage -fcyclomatic-complexity -MMD -MP -MF"Main_app/Src/MY_LIB/MY_driver_serwo.d" -MT"Main_app/Src/MY_LIB/MY_driver_serwo.o" --specs=nano.specs -mfpu=fpv4-sp-d16 -mfloat-abi=hard -mthumb -o "Main_app/Src/MY_LIB/MY_driver_serwo.o"
arm-none-eabi-gcc "../Main_app/Src/EKO_LIB/can_driver.c" -mcpu=cortex-m4 -std=gnu11 -g3 -DDEBUG -DUSE_HAL_DRIVER -DSTM32F303x8 -c -I"E:/Pulpit/PCB/Plytki_chlodzenia_SOFTWARE/Cooling_left/stm_f303k8_ioc/Main_app/Inc/EKO_LIB" -I"E:/Pulpit/PCB/Plytki_chlodzenia_SOFTWARE/Cooling_left/stm_f303k8_ioc/Main_app/Inc/MY_LIB" -I"E:/Pulpit/PCB/Plytki_chlodzenia_SOFTWARE/Cooling_left/stm_f303k8_ioc/Main_app/Src/EKO_LIB" -I"E:/Pulpit/PCB/Plytki_chlodzenia_SOFTWARE/Cooling_left/stm_f303k8_ioc/Main_app/Src/MY_LIB" -I../Core/Inc -I../Drivers/STM32F3xx_HAL_Driver/Inc -I../Drivers/STM32F3xx_HAL_Driver/Inc/Legacy -I../Drivers/CMSIS/Device/ST/STM32F3xx/Include -I../Drivers/CMSIS/Include -I"E:/Pulpit/PCB/Plytki_chlodzenia_SOFTWARE/Cooling_left/stm_f303k8_ioc/Main_app/Inc" -I"E:/Pulpit/PCB/Plytki_chlodzenia_SOFTWARE/Cooling_left/stm_f303k8_ioc/Main_app/Src" -O0 -ffunction-sections -fdata-sections -Wall -fstack-usage -fcyclomatic-complexity -MMD -MP -MF"Main_app/Src/EKO_LIB/can_driver.d" -MT"Main_app/Src/EKO_LIB/can_driver.o" --specs=nano.specs -mfpu=fpv4-sp-d16 -mfloat-abi=hard -mthumb -o "Main_app/Src/EKO_LIB/can_driver.o"
arm-none-eabi-gcc "../Main_app/Src/cooler_left_app.c" -mcpu=cortex-m4 -std=gnu11 -g3 -DDEBUG -DUSE_HAL_DRIVER -DSTM32F303x8 -c -I"E:/Pulpit/PCB/Plytki_chlodzenia_SOFTWARE/Cooling_left/stm_f303k8_ioc/Main_app/Inc/EKO_LIB" -I"E:/Pulpit/PCB/Plytki_chlodzenia_SOFTWARE/Cooling_left/stm_f303k8_ioc/Main_app/Inc/MY_LIB" -I"E:/Pulpit/PCB/Plytki_chlodzenia_SOFTWARE/Cooling_left/stm_f303k8_ioc/Main_app/Src/EKO_LIB" -I"E:/Pulpit/PCB/Plytki_chlodzenia_SOFTWARE/Cooling_left/stm_f303k8_ioc/Main_app/Src/MY_LIB" -I../Core/Inc -I../Drivers/STM32F3xx_HAL_Driver/Inc -I../Drivers/STM32F3xx_HAL_Driver/Inc/Legacy -I../Drivers/CMSIS/Device/ST/STM32F3xx/Include -I../Drivers/CMSIS/Include -I"E:/Pulpit/PCB/Plytki_chlodzenia_SOFTWARE/Cooling_left/stm_f303k8_ioc/Main_app/Inc" -I"E:/Pulpit/PCB/Plytki_chlodzenia_SOFTWARE/Cooling_left/stm_f303k8_ioc/Main_app/Src" -O0 -ffunction-sections -fdata-sections -Wall -fstack-usage -fcyclomatic-complexity -MMD -MP -MF"Main_app/Src/cooler_left_app.d" -MT"Main_app/Src/cooler_left_app.o" --specs=nano.specs -mfpu=fpv4-sp-d16 -mfloat-abi=hard -mthumb -o "Main_app/Src/cooler_left_app.o"
arm-none-eabi-gcc "../Main_app/Src/cooler_test.c" -mcpu=cortex-m4 -std=gnu11 -g3 -DDEBUG -DUSE_HAL_DRIVER -DSTM32F303x8 -c -I"E:/Pulpit/PCB/Plytki_chlodzenia_SOFTWARE/Cooling_left/stm_f303k8_ioc/Main_app/Inc/EKO_LIB" -I"E:/Pulpit/PCB/Plytki_chlodzenia_SOFTWARE/Cooling_left/stm_f303k8_ioc/Main_app/Inc/MY_LIB" -I"E:/Pulpit/PCB/Plytki_chlodzenia_SOFTWARE/Cooling_left/stm_f303k8_ioc/Main_app/Src/EKO_LIB" -I"E:/Pulpit/PCB/Plytki_chlodzenia_SOFTWARE/Cooling_left/stm_f303k8_ioc/Main_app/Src/MY_LIB" -I../Core/Inc -I../Drivers/STM32F3xx_HAL_Driver/Inc -I../Drivers/STM32F3xx_HAL_Driver/Inc/Legacy -I../Drivers/CMSIS/Device/ST/STM32F3xx/Include -I../Drivers/CMSIS/Include -I"E:/Pulpit/PCB/Plytki_chlodzenia_SOFTWARE/Cooling_left/stm_f303k8_ioc/Main_app/Inc" -I"E:/Pulpit/PCB/Plytki_chlodzenia_SOFTWARE/Cooling_left/stm_f303k8_ioc/Main_app/Src" -O0 -ffunction-sections -fdata-sections -Wall -fstack-usage -fcyclomatic-complexity -MMD -MP -MF"Main_app/Src/cooler_test.d" -MT"Main_app/Src/cooler_test.o" --specs=nano.specs -mfpu=fpv4-sp-d16 -mfloat-abi=hard -mthumb -o "Main_app/Src/cooler_test.o"
arm-none-eabi-gcc "../Core/Src/main.c" -mcpu=cortex-m4 -std=gnu11 -g3 -DDEBUG -DUSE_HAL_DRIVER -DSTM32F303x8 -c -I"E:/Pulpit/PCB/Plytki_chlodzenia_SOFTWARE/Cooling_left/stm_f303k8_ioc/Main_app/Inc/EKO_LIB" -I"E:/Pulpit/PCB/Plytki_chlodzenia_SOFTWARE/Cooling_left/stm_f303k8_ioc/Main_app/Inc" -I"E:/Pulpit/PCB/Plytki_chlodzenia_SOFTWARE/Cooling_left/stm_f303k8_ioc/Main_app/Src" -I"E:/Pulpit/PCB/Plytki_chlodzenia_SOFTWARE/Cooling_left/stm_f303k8_ioc/Main_app/Inc/MY_LIB" -I"E:/Pulpit/PCB/Plytki_chlodzenia_SOFTWARE/Cooling_left/stm_f303k8_ioc/Main_app/Src/EKO_LIB" -I"E:/Pulpit/PCB/Plytki_chlodzenia_SOFTWARE/Cooling_left/stm_f303k8_ioc/Main_app/Src/MY_LIB" -I../Core/Inc -I../Drivers/STM32F3xx_HAL_Driver/Inc -I../Drivers/STM32F3xx_HAL_Driver/Inc/Legacy -I../Drivers/CMSIS/Device/ST/STM32F3xx/Include -I../Drivers/CMSIS/Include -O0 -ffunction-sections -fdata-sections -Wall -fstack-usage -fcyclomatic-complexity -MMD -MP -MF"Core/Src/main.d" -MT"Core/Src/main.o" --specs=nano.specs -mfpu=fpv4-sp-d16 -mfloat-abi=hard -mthumb -o "Core/Src/main.o"
../Main_app/Src/MY_LIB/MY_driver_i2c.c: In function 'AM2320_StateMachine':
../Main_app/Src/MY_LIB/MY_driver_i2c.c:153:5: warning: enumeration value 'AM2320_IDLE' not handled in switch [-Wswitch]
  153 |     switch (am2320State)
      |     ^~~~~~
../Main_app/Src/cooler_left_app.c: In function 'COOLER_app':
../Main_app/Src/cooler_left_app.c:117:27: warning: enumeration value 'CAN_FRAME_BMS_TEMP_1' not handled in switch [-Wswitch]
  117 |                           switch(msg.name)
      |                           ^~~~~~
../Main_app/Src/cooler_left_app.c:117:27: warning: enumeration value 'CAN_FRAME_BMS_TEMP_2' not handled in switch [-Wswitch]
../Main_app/Src/cooler_left_app.c:117:27: warning: enumeration value 'CAN_FRAME_BMS_TEMP_3' not handled in switch [-Wswitch]
../Main_app/Src/cooler_left_app.c:117:27: warning: enumeration value 'CAN_FRAME_BMS_TEMP_4' not handled in switch [-Wswitch]
../Main_app/Src/cooler_left_app.c:117:27: warning: enumeration value 'CAN_FRAME_BMS_TEMP_5' not handled in switch [-Wswitch]
../Main_app/Src/cooler_left_app.c:117:27: warning: enumeration value 'CAN_FRAME_BMS_TEMP_6' not handled in switch [-Wswitch]
../Main_app/Src/cooler_left_app.c:117:27: warning: enumeration value 'CAN_FRAME_BMS_TEMP_7' not handled in switch [-Wswitch]
../Main_app/Src/cooler_left_app.c:117:27: warning: enumeration value 'CAN_FRAME_BMS_TEMP_8' not handled in switch [-Wswitch]
../Main_app/Src/cooler_left_app.c:117:27: warning: enumeration value 'CAN_FRAME_BMS_TEMP_9' not handled in switch [-Wswitch]
../Main_app/Src/cooler_left_app.c:117:27: warning: enumeration value 'CAN_FRAME_SET_SERVOS_ENGINE' not handled in switch [-Wswitch]
../Main_app/Src/cooler_left_app.c:117:27: warning: enumeration value 'CAN_FRAME_SAFE_STATE' not handled in switch [-Wswitch]
../Main_app/Src/cooler_left_app.c:117:27: warning: enumeration value 'CAN_FRAME_BATTERY_SET_FAN' not handled in switch [-Wswitch]
../Main_app/Src/cooler_left_app.c:117:27: warning: enumeration value 'CAN_FRAME_UNKNOWN' not handled in switch [-Wswitch]
arm-none-eabi-gcc -o "stm_f303k8_ioc.elf" @"objects.list"   -mcpu=cortex-m4 -T"E:\Pulpit\PCB\Plytki_chlodzenia_SOFTWARE\Cooling_left\stm_f303k8_ioc\STM32F303K8TX_FLASH.ld" --specs=nosys.specs -Wl,-Map="stm_f303k8_ioc.map" -Wl,--gc-sections -static --specs=nano.specs -mfpu=fpv4-sp-d16 -mfloat-abi=hard -mthumb -Wl,--start-group -lc -lm -Wl,--end-group
Finished building target: stm_f303k8_ioc.elf
 
arm-none-eabi-size  stm_f303k8_ioc.elf 
arm-none-eabi-objdump -h -S stm_f303k8_ioc.elf  > "stm_f303k8_ioc.list"
   text	   data	    bss	    dec	    hex	filename
  34852	     12	   5064	  39928	   9bf8	stm_f303k8_ioc.elf
Finished building: default.size.stdout
 
Finished building: stm_f303k8_ioc.list
 
18:23:48 **** Incremental Build of configuration Debug for project stm_f303k8_ioc ****
make -j16 all 
arm-none-eabi-gcc "../Main_app/Src/MY_LIB/MY_driver_fan.c" -mcpu=cortex-m4 -std=gnu11 -g3 -DDEBUG -DUSE_HAL_DRIVER -DSTM32F303x8 -c -I"E:/Pulpit/PCB/Plytki_chlodzenia_SOFTWARE/Cooling_left/stm_f303k8_ioc/Main_app/Inc/EKO_LIB" -I"E:/Pulpit/PCB/Plytki_chlodzenia_SOFTWARE/Cooling_left/stm_f303k8_ioc/Main_app/Inc/MY_LIB" -I"E:/Pulpit/PCB/Plytki_chlodzenia_SOFTWARE/Cooling_left/stm_f303k8_ioc/Main_app/Src/EKO_LIB" -I"E:/Pulpit/PCB/Plytki_chlodzenia_SOFTWARE/Cooling_left/stm_f303k8_ioc/Main_app/Src/MY_LIB" -I../Core/Inc -I../Drivers/STM32F3xx_HAL_Driver/Inc -I../Drivers/STM32F3xx_HAL_Driver/Inc/Legacy -I../Drivers/CMSIS/Device/ST/STM32F3xx/Include -I../Drivers/CMSIS/Include -I"E:/Pulpit/PCB/Plytki_chlodzenia_SOFTWARE/Cooling_left/stm_f303k8_ioc/Main_app/Inc" -I"E:/Pulpit/PCB/Plytki_chlodzenia_SOFTWARE/Cooling_left/stm_f303k8_ioc/Main_app/Src" -O0 -ffunction-sections -fdata-sections -Wall -fstack-usage -fcyclomatic-complexity -MMD -MP -MF"Main_app/Src/MY_LIB/MY_driver_fan.d" -MT"Main_app/Src/MY_LIB/MY_driver_fan.o" --specs=nano.specs -mfpu=fpv4-sp-d16 -mfloat-abi=hard -mthumb -o "Main_app/Src/MY_LIB/MY_driver_fan.o"
arm-none-eabi-gcc "../Main_app/Src/MY_LIB/MY_driver_i2c.c" -mcpu=cortex-m4 -std=gnu11 -g3 -DDEBUG -DUSE_HAL_DRIVER -DSTM32F303x8 -c -I"E:/Pulpit/PCB/Plytki_chlodzenia_SOFTWARE/Cooling_left/stm_f303k8_ioc/Main_app/Inc/EKO_LIB" -I"E:/Pulpit/PCB/Plytki_chlodzenia_SOFTWARE/Cooling_left/stm_f303k8_ioc/Main_app/Inc/MY_LIB" -I"E:/Pulpit/PCB/Plytki_chlodzenia_SOFTWARE/Cooling_left/stm_f303k8_ioc/Main_app/Src/EKO_LIB" -I"E:/Pulpit/PCB/Plytki_chlodzenia_SOFTWARE/Cooling_left/stm_f303k8_ioc/Main_app/Src/MY_LIB" -I../Core/Inc -I../Drivers/STM32F3xx_HAL_Driver/Inc -I../Drivers/STM32F3xx_HAL_Driver/Inc/Legacy -I../Drivers/CMSIS/Device/ST/STM32F3xx/Include -I../Drivers/CMSIS/Include -I"E:/Pulpit/PCB/Plytki_chlodzenia_SOFTWARE/Cooling_left/stm_f303k8_ioc/Main_app/Inc" -I"E:/Pulpit/PCB/Plytki_chlodzenia_SOFTWARE/Cooling_left/stm_f303k8_ioc/Main_app/Src" -O0 -ffunction-sections -fdata-sections -Wall -fstack-usage -fcyclomatic-complexity -MMD -MP -MF"Main_app/Src/MY_LIB/MY_driver_i2c.d" -MT"Main_app/Src/MY_LIB/MY_driver_i2c.o" --specs=nano.specs -mfpu=fpv4-sp-d16 -mfloat-abi=hard -mthumb -o "Main_app/Src/MY_LIB/MY_driver_i2c.o"
arm-none-eabi-gcc "../Main_app/Src/MY_LIB/MY_driver_serwo.c" -mcpu=cortex-m4 -std=gnu11 -g3 -DDEBUG -DUSE_HAL_DRIVER -DSTM32F303x8 -c -I"E:/Pulpit/PCB/Plytki_chlodzenia_SOFTWARE/Cooling_left/stm_f303k8_ioc/Main_app/Inc/EKO_LIB" -I"E:/Pulpit/PCB/Plytki_chlodzenia_SOFTWARE/Cooling_left/stm_f303k8_ioc/Main_app/Inc/MY_LIB" -I"E:/Pulpit/PCB/Plytki_chlodzenia_SOFTWARE/Cooling_left/stm_f303k8_ioc/Main_app/Src/EKO_LIB" -I"E:/Pulpit/PCB/Plytki_chlodzenia_SOFTWARE/Cooling_left/stm_f303k8_ioc/Main_app/Src/MY_LIB" -I../Core/Inc -I../Drivers/STM32F3xx_HAL_Driver/Inc -I../Drivers/STM32F3xx_HAL_Driver/Inc/Legacy -I../Drivers/CMSIS/Device/ST/STM32F3xx/Include -I../Drivers/CMSIS/Include -I"E:/Pulpit/PCB/Plytki_chlodzenia_SOFTWARE/Cooling_left/stm_f303k8_ioc/Main_app/Inc" -I"E:/Pulpit/PCB/Plytki_chlodzenia_SOFTWARE/Cooling_left/stm_f303k8_ioc/Main_app/Src" -O0 -ffunction-sections -fdata-sections -Wall -fstack-usage -fcyclomatic-complexity -MMD -MP -MF"Main_app/Src/MY_LIB/MY_driver_serwo.d" -MT"Main_app/Src/MY_LIB/MY_driver_serwo.o" --specs=nano.specs -mfpu=fpv4-sp-d16 -mfloat-abi=hard -mthumb -o "Main_app/Src/MY_LIB/MY_driver_serwo.o"
arm-none-eabi-gcc "../Main_app/Src/EKO_LIB/can_driver.c" -mcpu=cortex-m4 -std=gnu11 -g3 -DDEBUG -DUSE_HAL_DRIVER -DSTM32F303x8 -c -I"E:/Pulpit/PCB/Plytki_chlodzenia_SOFTWARE/Cooling_left/stm_f303k8_ioc/Main_app/Inc/EKO_LIB" -I"E:/Pulpit/PCB/Plytki_chlodzenia_SOFTWARE/Cooling_left/stm_f303k8_ioc/Main_app/Inc/MY_LIB" -I"E:/Pulpit/PCB/Plytki_chlodzenia_SOFTWARE/Cooling_left/stm_f303k8_ioc/Main_app/Src/EKO_LIB" -I"E:/Pulpit/PCB/Plytki_chlodzenia_SOFTWARE/Cooling_left/stm_f303k8_ioc/Main_app/Src/MY_LIB" -I../Core/Inc -I../Drivers/STM32F3xx_HAL_Driver/Inc -I../Drivers/STM32F3xx_HAL_Driver/Inc/Legacy -I../Drivers/CMSIS/Device/ST/STM32F3xx/Include -I../Drivers/CMSIS/Include -I"E:/Pulpit/PCB/Plytki_chlodzenia_SOFTWARE/Cooling_left/stm_f303k8_ioc/Main_app/Inc" -I"E:/Pulpit/PCB/Plytki_chlodzenia_SOFTWARE/Cooling_left/stm_f303k8_ioc/Main_app/Src" -O0 -ffunction-sections -fdata-sections -Wall -fstack-usage -fcyclomatic-complexity -MMD -MP -MF"Main_app/Src/EKO_LIB/can_driver.d" -MT"Main_app/Src/EKO_LIB/can_driver.o" --specs=nano.specs -mfpu=fpv4-sp-d16 -mfloat-abi=hard -mthumb -o "Main_app/Src/EKO_LIB/can_driver.o"
arm-none-eabi-gcc "../Main_app/Src/cooler_left_app.c" -mcpu=cortex-m4 -std=gnu11 -g3 -DDEBUG -DUSE_HAL_DRIVER -DSTM32F303x8 -c -I"E:/Pulpit/PCB/Plytki_chlodzenia_SOFTWARE/Cooling_left/stm_f303k8_ioc/Main_app/Inc/EKO_LIB" -I"E:/Pulpit/PCB/Plytki_chlodzenia_SOFTWARE/Cooling_left/stm_f303k8_ioc/Main_app/Inc/MY_LIB" -I"E:/Pulpit/PCB/Plytki_chlodzenia_SOFTWARE/Cooling_left/stm_f303k8_ioc/Main_app/Src/EKO_LIB" -I"E:/Pulpit/PCB/Plytki_chlodzenia_SOFTWARE/Cooling_left/stm_f303k8_ioc/Main_app/Src/MY_LIB" -I../Core/Inc -I../Drivers/STM32F3xx_HAL_Driver/Inc -I../Drivers/STM32F3xx_HAL_Driver/Inc/Legacy -I../Drivers/CMSIS/Device/ST/STM32F3xx/Include -I../Drivers/CMSIS/Include -I"E:/Pulpit/PCB/Plytki_chlodzenia_SOFTWARE/Cooling_left/stm_f303k8_ioc/Main_app/Inc" -I"E:/Pulpit/PCB/Plytki_chlodzenia_SOFTWARE/Cooling_left/stm_f303k8_ioc/Main_app/Src" -O0 -ffunction-sections -fdata-sections -Wall -fstack-usage -fcyclomatic-complexity -MMD -MP -MF"Main_app/Src/cooler_left_app.d" -MT"Main_app/Src/cooler_left_app.o" --specs=nano.specs -mfpu=fpv4-sp-d16 -mfloat-abi=hard -mthumb -o "Main_app/Src/cooler_left_app.o"
arm-none-eabi-gcc "../Main_app/Src/cooler_test.c" -mcpu=cortex-m4 -std=gnu11 -g3 -DDEBUG -DUSE_HAL_DRIVER -DSTM32F303x8 -c -I"E:/Pulpit/PCB/Plytki_chlodzenia_SOFTWARE/Cooling_left/stm_f303k8_ioc/Main_app/Inc/EKO_LIB" -I"E:/Pulpit/PCB/Plytki_chlodzenia_SOFTWARE/Cooling_left/stm_f303k8_ioc/Main_app/Inc/MY_LIB" -I"E:/Pulpit/PCB/Plytki_chlodzenia_SOFTWARE/Cooling_left/stm_f303k8_ioc/Main_app/Src/EKO_LIB" -I"E:/Pulpit/PCB/Plytki_chlodzenia_SOFTWARE/Cooling_left/stm_f303k8_ioc/Main_app/Src/MY_LIB" -I../Core/Inc -I../Drivers/STM32F3xx_HAL_Driver/Inc -I../Drivers/STM32F3xx_HAL_Driver/Inc/Legacy -I../Drivers/CMSIS/Device/ST/STM32F3xx/Include -I../Drivers/CMSIS/Include -I"E:/Pulpit/PCB/Plytki_chlodzenia_SOFTWARE/Cooling_left/stm_f303k8_ioc/Main_app/Inc" -I"E:/Pulpit/PCB/Plytki_chlodzenia_SOFTWARE/Cooling_left/stm_f303k8_ioc/Main_app/Src" -O0 -ffunction-sections -fdata-sections -Wall -fstack-usage -fcyclomatic-complexity -MMD -MP -MF"Main_app/Src/cooler_test.d" -MT"Main_app/Src/cooler_test.o" --specs=nano.specs -mfpu=fpv4-sp-d16 -mfloat-abi=hard -mthumb -o "Main_app/Src/cooler_test.o"
arm-none-eabi-gcc "../Core/Src/main.c" -mcpu=cortex-m4 -std=gnu11 -g3 -DDEBUG -DUSE_HAL_DRIVER -DSTM32F303x8 -c -I"E:/Pulpit/PCB/Plytki_chlodzenia_SOFTWARE/Cooling_left/stm_f303k8_ioc/Main_app/Inc/EKO_LIB" -I"E:/Pulpit/PCB/Plytki_chlodzenia_SOFTWARE/Cooling_left/stm_f303k8_ioc/Main_app/Inc" -I"E:/Pulpit/PCB/Plytki_chlodzenia_SOFTWARE/Cooling_left/stm_f303k8_ioc/Main_app/Src" -I"E:/Pulpit/PCB/Plytki_chlodzenia_SOFTWARE/Cooling_left/stm_f303k8_ioc/Main_app/Inc/MY_LIB" -I"E:/Pulpit/PCB/Plytki_chlodzenia_SOFTWARE/Cooling_left/stm_f303k8_ioc/Main_app/Src/EKO_LIB" -I"E:/Pulpit/PCB/Plytki_chlodzenia_SOFTWARE/Cooling_left/stm_f303k8_ioc/Main_app/Src/MY_LIB" -I../Core/Inc -I../Drivers/STM32F3xx_HAL_Driver/Inc -I../Drivers/STM32F3xx_HAL_Driver/Inc/Legacy -I../Drivers/CMSIS/Device/ST/STM32F3xx/Include -I../Drivers/CMSIS/Include -O0 -ffunction-sections -fdata-sections -Wall -fstack-usage -fcyclomatic-complexity -MMD -MP -MF"Core/Src/main.d" -MT"Core/Src/main.o" --specs=nano.specs -mfpu=fpv4-sp-d16 -mfloat-abi=hard -mthumb -o "Core/Src/main.o"
../Main_app/Src/MY_LIB/MY_driver_i2c.c: In function 'AM2320_StateMachine':
../Main_app/Src/MY_LIB/MY_driver_i2c.c:153:5: warning: enumeration value 'AM2320_IDLE' not handled in switch [-Wswitch]
  153 |     switch (am2320State)
      |     ^~~~~~
../Main_app/Src/cooler_left_app.c: In function 'COOLER_app':
../Main_app/Src/cooler_left_app.c:117:27: warning: enumeration value 'CAN_FRAME_BMS_TEMP_1' not handled in switch [-Wswitch]
  117 |                           switch(msg.name)
      |                           ^~~~~~
../Main_app/Src/cooler_left_app.c:117:27: warning: enumeration value 'CAN_FRAME_BMS_TEMP_2' not handled in switch [-Wswitch]
../Main_app/Src/cooler_left_app.c:117:27: warning: enumeration value 'CAN_FRAME_BMS_TEMP_3' not handled in switch [-Wswitch]
../Main_app/Src/cooler_left_app.c:117:27: warning: enumeration value 'CAN_FRAME_BMS_TEMP_4' not handled in switch [-Wswitch]
../Main_app/Src/cooler_left_app.c:117:27: warning: enumeration value 'CAN_FRAME_BMS_TEMP_5' not handled in switch [-Wswitch]
../Main_app/Src/cooler_left_app.c:117:27: warning: enumeration value 'CAN_FRAME_BMS_TEMP_6' not handled in switch [-Wswitch]
../Main_app/Src/cooler_left_app.c:117:27: warning: enumeration value 'CAN_FRAME_BMS_TEMP_7' not handled in switch [-Wswitch]
../Main_app/Src/cooler_left_app.c:117:27: warning: enumeration value 'CAN_FRAME_BMS_TEMP_8' not handled in switch [-Wswitch]
../Main_app/Src/cooler_left_app.c:117:27: warning: enumeration value 'CAN_FRAME_BMS_TEMP_9' not handled in switch [-Wswitch]
../Main_app/Src/cooler_left_app.c:117:27: warning: enumeration value 'CAN_FRAME_SET_SERVOS_ENGINE' not handled in switch [-Wswitch]
../Main_app/Src/cooler_left_app.c:117:27: warning: enumeration value 'CAN_FRAME_SAFE_STATE' not handled in switch [-Wswitch]
../Main_app/Src/cooler_left_app.c:117:27: warning: enumeration value 'CAN_FRAME_BATTERY_SET_FAN' not handled in switch [-Wswitch]
../Main_app/Src/cooler_left_app.c:117:27: warning: enumeration value 'CAN_FRAME_UNKNOWN' not handled in switch [-Wswitch]
arm-none-eabi-gcc -o "stm_f303k8_ioc.elf" @"objects.list"   -mcpu=cortex-m4 -T"E:\Pulpit\PCB\Plytki_chlodzenia_SOFTWARE\Cooling_left\stm_f303k8_ioc\STM32F303K8TX_FLASH.ld" --specs=nosys.specs -Wl,-Map="stm_f303k8_ioc.map" -Wl,--gc-sections -static --specs=nano.specs -mfpu=fpv4-sp-d16 -mfloat-abi=hard -mthumb -Wl,--start-group -lc -lm -Wl,--end-group
Finished building target: stm_f303k8_ioc.elf
 
arm-none-eabi-size  stm_f303k8_ioc.elf 
arm-none-eabi-objdump -h -S stm_f303k8_ioc.elf  > "stm_f303k8_ioc.list"
   text	   data	    bss	    dec	    hex	filename
  34852	     12	   5064	  39928	   9bf8	stm_f303k8_ioc.elf
Finished building: default.size.stdout
 
Finished building: stm_f303k8_ioc.list
 
18:24:40 **** Incremental Build of configuration Debug for project stm_f303k8_ioc ****
make -j16 all 
arm-none-eabi-gcc "../Main_app/Src/MY_LIB/MY_driver_fan.c" -mcpu=cortex-m4 -std=gnu11 -g3 -DDEBUG -DUSE_HAL_DRIVER -DSTM32F303x8 -c -I"E:/Pulpit/PCB/Plytki_chlodzenia_SOFTWARE/Cooling_left/stm_f303k8_ioc/Main_app/Inc/EKO_LIB" -I"E:/Pulpit/PCB/Plytki_chlodzenia_SOFTWARE/Cooling_left/stm_f303k8_ioc/Main_app/Inc/MY_LIB" -I"E:/Pulpit/PCB/Plytki_chlodzenia_SOFTWARE/Cooling_left/stm_f303k8_ioc/Main_app/Src/EKO_LIB" -I"E:/Pulpit/PCB/Plytki_chlodzenia_SOFTWARE/Cooling_left/stm_f303k8_ioc/Main_app/Src/MY_LIB" -I../Core/Inc -I../Drivers/STM32F3xx_HAL_Driver/Inc -I../Drivers/STM32F3xx_HAL_Driver/Inc/Legacy -I../Drivers/CMSIS/Device/ST/STM32F3xx/Include -I../Drivers/CMSIS/Include -I"E:/Pulpit/PCB/Plytki_chlodzenia_SOFTWARE/Cooling_left/stm_f303k8_ioc/Main_app/Inc" -I"E:/Pulpit/PCB/Plytki_chlodzenia_SOFTWARE/Cooling_left/stm_f303k8_ioc/Main_app/Src" -O0 -ffunction-sections -fdata-sections -Wall -fstack-usage -fcyclomatic-complexity -MMD -MP -MF"Main_app/Src/MY_LIB/MY_driver_fan.d" -MT"Main_app/Src/MY_LIB/MY_driver_fan.o" --specs=nano.specs -mfpu=fpv4-sp-d16 -mfloat-abi=hard -mthumb -o "Main_app/Src/MY_LIB/MY_driver_fan.o"
arm-none-eabi-gcc "../Main_app/Src/MY_LIB/MY_driver_i2c.c" -mcpu=cortex-m4 -std=gnu11 -g3 -DDEBUG -DUSE_HAL_DRIVER -DSTM32F303x8 -c -I"E:/Pulpit/PCB/Plytki_chlodzenia_SOFTWARE/Cooling_left/stm_f303k8_ioc/Main_app/Inc/EKO_LIB" -I"E:/Pulpit/PCB/Plytki_chlodzenia_SOFTWARE/Cooling_left/stm_f303k8_ioc/Main_app/Inc/MY_LIB" -I"E:/Pulpit/PCB/Plytki_chlodzenia_SOFTWARE/Cooling_left/stm_f303k8_ioc/Main_app/Src/EKO_LIB" -I"E:/Pulpit/PCB/Plytki_chlodzenia_SOFTWARE/Cooling_left/stm_f303k8_ioc/Main_app/Src/MY_LIB" -I../Core/Inc -I../Drivers/STM32F3xx_HAL_Driver/Inc -I../Drivers/STM32F3xx_HAL_Driver/Inc/Legacy -I../Drivers/CMSIS/Device/ST/STM32F3xx/Include -I../Drivers/CMSIS/Include -I"E:/Pulpit/PCB/Plytki_chlodzenia_SOFTWARE/Cooling_left/stm_f303k8_ioc/Main_app/Inc" -I"E:/Pulpit/PCB/Plytki_chlodzenia_SOFTWARE/Cooling_left/stm_f303k8_ioc/Main_app/Src" -O0 -ffunction-sections -fdata-sections -Wall -fstack-usage -fcyclomatic-complexity -MMD -MP -MF"Main_app/Src/MY_LIB/MY_driver_i2c.d" -MT"Main_app/Src/MY_LIB/MY_driver_i2c.o" --specs=nano.specs -mfpu=fpv4-sp-d16 -mfloat-abi=hard -mthumb -o "Main_app/Src/MY_LIB/MY_driver_i2c.o"
arm-none-eabi-gcc "../Main_app/Src/MY_LIB/MY_driver_serwo.c" -mcpu=cortex-m4 -std=gnu11 -g3 -DDEBUG -DUSE_HAL_DRIVER -DSTM32F303x8 -c -I"E:/Pulpit/PCB/Plytki_chlodzenia_SOFTWARE/Cooling_left/stm_f303k8_ioc/Main_app/Inc/EKO_LIB" -I"E:/Pulpit/PCB/Plytki_chlodzenia_SOFTWARE/Cooling_left/stm_f303k8_ioc/Main_app/Inc/MY_LIB" -I"E:/Pulpit/PCB/Plytki_chlodzenia_SOFTWARE/Cooling_left/stm_f303k8_ioc/Main_app/Src/EKO_LIB" -I"E:/Pulpit/PCB/Plytki_chlodzenia_SOFTWARE/Cooling_left/stm_f303k8_ioc/Main_app/Src/MY_LIB" -I../Core/Inc -I../Drivers/STM32F3xx_HAL_Driver/Inc -I../Drivers/STM32F3xx_HAL_Driver/Inc/Legacy -I../Drivers/CMSIS/Device/ST/STM32F3xx/Include -I../Drivers/CMSIS/Include -I"E:/Pulpit/PCB/Plytki_chlodzenia_SOFTWARE/Cooling_left/stm_f303k8_ioc/Main_app/Inc" -I"E:/Pulpit/PCB/Plytki_chlodzenia_SOFTWARE/Cooling_left/stm_f303k8_ioc/Main_app/Src" -O0 -ffunction-sections -fdata-sections -Wall -fstack-usage -fcyclomatic-complexity -MMD -MP -MF"Main_app/Src/MY_LIB/MY_driver_serwo.d" -MT"Main_app/Src/MY_LIB/MY_driver_serwo.o" --specs=nano.specs -mfpu=fpv4-sp-d16 -mfloat-abi=hard -mthumb -o "Main_app/Src/MY_LIB/MY_driver_serwo.o"
arm-none-eabi-gcc "../Main_app/Src/EKO_LIB/can_driver.c" -mcpu=cortex-m4 -std=gnu11 -g3 -DDEBUG -DUSE_HAL_DRIVER -DSTM32F303x8 -c -I"E:/Pulpit/PCB/Plytki_chlodzenia_SOFTWARE/Cooling_left/stm_f303k8_ioc/Main_app/Inc/EKO_LIB" -I"E:/Pulpit/PCB/Plytki_chlodzenia_SOFTWARE/Cooling_left/stm_f303k8_ioc/Main_app/Inc/MY_LIB" -I"E:/Pulpit/PCB/Plytki_chlodzenia_SOFTWARE/Cooling_left/stm_f303k8_ioc/Main_app/Src/EKO_LIB" -I"E:/Pulpit/PCB/Plytki_chlodzenia_SOFTWARE/Cooling_left/stm_f303k8_ioc/Main_app/Src/MY_LIB" -I../Core/Inc -I../Drivers/STM32F3xx_HAL_Driver/Inc -I../Drivers/STM32F3xx_HAL_Driver/Inc/Legacy -I../Drivers/CMSIS/Device/ST/STM32F3xx/Include -I../Drivers/CMSIS/Include -I"E:/Pulpit/PCB/Plytki_chlodzenia_SOFTWARE/Cooling_left/stm_f303k8_ioc/Main_app/Inc" -I"E:/Pulpit/PCB/Plytki_chlodzenia_SOFTWARE/Cooling_left/stm_f303k8_ioc/Main_app/Src" -O0 -ffunction-sections -fdata-sections -Wall -fstack-usage -fcyclomatic-complexity -MMD -MP -MF"Main_app/Src/EKO_LIB/can_driver.d" -MT"Main_app/Src/EKO_LIB/can_driver.o" --specs=nano.specs -mfpu=fpv4-sp-d16 -mfloat-abi=hard -mthumb -o "Main_app/Src/EKO_LIB/can_driver.o"
arm-none-eabi-gcc "../Main_app/Src/cooler_left_app.c" -mcpu=cortex-m4 -std=gnu11 -g3 -DDEBUG -DUSE_HAL_DRIVER -DSTM32F303x8 -c -I"E:/Pulpit/PCB/Plytki_chlodzenia_SOFTWARE/Cooling_left/stm_f303k8_ioc/Main_app/Inc/EKO_LIB" -I"E:/Pulpit/PCB/Plytki_chlodzenia_SOFTWARE/Cooling_left/stm_f303k8_ioc/Main_app/Inc/MY_LIB" -I"E:/Pulpit/PCB/Plytki_chlodzenia_SOFTWARE/Cooling_left/stm_f303k8_ioc/Main_app/Src/EKO_LIB" -I"E:/Pulpit/PCB/Plytki_chlodzenia_SOFTWARE/Cooling_left/stm_f303k8_ioc/Main_app/Src/MY_LIB" -I../Core/Inc -I../Drivers/STM32F3xx_HAL_Driver/Inc -I../Drivers/STM32F3xx_HAL_Driver/Inc/Legacy -I../Drivers/CMSIS/Device/ST/STM32F3xx/Include -I../Drivers/CMSIS/Include -I"E:/Pulpit/PCB/Plytki_chlodzenia_SOFTWARE/Cooling_left/stm_f303k8_ioc/Main_app/Inc" -I"E:/Pulpit/PCB/Plytki_chlodzenia_SOFTWARE/Cooling_left/stm_f303k8_ioc/Main_app/Src" -O0 -ffunction-sections -fdata-sections -Wall -fstack-usage -fcyclomatic-complexity -MMD -MP -MF"Main_app/Src/cooler_left_app.d" -MT"Main_app/Src/cooler_left_app.o" --specs=nano.specs -mfpu=fpv4-sp-d16 -mfloat-abi=hard -mthumb -o "Main_app/Src/cooler_left_app.o"
arm-none-eabi-gcc "../Main_app/Src/cooler_test.c" -mcpu=cortex-m4 -std=gnu11 -g3 -DDEBUG -DUSE_HAL_DRIVER -DSTM32F303x8 -c -I"E:/Pulpit/PCB/Plytki_chlodzenia_SOFTWARE/Cooling_left/stm_f303k8_ioc/Main_app/Inc/EKO_LIB" -I"E:/Pulpit/PCB/Plytki_chlodzenia_SOFTWARE/Cooling_left/stm_f303k8_ioc/Main_app/Inc/MY_LIB" -I"E:/Pulpit/PCB/Plytki_chlodzenia_SOFTWARE/Cooling_left/stm_f303k8_ioc/Main_app/Src/EKO_LIB" -I"E:/Pulpit/PCB/Plytki_chlodzenia_SOFTWARE/Cooling_left/stm_f303k8_ioc/Main_app/Src/MY_LIB" -I../Core/Inc -I../Drivers/STM32F3xx_HAL_Driver/Inc -I../Drivers/STM32F3xx_HAL_Driver/Inc/Legacy -I../Drivers/CMSIS/Device/ST/STM32F3xx/Include -I../Drivers/CMSIS/Include -I"E:/Pulpit/PCB/Plytki_chlodzenia_SOFTWARE/Cooling_left/stm_f303k8_ioc/Main_app/Inc" -I"E:/Pulpit/PCB/Plytki_chlodzenia_SOFTWARE/Cooling_left/stm_f303k8_ioc/Main_app/Src" -O0 -ffunction-sections -fdata-sections -Wall -fstack-usage -fcyclomatic-complexity -MMD -MP -MF"Main_app/Src/cooler_test.d" -MT"Main_app/Src/cooler_test.o" --specs=nano.specs -mfpu=fpv4-sp-d16 -mfloat-abi=hard -mthumb -o "Main_app/Src/cooler_test.o"
arm-none-eabi-gcc "../Core/Src/main.c" -mcpu=cortex-m4 -std=gnu11 -g3 -DDEBUG -DUSE_HAL_DRIVER -DSTM32F303x8 -c -I"E:/Pulpit/PCB/Plytki_chlodzenia_SOFTWARE/Cooling_left/stm_f303k8_ioc/Main_app/Inc/EKO_LIB" -I"E:/Pulpit/PCB/Plytki_chlodzenia_SOFTWARE/Cooling_left/stm_f303k8_ioc/Main_app/Inc" -I"E:/Pulpit/PCB/Plytki_chlodzenia_SOFTWARE/Cooling_left/stm_f303k8_ioc/Main_app/Src" -I"E:/Pulpit/PCB/Plytki_chlodzenia_SOFTWARE/Cooling_left/stm_f303k8_ioc/Main_app/Inc/MY_LIB" -I"E:/Pulpit/PCB/Plytki_chlodzenia_SOFTWARE/Cooling_left/stm_f303k8_ioc/Main_app/Src/EKO_LIB" -I"E:/Pulpit/PCB/Plytki_chlodzenia_SOFTWARE/Cooling_left/stm_f303k8_ioc/Main_app/Src/MY_LIB" -I../Core/Inc -I../Drivers/STM32F3xx_HAL_Driver/Inc -I../Drivers/STM32F3xx_HAL_Driver/Inc/Legacy -I../Drivers/CMSIS/Device/ST/STM32F3xx/Include -I../Drivers/CMSIS/Include -O0 -ffunction-sections -fdata-sections -Wall -fstack-usage -fcyclomatic-complexity -MMD -MP -MF"Core/Src/main.d" -MT"Core/Src/main.o" --specs=nano.specs -mfpu=fpv4-sp-d16 -mfloat-abi=hard -mthumb -o "Core/Src/main.o"
../Main_app/Src/MY_LIB/MY_driver_i2c.c: In function 'AM2320_StateMachine':
../Main_app/Src/MY_LIB/MY_driver_i2c.c:153:5: warning: enumeration value 'AM2320_IDLE' not handled in switch [-Wswitch]
  153 |     switch (am2320State)
      |     ^~~~~~
../Main_app/Src/cooler_left_app.c: In function 'COOLER_app':
../Main_app/Src/cooler_left_app.c:117:27: warning: enumeration value 'CAN_FRAME_BMS_TEMP_1' not handled in switch [-Wswitch]
  117 |                           switch(msg.name)
      |                           ^~~~~~
../Main_app/Src/cooler_left_app.c:117:27: warning: enumeration value 'CAN_FRAME_BMS_TEMP_2' not handled in switch [-Wswitch]
../Main_app/Src/cooler_left_app.c:117:27: warning: enumeration value 'CAN_FRAME_BMS_TEMP_3' not handled in switch [-Wswitch]
../Main_app/Src/cooler_left_app.c:117:27: warning: enumeration value 'CAN_FRAME_BMS_TEMP_4' not handled in switch [-Wswitch]
../Main_app/Src/cooler_left_app.c:117:27: warning: enumeration value 'CAN_FRAME_BMS_TEMP_5' not handled in switch [-Wswitch]
../Main_app/Src/cooler_left_app.c:117:27: warning: enumeration value 'CAN_FRAME_BMS_TEMP_6' not handled in switch [-Wswitch]
../Main_app/Src/cooler_left_app.c:117:27: warning: enumeration value 'CAN_FRAME_BMS_TEMP_7' not handled in switch [-Wswitch]
../Main_app/Src/cooler_left_app.c:117:27: warning: enumeration value 'CAN_FRAME_BMS_TEMP_8' not handled in switch [-Wswitch]
../Main_app/Src/cooler_left_app.c:117:27: warning: enumeration value 'CAN_FRAME_BMS_TEMP_9' not handled in switch [-Wswitch]
../Main_app/Src/cooler_left_app.c:117:27: warning: enumeration value 'CAN_FRAME_SET_SERVOS_ENGINE' not handled in switch [-Wswitch]
../Main_app/Src/cooler_left_app.c:117:27: warning: enumeration value 'CAN_FRAME_SAFE_STATE' not handled in switch [-Wswitch]
../Main_app/Src/cooler_left_app.c:117:27: warning: enumeration value 'CAN_FRAME_BATTERY_SET_FAN' not handled in switch [-Wswitch]
../Main_app/Src/cooler_left_app.c:117:27: warning: enumeration value 'CAN_FRAME_UNKNOWN' not handled in switch [-Wswitch]
arm-none-eabi-gcc -o "stm_f303k8_ioc.elf" @"objects.list"   -mcpu=cortex-m4 -T"E:\Pulpit\PCB\Plytki_chlodzenia_SOFTWARE\Cooling_left\stm_f303k8_ioc\STM32F303K8TX_FLASH.ld" --specs=nosys.specs -Wl,-Map="stm_f303k8_ioc.map" -Wl,--gc-sections -static --specs=nano.specs -mfpu=fpv4-sp-d16 -mfloat-abi=hard -mthumb -Wl,--start-group -lc -lm -Wl,--end-group
Finished building target: stm_f303k8_ioc.elf
 
arm-none-eabi-size  stm_f303k8_ioc.elf 
arm-none-eabi-objdump -h -S stm_f303k8_ioc.elf  > "stm_f303k8_ioc.list"
   text	   data	    bss	    dec	    hex	filename
  34840	     12	   5064	  39916	   9bec	stm_f303k8_ioc.elf
Finished building: default.size.stdout
 
Finished building: stm_f303k8_ioc.list
 
18:24:54 **** Incremental Build of configuration Debug for project stm_f303k8_ioc ****
make -j16 all 
arm-none-eabi-gcc "../Main_app/Src/MY_LIB/MY_driver_fan.c" -mcpu=cortex-m4 -std=gnu11 -g3 -DDEBUG -DUSE_HAL_DRIVER -DSTM32F303x8 -c -I"E:/Pulpit/PCB/Plytki_chlodzenia_SOFTWARE/Cooling_left/stm_f303k8_ioc/Main_app/Inc/EKO_LIB" -I"E:/Pulpit/PCB/Plytki_chlodzenia_SOFTWARE/Cooling_left/stm_f303k8_ioc/Main_app/Inc/MY_LIB" -I"E:/Pulpit/PCB/Plytki_chlodzenia_SOFTWARE/Cooling_left/stm_f303k8_ioc/Main_app/Src/EKO_LIB" -I"E:/Pulpit/PCB/Plytki_chlodzenia_SOFTWARE/Cooling_left/stm_f303k8_ioc/Main_app/Src/MY_LIB" -I../Core/Inc -I../Drivers/STM32F3xx_HAL_Driver/Inc -I../Drivers/STM32F3xx_HAL_Driver/Inc/Legacy -I../Drivers/CMSIS/Device/ST/STM32F3xx/Include -I../Drivers/CMSIS/Include -I"E:/Pulpit/PCB/Plytki_chlodzenia_SOFTWARE/Cooling_left/stm_f303k8_ioc/Main_app/Inc" -I"E:/Pulpit/PCB/Plytki_chlodzenia_SOFTWARE/Cooling_left/stm_f303k8_ioc/Main_app/Src" -O0 -ffunction-sections -fdata-sections -Wall -fstack-usage -fcyclomatic-complexity -MMD -MP -MF"Main_app/Src/MY_LIB/MY_driver_fan.d" -MT"Main_app/Src/MY_LIB/MY_driver_fan.o" --specs=nano.specs -mfpu=fpv4-sp-d16 -mfloat-abi=hard -mthumb -o "Main_app/Src/MY_LIB/MY_driver_fan.o"
arm-none-eabi-gcc "../Main_app/Src/MY_LIB/MY_driver_i2c.c" -mcpu=cortex-m4 -std=gnu11 -g3 -DDEBUG -DUSE_HAL_DRIVER -DSTM32F303x8 -c -I"E:/Pulpit/PCB/Plytki_chlodzenia_SOFTWARE/Cooling_left/stm_f303k8_ioc/Main_app/Inc/EKO_LIB" -I"E:/Pulpit/PCB/Plytki_chlodzenia_SOFTWARE/Cooling_left/stm_f303k8_ioc/Main_app/Inc/MY_LIB" -I"E:/Pulpit/PCB/Plytki_chlodzenia_SOFTWARE/Cooling_left/stm_f303k8_ioc/Main_app/Src/EKO_LIB" -I"E:/Pulpit/PCB/Plytki_chlodzenia_SOFTWARE/Cooling_left/stm_f303k8_ioc/Main_app/Src/MY_LIB" -I../Core/Inc -I../Drivers/STM32F3xx_HAL_Driver/Inc -I../Drivers/STM32F3xx_HAL_Driver/Inc/Legacy -I../Drivers/CMSIS/Device/ST/STM32F3xx/Include -I../Drivers/CMSIS/Include -I"E:/Pulpit/PCB/Plytki_chlodzenia_SOFTWARE/Cooling_left/stm_f303k8_ioc/Main_app/Inc" -I"E:/Pulpit/PCB/Plytki_chlodzenia_SOFTWARE/Cooling_left/stm_f303k8_ioc/Main_app/Src" -O0 -ffunction-sections -fdata-sections -Wall -fstack-usage -fcyclomatic-complexity -MMD -MP -MF"Main_app/Src/MY_LIB/MY_driver_i2c.d" -MT"Main_app/Src/MY_LIB/MY_driver_i2c.o" --specs=nano.specs -mfpu=fpv4-sp-d16 -mfloat-abi=hard -mthumb -o "Main_app/Src/MY_LIB/MY_driver_i2c.o"
arm-none-eabi-gcc "../Main_app/Src/MY_LIB/MY_driver_serwo.c" -mcpu=cortex-m4 -std=gnu11 -g3 -DDEBUG -DUSE_HAL_DRIVER -DSTM32F303x8 -c -I"E:/Pulpit/PCB/Plytki_chlodzenia_SOFTWARE/Cooling_left/stm_f303k8_ioc/Main_app/Inc/EKO_LIB" -I"E:/Pulpit/PCB/Plytki_chlodzenia_SOFTWARE/Cooling_left/stm_f303k8_ioc/Main_app/Inc/MY_LIB" -I"E:/Pulpit/PCB/Plytki_chlodzenia_SOFTWARE/Cooling_left/stm_f303k8_ioc/Main_app/Src/EKO_LIB" -I"E:/Pulpit/PCB/Plytki_chlodzenia_SOFTWARE/Cooling_left/stm_f303k8_ioc/Main_app/Src/MY_LIB" -I../Core/Inc -I../Drivers/STM32F3xx_HAL_Driver/Inc -I../Drivers/STM32F3xx_HAL_Driver/Inc/Legacy -I../Drivers/CMSIS/Device/ST/STM32F3xx/Include -I../Drivers/CMSIS/Include -I"E:/Pulpit/PCB/Plytki_chlodzenia_SOFTWARE/Cooling_left/stm_f303k8_ioc/Main_app/Inc" -I"E:/Pulpit/PCB/Plytki_chlodzenia_SOFTWARE/Cooling_left/stm_f303k8_ioc/Main_app/Src" -O0 -ffunction-sections -fdata-sections -Wall -fstack-usage -fcyclomatic-complexity -MMD -MP -MF"Main_app/Src/MY_LIB/MY_driver_serwo.d" -MT"Main_app/Src/MY_LIB/MY_driver_serwo.o" --specs=nano.specs -mfpu=fpv4-sp-d16 -mfloat-abi=hard -mthumb -o "Main_app/Src/MY_LIB/MY_driver_serwo.o"
arm-none-eabi-gcc "../Main_app/Src/EKO_LIB/can_driver.c" -mcpu=cortex-m4 -std=gnu11 -g3 -DDEBUG -DUSE_HAL_DRIVER -DSTM32F303x8 -c -I"E:/Pulpit/PCB/Plytki_chlodzenia_SOFTWARE/Cooling_left/stm_f303k8_ioc/Main_app/Inc/EKO_LIB" -I"E:/Pulpit/PCB/Plytki_chlodzenia_SOFTWARE/Cooling_left/stm_f303k8_ioc/Main_app/Inc/MY_LIB" -I"E:/Pulpit/PCB/Plytki_chlodzenia_SOFTWARE/Cooling_left/stm_f303k8_ioc/Main_app/Src/EKO_LIB" -I"E:/Pulpit/PCB/Plytki_chlodzenia_SOFTWARE/Cooling_left/stm_f303k8_ioc/Main_app/Src/MY_LIB" -I../Core/Inc -I../Drivers/STM32F3xx_HAL_Driver/Inc -I../Drivers/STM32F3xx_HAL_Driver/Inc/Legacy -I../Drivers/CMSIS/Device/ST/STM32F3xx/Include -I../Drivers/CMSIS/Include -I"E:/Pulpit/PCB/Plytki_chlodzenia_SOFTWARE/Cooling_left/stm_f303k8_ioc/Main_app/Inc" -I"E:/Pulpit/PCB/Plytki_chlodzenia_SOFTWARE/Cooling_left/stm_f303k8_ioc/Main_app/Src" -O0 -ffunction-sections -fdata-sections -Wall -fstack-usage -fcyclomatic-complexity -MMD -MP -MF"Main_app/Src/EKO_LIB/can_driver.d" -MT"Main_app/Src/EKO_LIB/can_driver.o" --specs=nano.specs -mfpu=fpv4-sp-d16 -mfloat-abi=hard -mthumb -o "Main_app/Src/EKO_LIB/can_driver.o"
arm-none-eabi-gcc "../Main_app/Src/cooler_left_app.c" -mcpu=cortex-m4 -std=gnu11 -g3 -DDEBUG -DUSE_HAL_DRIVER -DSTM32F303x8 -c -I"E:/Pulpit/PCB/Plytki_chlodzenia_SOFTWARE/Cooling_left/stm_f303k8_ioc/Main_app/Inc/EKO_LIB" -I"E:/Pulpit/PCB/Plytki_chlodzenia_SOFTWARE/Cooling_left/stm_f303k8_ioc/Main_app/Inc/MY_LIB" -I"E:/Pulpit/PCB/Plytki_chlodzenia_SOFTWARE/Cooling_left/stm_f303k8_ioc/Main_app/Src/EKO_LIB" -I"E:/Pulpit/PCB/Plytki_chlodzenia_SOFTWARE/Cooling_left/stm_f303k8_ioc/Main_app/Src/MY_LIB" -I../Core/Inc -I../Drivers/STM32F3xx_HAL_Driver/Inc -I../Drivers/STM32F3xx_HAL_Driver/Inc/Legacy -I../Drivers/CMSIS/Device/ST/STM32F3xx/Include -I../Drivers/CMSIS/Include -I"E:/Pulpit/PCB/Plytki_chlodzenia_SOFTWARE/Cooling_left/stm_f303k8_ioc/Main_app/Inc" -I"E:/Pulpit/PCB/Plytki_chlodzenia_SOFTWARE/Cooling_left/stm_f303k8_ioc/Main_app/Src" -O0 -ffunction-sections -fdata-sections -Wall -fstack-usage -fcyclomatic-complexity -MMD -MP -MF"Main_app/Src/cooler_left_app.d" -MT"Main_app/Src/cooler_left_app.o" --specs=nano.specs -mfpu=fpv4-sp-d16 -mfloat-abi=hard -mthumb -o "Main_app/Src/cooler_left_app.o"
arm-none-eabi-gcc "../Main_app/Src/cooler_test.c" -mcpu=cortex-m4 -std=gnu11 -g3 -DDEBUG -DUSE_HAL_DRIVER -DSTM32F303x8 -c -I"E:/Pulpit/PCB/Plytki_chlodzenia_SOFTWARE/Cooling_left/stm_f303k8_ioc/Main_app/Inc/EKO_LIB" -I"E:/Pulpit/PCB/Plytki_chlodzenia_SOFTWARE/Cooling_left/stm_f303k8_ioc/Main_app/Inc/MY_LIB" -I"E:/Pulpit/PCB/Plytki_chlodzenia_SOFTWARE/Cooling_left/stm_f303k8_ioc/Main_app/Src/EKO_LIB" -I"E:/Pulpit/PCB/Plytki_chlodzenia_SOFTWARE/Cooling_left/stm_f303k8_ioc/Main_app/Src/MY_LIB" -I../Core/Inc -I../Drivers/STM32F3xx_HAL_Driver/Inc -I../Drivers/STM32F3xx_HAL_Driver/Inc/Legacy -I../Drivers/CMSIS/Device/ST/STM32F3xx/Include -I../Drivers/CMSIS/Include -I"E:/Pulpit/PCB/Plytki_chlodzenia_SOFTWARE/Cooling_left/stm_f303k8_ioc/Main_app/Inc" -I"E:/Pulpit/PCB/Plytki_chlodzenia_SOFTWARE/Cooling_left/stm_f303k8_ioc/Main_app/Src" -O0 -ffunction-sections -fdata-sections -Wall -fstack-usage -fcyclomatic-complexity -MMD -MP -MF"Main_app/Src/cooler_test.d" -MT"Main_app/Src/cooler_test.o" --specs=nano.specs -mfpu=fpv4-sp-d16 -mfloat-abi=hard -mthumb -o "Main_app/Src/cooler_test.o"
arm-none-eabi-gcc "../Core/Src/main.c" -mcpu=cortex-m4 -std=gnu11 -g3 -DDEBUG -DUSE_HAL_DRIVER -DSTM32F303x8 -c -I"E:/Pulpit/PCB/Plytki_chlodzenia_SOFTWARE/Cooling_left/stm_f303k8_ioc/Main_app/Inc/EKO_LIB" -I"E:/Pulpit/PCB/Plytki_chlodzenia_SOFTWARE/Cooling_left/stm_f303k8_ioc/Main_app/Inc" -I"E:/Pulpit/PCB/Plytki_chlodzenia_SOFTWARE/Cooling_left/stm_f303k8_ioc/Main_app/Src" -I"E:/Pulpit/PCB/Plytki_chlodzenia_SOFTWARE/Cooling_left/stm_f303k8_ioc/Main_app/Inc/MY_LIB" -I"E:/Pulpit/PCB/Plytki_chlodzenia_SOFTWARE/Cooling_left/stm_f303k8_ioc/Main_app/Src/EKO_LIB" -I"E:/Pulpit/PCB/Plytki_chlodzenia_SOFTWARE/Cooling_left/stm_f303k8_ioc/Main_app/Src/MY_LIB" -I../Core/Inc -I../Drivers/STM32F3xx_HAL_Driver/Inc -I../Drivers/STM32F3xx_HAL_Driver/Inc/Legacy -I../Drivers/CMSIS/Device/ST/STM32F3xx/Include -I../Drivers/CMSIS/Include -O0 -ffunction-sections -fdata-sections -Wall -fstack-usage -fcyclomatic-complexity -MMD -MP -MF"Core/Src/main.d" -MT"Core/Src/main.o" --specs=nano.specs -mfpu=fpv4-sp-d16 -mfloat-abi=hard -mthumb -o "Core/Src/main.o"
../Main_app/Src/MY_LIB/MY_driver_i2c.c: In function 'AM2320_StateMachine':
../Main_app/Src/MY_LIB/MY_driver_i2c.c:153:5: warning: enumeration value 'AM2320_IDLE' not handled in switch [-Wswitch]
  153 |     switch (am2320State)
      |     ^~~~~~
../Main_app/Src/cooler_left_app.c: In function 'COOLER_app':
../Main_app/Src/cooler_left_app.c:117:27: warning: enumeration value 'CAN_FRAME_BMS_TEMP_1' not handled in switch [-Wswitch]
  117 |                           switch(msg.name)
      |                           ^~~~~~
../Main_app/Src/cooler_left_app.c:117:27: warning: enumeration value 'CAN_FRAME_BMS_TEMP_2' not handled in switch [-Wswitch]
../Main_app/Src/cooler_left_app.c:117:27: warning: enumeration value 'CAN_FRAME_BMS_TEMP_3' not handled in switch [-Wswitch]
../Main_app/Src/cooler_left_app.c:117:27: warning: enumeration value 'CAN_FRAME_BMS_TEMP_4' not handled in switch [-Wswitch]
../Main_app/Src/cooler_left_app.c:117:27: warning: enumeration value 'CAN_FRAME_BMS_TEMP_5' not handled in switch [-Wswitch]
../Main_app/Src/cooler_left_app.c:117:27: warning: enumeration value 'CAN_FRAME_BMS_TEMP_6' not handled in switch [-Wswitch]
../Main_app/Src/cooler_left_app.c:117:27: warning: enumeration value 'CAN_FRAME_BMS_TEMP_7' not handled in switch [-Wswitch]
../Main_app/Src/cooler_left_app.c:117:27: warning: enumeration value 'CAN_FRAME_BMS_TEMP_8' not handled in switch [-Wswitch]
../Main_app/Src/cooler_left_app.c:117:27: warning: enumeration value 'CAN_FRAME_BMS_TEMP_9' not handled in switch [-Wswitch]
../Main_app/Src/cooler_left_app.c:117:27: warning: enumeration value 'CAN_FRAME_SET_SERVOS_ENGINE' not handled in switch [-Wswitch]
../Main_app/Src/cooler_left_app.c:117:27: warning: enumeration value 'CAN_FRAME_SAFE_STATE' not handled in switch [-Wswitch]
../Main_app/Src/cooler_left_app.c:117:27: warning: enumeration value 'CAN_FRAME_BATTERY_SET_FAN' not handled in switch [-Wswitch]
../Main_app/Src/cooler_left_app.c:117:27: warning: enumeration value 'CAN_FRAME_UNKNOWN' not handled in switch [-Wswitch]
arm-none-eabi-gcc -o "stm_f303k8_ioc.elf" @"objects.list"   -mcpu=cortex-m4 -T"E:\Pulpit\PCB\Plytki_chlodzenia_SOFTWARE\Cooling_left\stm_f303k8_ioc\STM32F303K8TX_FLASH.ld" --specs=nosys.specs -Wl,-Map="stm_f303k8_ioc.map" -Wl,--gc-sections -static --specs=nano.specs -mfpu=fpv4-sp-d16 -mfloat-abi=hard -mthumb -Wl,--start-group -lc -lm -Wl,--end-group
Finished building target: stm_f303k8_ioc.elf
 
arm-none-eabi-size  stm_f303k8_ioc.elf 
arm-none-eabi-objdump -h -S stm_f303k8_ioc.elf  > "stm_f303k8_ioc.list"
   text	   data	    bss	    dec	    hex	filename
  34840	     12	   5064	  39916	   9bec	stm_f303k8_ioc.elf
Finished building: default.size.stdout
 
Finished building: stm_f303k8_ioc.list
 
